TByteObjectHashMap.java,gnu.trove.map.hash.TByteObjectHashMap,org.pitest.mutationtest.engine.gregor.mutators.ConstructorCallMutator,<init>,60,KILLED,gnu.trove.map.hash.TByteObjectHashMap_ESTest.test35
TByteObjectHashMap.java,gnu.trove.map.hash.TByteObjectHashMap,org.pitest.mutationtest.engine.gregor.mutators.experimental.MemberVariableMutator,<init>,60,KILLED,gnu.trove.map.hash.TByteObjectHashMap_ESTest.test35
TByteObjectHashMap.java,gnu.trove.map.hash.TByteObjectHashMap,org.pitest.mutationtest.engine.gregor.mutators.ConstructorCallMutator,<init>,60,SURVIVED,none
TByteObjectHashMap.java,gnu.trove.map.hash.TByteObjectHashMap,org.pitest.mutationtest.engine.gregor.mutators.experimental.MemberVariableMutator,<init>,60,SURVIVED,none
TByteObjectHashMap.java,gnu.trove.map.hash.TByteObjectHashMap,org.pitest.mutationtest.engine.gregor.mutators.experimental.MemberVariableMutator,<init>,92,SURVIVED,none
TByteObjectHashMap.java,gnu.trove.map.hash.TByteObjectHashMap,org.pitest.mutationtest.engine.gregor.mutators.ConstructorCallMutator,<init>,60,SURVIVED,none
TByteObjectHashMap.java,gnu.trove.map.hash.TByteObjectHashMap,org.pitest.mutationtest.engine.gregor.mutators.experimental.MemberVariableMutator,<init>,60,SURVIVED,none
TByteObjectHashMap.java,gnu.trove.map.hash.TByteObjectHashMap,org.pitest.mutationtest.engine.gregor.mutators.experimental.MemberVariableMutator,<init>,106,SURVIVED,none
TByteObjectHashMap.java,gnu.trove.map.hash.TByteObjectHashMap,org.pitest.mutationtest.engine.gregor.mutators.ConstructorCallMutator,<init>,60,KILLED,gnu.trove.map.hash.TByteObjectHashMap_ESTest.test59
TByteObjectHashMap.java,gnu.trove.map.hash.TByteObjectHashMap,org.pitest.mutationtest.engine.gregor.mutators.experimental.MemberVariableMutator,<init>,60,KILLED,gnu.trove.map.hash.TByteObjectHashMap_ESTest.test59
TByteObjectHashMap.java,gnu.trove.map.hash.TByteObjectHashMap,org.pitest.mutationtest.engine.gregor.mutators.experimental.MemberVariableMutator,<init>,121,KILLED,gnu.trove.map.hash.TByteObjectHashMap_ESTest.test47
TByteObjectHashMap.java,gnu.trove.map.hash.TByteObjectHashMap,org.pitest.mutationtest.engine.gregor.mutators.InlineConstantMutator,<init>,132,SURVIVED,none
TByteObjectHashMap.java,gnu.trove.map.hash.TByteObjectHashMap,org.pitest.mutationtest.engine.gregor.mutators.NonVoidMethodCallMutator,<init>,132,SURVIVED,none
TByteObjectHashMap.java,gnu.trove.map.hash.TByteObjectHashMap,org.pitest.mutationtest.engine.gregor.mutators.NonVoidMethodCallMutator,<init>,132,SURVIVED,none
TByteObjectHashMap.java,gnu.trove.map.hash.TByteObjectHashMap,org.pitest.mutationtest.engine.gregor.mutators.VoidMethodCallMutator,<init>,133,SURVIVED,none
TByteObjectHashMap.java,gnu.trove.map.hash.TByteObjectHashMap,org.pitest.mutationtest.engine.gregor.mutators.InlineConstantMutator,clear,294,SURVIVED,none
TByteObjectHashMap.java,gnu.trove.map.hash.TByteObjectHashMap,org.pitest.mutationtest.engine.gregor.mutators.InlineConstantMutator,clear,295,SURVIVED,none
TByteObjectHashMap.java,gnu.trove.map.hash.TByteObjectHashMap,org.pitest.mutationtest.engine.gregor.mutators.InlineConstantMutator,clear,295,SURVIVED,none
TByteObjectHashMap.java,gnu.trove.map.hash.TByteObjectHashMap,org.pitest.mutationtest.engine.gregor.mutators.InlineConstantMutator,clear,296,SURVIVED,none
TByteObjectHashMap.java,gnu.trove.map.hash.TByteObjectHashMap,org.pitest.mutationtest.engine.gregor.mutators.VoidMethodCallMutator,clear,293,SURVIVED,none
TByteObjectHashMap.java,gnu.trove.map.hash.TByteObjectHashMap,org.pitest.mutationtest.engine.gregor.mutators.VoidMethodCallMutator,clear,294,SURVIVED,none
TByteObjectHashMap.java,gnu.trove.map.hash.TByteObjectHashMap,org.pitest.mutationtest.engine.gregor.mutators.VoidMethodCallMutator,clear,295,SURVIVED,none
TByteObjectHashMap.java,gnu.trove.map.hash.TByteObjectHashMap,org.pitest.mutationtest.engine.gregor.mutators.VoidMethodCallMutator,clear,296,SURVIVED,none
TByteObjectHashMap.java,gnu.trove.map.hash.TByteObjectHashMap,org.pitest.mutationtest.engine.gregor.mutators.BooleanFalseReturnValsMutator,containsKey,181,KILLED,gnu.trove.map.hash.TByteObjectHashMap_ESTest.test18
TByteObjectHashMap.java,gnu.trove.map.hash.TByteObjectHashMap,org.pitest.mutationtest.engine.gregor.mutators.BooleanTrueReturnValsMutator,containsKey,181,KILLED,gnu.trove.map.hash.TByteObjectHashMap_ESTest.test17
TByteObjectHashMap.java,gnu.trove.map.hash.TByteObjectHashMap,org.pitest.mutationtest.engine.gregor.mutators.NonVoidMethodCallMutator,containsKey,181,KILLED,gnu.trove.map.hash.TByteObjectHashMap_ESTest.test18
TByteObjectHashMap.java,gnu.trove.map.hash.TByteObjectHashMap,org.pitest.mutationtest.engine.gregor.mutators.ReturnValsMutator,containsKey,181,KILLED,gnu.trove.map.hash.TByteObjectHashMap_ESTest.test18
TByteObjectHashMap.java,gnu.trove.map.hash.TByteObjectHashMap,org.pitest.mutationtest.engine.gregor.mutators.BooleanFalseReturnValsMutator,containsValue,195,NO_COVERAGE,none
TByteObjectHashMap.java,gnu.trove.map.hash.TByteObjectHashMap,org.pitest.mutationtest.engine.gregor.mutators.BooleanFalseReturnValsMutator,containsValue,202,KILLED,gnu.trove.map.hash.TByteObjectHashMap_ESTest.test39
TByteObjectHashMap.java,gnu.trove.map.hash.TByteObjectHashMap,org.pitest.mutationtest.engine.gregor.mutators.BooleanTrueReturnValsMutator,containsValue,206,KILLED,gnu.trove.map.hash.TByteObjectHashMap_ESTest.test57
TByteObjectHashMap.java,gnu.trove.map.hash.TByteObjectHashMap,org.pitest.mutationtest.engine.gregor.mutators.ConditionalsBoundaryMutator,containsValue,193,KILLED,gnu.trove.map.hash.TByteObjectHashMap_ESTest.test41
TByteObjectHashMap.java,gnu.trove.map.hash.TByteObjectHashMap,org.pitest.mutationtest.engine.gregor.mutators.ConditionalsBoundaryMutator,containsValue,199,KILLED,gnu.trove.map.hash.TByteObjectHashMap_ESTest.test57
TByteObjectHashMap.java,gnu.trove.map.hash.TByteObjectHashMap,org.pitest.mutationtest.engine.gregor.mutators.IncrementsMutator,containsValue,193,KILLED,gnu.trove.map.hash.TByteObjectHashMap_ESTest.test41
TByteObjectHashMap.java,gnu.trove.map.hash.TByteObjectHashMap,org.pitest.mutationtest.engine.gregor.mutators.IncrementsMutator,containsValue,199,KILLED,gnu.trove.map.hash.TByteObjectHashMap_ESTest.test57
TByteObjectHashMap.java,gnu.trove.map.hash.TByteObjectHashMap,org.pitest.mutationtest.engine.gregor.mutators.InlineConstantMutator,containsValue,194,KILLED,gnu.trove.map.hash.TByteObjectHashMap_ESTest.test41
TByteObjectHashMap.java,gnu.trove.map.hash.TByteObjectHashMap,org.pitest.mutationtest.engine.gregor.mutators.InlineConstantMutator,containsValue,195,NO_COVERAGE,none
TByteObjectHashMap.java,gnu.trove.map.hash.TByteObjectHashMap,org.pitest.mutationtest.engine.gregor.mutators.InlineConstantMutator,containsValue,200,KILLED,gnu.trove.map.hash.TByteObjectHashMap_ESTest.test39
TByteObjectHashMap.java,gnu.trove.map.hash.TByteObjectHashMap,org.pitest.mutationtest.engine.gregor.mutators.InlineConstantMutator,containsValue,202,KILLED,gnu.trove.map.hash.TByteObjectHashMap_ESTest.test39
TByteObjectHashMap.java,gnu.trove.map.hash.TByteObjectHashMap,org.pitest.mutationtest.engine.gregor.mutators.InlineConstantMutator,containsValue,206,KILLED,gnu.trove.map.hash.TByteObjectHashMap_ESTest.test57
TByteObjectHashMap.java,gnu.trove.map.hash.TByteObjectHashMap,org.pitest.mutationtest.engine.gregor.mutators.NegateConditionalsMutator,containsValue,192,KILLED,gnu.trove.map.hash.TByteObjectHashMap_ESTest.test39
TByteObjectHashMap.java,gnu.trove.map.hash.TByteObjectHashMap,org.pitest.mutationtest.engine.gregor.mutators.NegateConditionalsMutator,containsValue,193,SURVIVED,none
TByteObjectHashMap.java,gnu.trove.map.hash.TByteObjectHashMap,org.pitest.mutationtest.engine.gregor.mutators.NegateConditionalsMutator,containsValue,194,KILLED,gnu.trove.map.hash.TByteObjectHashMap_ESTest.test41
TByteObjectHashMap.java,gnu.trove.map.hash.TByteObjectHashMap,org.pitest.mutationtest.engine.gregor.mutators.NegateConditionalsMutator,containsValue,194,SURVIVED,none
TByteObjectHashMap.java,gnu.trove.map.hash.TByteObjectHashMap,org.pitest.mutationtest.engine.gregor.mutators.NegateConditionalsMutator,containsValue,199,KILLED,gnu.trove.map.hash.TByteObjectHashMap_ESTest.test39
TByteObjectHashMap.java,gnu.trove.map.hash.TByteObjectHashMap,org.pitest.mutationtest.engine.gregor.mutators.NegateConditionalsMutator,containsValue,200,KILLED,gnu.trove.map.hash.TByteObjectHashMap_ESTest.test39
TByteObjectHashMap.java,gnu.trove.map.hash.TByteObjectHashMap,org.pitest.mutationtest.engine.gregor.mutators.NegateConditionalsMutator,containsValue,200,KILLED,gnu.trove.map.hash.TByteObjectHashMap_ESTest.test40
TByteObjectHashMap.java,gnu.trove.map.hash.TByteObjectHashMap,org.pitest.mutationtest.engine.gregor.mutators.NegateConditionalsMutator,containsValue,200,KILLED,gnu.trove.map.hash.TByteObjectHashMap_ESTest.test39
TByteObjectHashMap.java,gnu.trove.map.hash.TByteObjectHashMap,org.pitest.mutationtest.engine.gregor.mutators.NonVoidMethodCallMutator,containsValue,200,KILLED,gnu.trove.map.hash.TByteObjectHashMap_ESTest.test39
TByteObjectHashMap.java,gnu.trove.map.hash.TByteObjectHashMap,org.pitest.mutationtest.engine.gregor.mutators.RemoveConditionalMutator_EQUAL_ELSE,containsValue,192,SURVIVED,none
TByteObjectHashMap.java,gnu.trove.map.hash.TByteObjectHashMap,org.pitest.mutationtest.engine.gregor.mutators.RemoveConditionalMutator_EQUAL_ELSE,containsValue,194,SURVIVED,none
TByteObjectHashMap.java,gnu.trove.map.hash.TByteObjectHashMap,org.pitest.mutationtest.engine.gregor.mutators.RemoveConditionalMutator_EQUAL_ELSE,containsValue,194,SURVIVED,none
TByteObjectHashMap.java,gnu.trove.map.hash.TByteObjectHashMap,org.pitest.mutationtest.engine.gregor.mutators.RemoveConditionalMutator_EQUAL_ELSE,containsValue,200,KILLED,gnu.trove.map.hash.TByteObjectHashMap_ESTest.test39
TByteObjectHashMap.java,gnu.trove.map.hash.TByteObjectHashMap,org.pitest.mutationtest.engine.gregor.mutators.RemoveConditionalMutator_EQUAL_ELSE,containsValue,200,KILLED,gnu.trove.map.hash.TByteObjectHashMap_ESTest.test40
TByteObjectHashMap.java,gnu.trove.map.hash.TByteObjectHashMap,org.pitest.mutationtest.engine.gregor.mutators.RemoveConditionalMutator_EQUAL_ELSE,containsValue,200,KILLED,gnu.trove.map.hash.TByteObjectHashMap_ESTest.test39
TByteObjectHashMap.java,gnu.trove.map.hash.TByteObjectHashMap,org.pitest.mutationtest.engine.gregor.mutators.RemoveConditionalMutator_EQUAL_IF,containsValue,192,KILLED,gnu.trove.map.hash.TByteObjectHashMap_ESTest.test39
TByteObjectHashMap.java,gnu.trove.map.hash.TByteObjectHashMap,org.pitest.mutationtest.engine.gregor.mutators.RemoveConditionalMutator_EQUAL_IF,containsValue,194,KILLED,gnu.trove.map.hash.TByteObjectHashMap_ESTest.test41
TByteObjectHashMap.java,gnu.trove.map.hash.TByteObjectHashMap,org.pitest.mutationtest.engine.gregor.mutators.RemoveConditionalMutator_EQUAL_IF,containsValue,194,SURVIVED,none
TByteObjectHashMap.java,gnu.trove.map.hash.TByteObjectHashMap,org.pitest.mutationtest.engine.gregor.mutators.RemoveConditionalMutator_EQUAL_IF,containsValue,200,SURVIVED,none
TByteObjectHashMap.java,gnu.trove.map.hash.TByteObjectHashMap,org.pitest.mutationtest.engine.gregor.mutators.RemoveConditionalMutator_EQUAL_IF,containsValue,200,SURVIVED,none
TByteObjectHashMap.java,gnu.trove.map.hash.TByteObjectHashMap,org.pitest.mutationtest.engine.gregor.mutators.RemoveConditionalMutator_EQUAL_IF,containsValue,200,KILLED,gnu.trove.map.hash.TByteObjectHashMap_ESTest.test40
TByteObjectHashMap.java,gnu.trove.map.hash.TByteObjectHashMap,org.pitest.mutationtest.engine.gregor.mutators.RemoveConditionalMutator_ORDER_ELSE,containsValue,193,SURVIVED,none
TByteObjectHashMap.java,gnu.trove.map.hash.TByteObjectHashMap,org.pitest.mutationtest.engine.gregor.mutators.RemoveConditionalMutator_ORDER_ELSE,containsValue,199,KILLED,gnu.trove.map.hash.TByteObjectHashMap_ESTest.test39
TByteObjectHashMap.java,gnu.trove.map.hash.TByteObjectHashMap,org.pitest.mutationtest.engine.gregor.mutators.RemoveConditionalMutator_ORDER_IF,containsValue,193,KILLED,gnu.trove.map.hash.TByteObjectHashMap_ESTest.test41
TByteObjectHashMap.java,gnu.trove.map.hash.TByteObjectHashMap,org.pitest.mutationtest.engine.gregor.mutators.RemoveConditionalMutator_ORDER_IF,containsValue,199,KILLED,gnu.trove.map.hash.TByteObjectHashMap_ESTest.test57
TByteObjectHashMap.java,gnu.trove.map.hash.TByteObjectHashMap,org.pitest.mutationtest.engine.gregor.mutators.ReturnValsMutator,containsValue,195,NO_COVERAGE,none
TByteObjectHashMap.java,gnu.trove.map.hash.TByteObjectHashMap,org.pitest.mutationtest.engine.gregor.mutators.ReturnValsMutator,containsValue,202,KILLED,gnu.trove.map.hash.TByteObjectHashMap_ESTest.test39
TByteObjectHashMap.java,gnu.trove.map.hash.TByteObjectHashMap,org.pitest.mutationtest.engine.gregor.mutators.ReturnValsMutator,containsValue,206,KILLED,gnu.trove.map.hash.TByteObjectHashMap_ESTest.test57
TByteObjectHashMap.java,gnu.trove.map.hash.TByteObjectHashMap,org.pitest.mutationtest.engine.gregor.mutators.experimental.RemoveIncrementsMutator,containsValue,193,KILLED,gnu.trove.map.hash.TByteObjectHashMap_ESTest.test41
TByteObjectHashMap.java,gnu.trove.map.hash.TByteObjectHashMap,org.pitest.mutationtest.engine.gregor.mutators.experimental.RemoveIncrementsMutator,containsValue,199,KILLED,gnu.trove.map.hash.TByteObjectHashMap_ESTest.test57
TByteObjectHashMap.java,gnu.trove.map.hash.TByteObjectHashMap,org.pitest.mutationtest.engine.gregor.mutators.ConditionalsBoundaryMutator,doPut,239,KILLED,gnu.trove.map.hash.TByteObjectHashMap_ESTest.test23
TByteObjectHashMap.java,gnu.trove.map.hash.TByteObjectHashMap,org.pitest.mutationtest.engine.gregor.mutators.InlineConstantMutator,doPut,238,KILLED,gnu.trove.map.hash.TByteObjectHashMap_ESTest.test60
TByteObjectHashMap.java,gnu.trove.map.hash.TByteObjectHashMap,org.pitest.mutationtest.engine.gregor.mutators.InlineConstantMutator,doPut,240,SURVIVED,none
TByteObjectHashMap.java,gnu.trove.map.hash.TByteObjectHashMap,org.pitest.mutationtest.engine.gregor.mutators.InlineConstantMutator,doPut,242,SURVIVED,none
TByteObjectHashMap.java,gnu.trove.map.hash.TByteObjectHashMap,org.pitest.mutationtest.engine.gregor.mutators.InvertNegsMutator,doPut,240,KILLED,gnu.trove.map.hash.TByteObjectHashMap_ESTest.test35
TByteObjectHashMap.java,gnu.trove.map.hash.TByteObjectHashMap,org.pitest.mutationtest.engine.gregor.mutators.MathMutator,doPut,240,SURVIVED,none
TByteObjectHashMap.java,gnu.trove.map.hash.TByteObjectHashMap,org.pitest.mutationtest.engine.gregor.mutators.NegateConditionalsMutator,doPut,239,KILLED,gnu.trove.map.hash.TByteObjectHashMap_ESTest.test60
TByteObjectHashMap.java,gnu.trove.map.hash.TByteObjectHashMap,org.pitest.mutationtest.engine.gregor.mutators.NegateConditionalsMutator,doPut,247,KILLED,gnu.trove.map.hash.TByteObjectHashMap_ESTest.test60
TByteObjectHashMap.java,gnu.trove.map.hash.TByteObjectHashMap,org.pitest.mutationtest.engine.gregor.mutators.NullReturnValsMutator,doPut,251,SURVIVED,none
TByteObjectHashMap.java,gnu.trove.map.hash.TByteObjectHashMap,org.pitest.mutationtest.engine.gregor.mutators.RemoveConditionalMutator_EQUAL_ELSE,doPut,247,KILLED,gnu.trove.map.hash.TByteObjectHashMap_ESTest.test60
TByteObjectHashMap.java,gnu.trove.map.hash.TByteObjectHashMap,org.pitest.mutationtest.engine.gregor.mutators.RemoveConditionalMutator_EQUAL_IF,doPut,247,SURVIVED,none
TByteObjectHashMap.java,gnu.trove.map.hash.TByteObjectHashMap,org.pitest.mutationtest.engine.gregor.mutators.RemoveConditionalMutator_ORDER_ELSE,doPut,239,KILLED,gnu.trove.map.hash.TByteObjectHashMap_ESTest.test35
TByteObjectHashMap.java,gnu.trove.map.hash.TByteObjectHashMap,org.pitest.mutationtest.engine.gregor.mutators.RemoveConditionalMutator_ORDER_IF,doPut,239,KILLED,gnu.trove.map.hash.TByteObjectHashMap_ESTest.test60
TByteObjectHashMap.java,gnu.trove.map.hash.TByteObjectHashMap,org.pitest.mutationtest.engine.gregor.mutators.ReturnValsMutator,doPut,251,KILLED,gnu.trove.map.hash.TByteObjectHashMap_ESTest.test60
TByteObjectHashMap.java,gnu.trove.map.hash.TByteObjectHashMap,org.pitest.mutationtest.engine.gregor.mutators.VoidMethodCallMutator,doPut,248,KILLED,gnu.trove.map.hash.TByteObjectHashMap_ESTest.test60
TByteObjectHashMap.java,gnu.trove.map.hash.TByteObjectHashMap,org.pitest.mutationtest.engine.gregor.mutators.BooleanFalseReturnValsMutator,equals,493,KILLED,gnu.trove.map.hash.TByteObjectHashMap_ESTest.test24
TByteObjectHashMap.java,gnu.trove.map.hash.TByteObjectHashMap,org.pitest.mutationtest.engine.gregor.mutators.BooleanTrueReturnValsMutator,equals,468,KILLED,gnu.trove.map.hash.TByteObjectHashMap_ESTest.test40
TByteObjectHashMap.java,gnu.trove.map.hash.TByteObjectHashMap,org.pitest.mutationtest.engine.gregor.mutators.BooleanTrueReturnValsMutator,equals,472,KILLED,gnu.trove.map.hash.TByteObjectHashMap_ESTest.test23
TByteObjectHashMap.java,gnu.trove.map.hash.TByteObjectHashMap,org.pitest.mutationtest.engine.gregor.mutators.BooleanTrueReturnValsMutator,equals,482,NO_COVERAGE,none
TByteObjectHashMap.java,gnu.trove.map.hash.TByteObjectHashMap,org.pitest.mutationtest.engine.gregor.mutators.BooleanTrueReturnValsMutator,equals,486,NO_COVERAGE,none
TByteObjectHashMap.java,gnu.trove.map.hash.TByteObjectHashMap,org.pitest.mutationtest.engine.gregor.mutators.InlineConstantMutator,equals,468,KILLED,gnu.trove.map.hash.TByteObjectHashMap_ESTest.test40
TByteObjectHashMap.java,gnu.trove.map.hash.TByteObjectHashMap,org.pitest.mutationtest.engine.gregor.mutators.InlineConstantMutator,equals,472,KILLED,gnu.trove.map.hash.TByteObjectHashMap_ESTest.test23
TByteObjectHashMap.java,gnu.trove.map.hash.TByteObjectHashMap,org.pitest.mutationtest.engine.gregor.mutators.InlineConstantMutator,equals,482,NO_COVERAGE,none
TByteObjectHashMap.java,gnu.trove.map.hash.TByteObjectHashMap,org.pitest.mutationtest.engine.gregor.mutators.InlineConstantMutator,equals,486,NO_COVERAGE,none
TByteObjectHashMap.java,gnu.trove.map.hash.TByteObjectHashMap,org.pitest.mutationtest.engine.gregor.mutators.InlineConstantMutator,equals,493,KILLED,gnu.trove.map.hash.TByteObjectHashMap_ESTest.test24
TByteObjectHashMap.java,gnu.trove.map.hash.TByteObjectHashMap,org.pitest.mutationtest.engine.gregor.mutators.NegateConditionalsMutator,equals,467,KILLED,gnu.trove.map.hash.TByteObjectHashMap_ESTest.test24
TByteObjectHashMap.java,gnu.trove.map.hash.TByteObjectHashMap,org.pitest.mutationtest.engine.gregor.mutators.NegateConditionalsMutator,equals,471,KILLED,gnu.trove.map.hash.TByteObjectHashMap_ESTest.test23
TByteObjectHashMap.java,gnu.trove.map.hash.TByteObjectHashMap,org.pitest.mutationtest.engine.gregor.mutators.NegateConditionalsMutator,equals,476,KILLED,gnu.trove.map.hash.TByteObjectHashMap_ESTest.test24
TByteObjectHashMap.java,gnu.trove.map.hash.TByteObjectHashMap,org.pitest.mutationtest.engine.gregor.mutators.NegateConditionalsMutator,equals,480,NO_COVERAGE,none
TByteObjectHashMap.java,gnu.trove.map.hash.TByteObjectHashMap,org.pitest.mutationtest.engine.gregor.mutators.NegateConditionalsMutator,equals,481,NO_COVERAGE,none
TByteObjectHashMap.java,gnu.trove.map.hash.TByteObjectHashMap,org.pitest.mutationtest.engine.gregor.mutators.NegateConditionalsMutator,equals,481,NO_COVERAGE,none
TByteObjectHashMap.java,gnu.trove.map.hash.TByteObjectHashMap,org.pitest.mutationtest.engine.gregor.mutators.NegateConditionalsMutator,equals,485,NO_COVERAGE,none
TByteObjectHashMap.java,gnu.trove.map.hash.TByteObjectHashMap,org.pitest.mutationtest.engine.gregor.mutators.NonVoidMethodCallMutator,equals,471,KILLED,gnu.trove.map.hash.TByteObjectHashMap_ESTest.test23
TByteObjectHashMap.java,gnu.trove.map.hash.TByteObjectHashMap,org.pitest.mutationtest.engine.gregor.mutators.NonVoidMethodCallMutator,equals,471,SURVIVED,none
TByteObjectHashMap.java,gnu.trove.map.hash.TByteObjectHashMap,org.pitest.mutationtest.engine.gregor.mutators.NonVoidMethodCallMutator,equals,475,KILLED,gnu.trove.map.hash.TByteObjectHashMap_ESTest.test24
TByteObjectHashMap.java,gnu.trove.map.hash.TByteObjectHashMap,org.pitest.mutationtest.engine.gregor.mutators.NonVoidMethodCallMutator,equals,476,SURVIVED,none
TByteObjectHashMap.java,gnu.trove.map.hash.TByteObjectHashMap,org.pitest.mutationtest.engine.gregor.mutators.NonVoidMethodCallMutator,equals,478,NO_COVERAGE,none
TByteObjectHashMap.java,gnu.trove.map.hash.TByteObjectHashMap,org.pitest.mutationtest.engine.gregor.mutators.NonVoidMethodCallMutator,equals,479,NO_COVERAGE,none
TByteObjectHashMap.java,gnu.trove.map.hash.TByteObjectHashMap,org.pitest.mutationtest.engine.gregor.mutators.NonVoidMethodCallMutator,equals,481,NO_COVERAGE,none
TByteObjectHashMap.java,gnu.trove.map.hash.TByteObjectHashMap,org.pitest.mutationtest.engine.gregor.mutators.NonVoidMethodCallMutator,equals,481,NO_COVERAGE,none
TByteObjectHashMap.java,gnu.trove.map.hash.TByteObjectHashMap,org.pitest.mutationtest.engine.gregor.mutators.NonVoidMethodCallMutator,equals,485,NO_COVERAGE,none
TByteObjectHashMap.java,gnu.trove.map.hash.TByteObjectHashMap,org.pitest.mutationtest.engine.gregor.mutators.NonVoidMethodCallMutator,equals,485,NO_COVERAGE,none
TByteObjectHashMap.java,gnu.trove.map.hash.TByteObjectHashMap,org.pitest.mutationtest.engine.gregor.mutators.RemoveConditionalMutator_EQUAL_ELSE,equals,467,KILLED,gnu.trove.map.hash.TByteObjectHashMap_ESTest.test40
TByteObjectHashMap.java,gnu.trove.map.hash.TByteObjectHashMap,org.pitest.mutationtest.engine.gregor.mutators.RemoveConditionalMutator_EQUAL_ELSE,equals,471,KILLED,gnu.trove.map.hash.TByteObjectHashMap_ESTest.test23
TByteObjectHashMap.java,gnu.trove.map.hash.TByteObjectHashMap,org.pitest.mutationtest.engine.gregor.mutators.RemoveConditionalMutator_EQUAL_ELSE,equals,476,SURVIVED,none
TByteObjectHashMap.java,gnu.trove.map.hash.TByteObjectHashMap,org.pitest.mutationtest.engine.gregor.mutators.RemoveConditionalMutator_EQUAL_ELSE,equals,480,NO_COVERAGE,none
TByteObjectHashMap.java,gnu.trove.map.hash.TByteObjectHashMap,org.pitest.mutationtest.engine.gregor.mutators.RemoveConditionalMutator_EQUAL_ELSE,equals,481,NO_COVERAGE,none
TByteObjectHashMap.java,gnu.trove.map.hash.TByteObjectHashMap,org.pitest.mutationtest.engine.gregor.mutators.RemoveConditionalMutator_EQUAL_ELSE,equals,481,NO_COVERAGE,none
TByteObjectHashMap.java,gnu.trove.map.hash.TByteObjectHashMap,org.pitest.mutationtest.engine.gregor.mutators.RemoveConditionalMutator_EQUAL_ELSE,equals,485,NO_COVERAGE,none
TByteObjectHashMap.java,gnu.trove.map.hash.TByteObjectHashMap,org.pitest.mutationtest.engine.gregor.mutators.RemoveConditionalMutator_EQUAL_IF,equals,467,KILLED,gnu.trove.map.hash.TByteObjectHashMap_ESTest.test24
TByteObjectHashMap.java,gnu.trove.map.hash.TByteObjectHashMap,org.pitest.mutationtest.engine.gregor.mutators.RemoveConditionalMutator_EQUAL_IF,equals,471,KILLED,gnu.trove.map.hash.TByteObjectHashMap_ESTest.test24
TByteObjectHashMap.java,gnu.trove.map.hash.TByteObjectHashMap,org.pitest.mutationtest.engine.gregor.mutators.RemoveConditionalMutator_EQUAL_IF,equals,476,KILLED,gnu.trove.map.hash.TByteObjectHashMap_ESTest.test24
TByteObjectHashMap.java,gnu.trove.map.hash.TByteObjectHashMap,org.pitest.mutationtest.engine.gregor.mutators.RemoveConditionalMutator_EQUAL_IF,equals,480,NO_COVERAGE,none
TByteObjectHashMap.java,gnu.trove.map.hash.TByteObjectHashMap,org.pitest.mutationtest.engine.gregor.mutators.RemoveConditionalMutator_EQUAL_IF,equals,481,NO_COVERAGE,none
TByteObjectHashMap.java,gnu.trove.map.hash.TByteObjectHashMap,org.pitest.mutationtest.engine.gregor.mutators.RemoveConditionalMutator_EQUAL_IF,equals,481,NO_COVERAGE,none
TByteObjectHashMap.java,gnu.trove.map.hash.TByteObjectHashMap,org.pitest.mutationtest.engine.gregor.mutators.RemoveConditionalMutator_EQUAL_IF,equals,485,NO_COVERAGE,none
TByteObjectHashMap.java,gnu.trove.map.hash.TByteObjectHashMap,org.pitest.mutationtest.engine.gregor.mutators.ReturnValsMutator,equals,468,KILLED,gnu.trove.map.hash.TByteObjectHashMap_ESTest.test40
TByteObjectHashMap.java,gnu.trove.map.hash.TByteObjectHashMap,org.pitest.mutationtest.engine.gregor.mutators.ReturnValsMutator,equals,472,KILLED,gnu.trove.map.hash.TByteObjectHashMap_ESTest.test23
TByteObjectHashMap.java,gnu.trove.map.hash.TByteObjectHashMap,org.pitest.mutationtest.engine.gregor.mutators.ReturnValsMutator,equals,482,NO_COVERAGE,none
TByteObjectHashMap.java,gnu.trove.map.hash.TByteObjectHashMap,org.pitest.mutationtest.engine.gregor.mutators.ReturnValsMutator,equals,486,NO_COVERAGE,none
TByteObjectHashMap.java,gnu.trove.map.hash.TByteObjectHashMap,org.pitest.mutationtest.engine.gregor.mutators.ReturnValsMutator,equals,493,KILLED,gnu.trove.map.hash.TByteObjectHashMap_ESTest.test24
TByteObjectHashMap.java,gnu.trove.map.hash.TByteObjectHashMap,org.pitest.mutationtest.engine.gregor.mutators.VoidMethodCallMutator,equals,477,NO_COVERAGE,none
TByteObjectHashMap.java,gnu.trove.map.hash.TByteObjectHashMap,org.pitest.mutationtest.engine.gregor.mutators.BooleanFalseReturnValsMutator,forEachEntry,421,SURVIVED,none
TByteObjectHashMap.java,gnu.trove.map.hash.TByteObjectHashMap,org.pitest.mutationtest.engine.gregor.mutators.BooleanTrueReturnValsMutator,forEachEntry,418,KILLED,gnu.trove.map.hash.TByteObjectHashMap_ESTest.test27
TByteObjectHashMap.java,gnu.trove.map.hash.TByteObjectHashMap,org.pitest.mutationtest.engine.gregor.mutators.ConditionalsBoundaryMutator,forEachEntry,416,KILLED,gnu.trove.map.hash.TByteObjectHashMap_ESTest.test59
TByteObjectHashMap.java,gnu.trove.map.hash.TByteObjectHashMap,org.pitest.mutationtest.engine.gregor.mutators.IncrementsMutator,forEachEntry,416,KILLED,gnu.trove.map.hash.TByteObjectHashMap_ESTest.test59
TByteObjectHashMap.java,gnu.trove.map.hash.TByteObjectHashMap,org.pitest.mutationtest.engine.gregor.mutators.InlineConstantMutator,forEachEntry,417,KILLED,gnu.trove.map.hash.TByteObjectHashMap_ESTest.test00
TByteObjectHashMap.java,gnu.trove.map.hash.TByteObjectHashMap,org.pitest.mutationtest.engine.gregor.mutators.InlineConstantMutator,forEachEntry,418,KILLED,gnu.trove.map.hash.TByteObjectHashMap_ESTest.test27
TByteObjectHashMap.java,gnu.trove.map.hash.TByteObjectHashMap,org.pitest.mutationtest.engine.gregor.mutators.InlineConstantMutator,forEachEntry,421,SURVIVED,none
TByteObjectHashMap.java,gnu.trove.map.hash.TByteObjectHashMap,org.pitest.mutationtest.engine.gregor.mutators.NegateConditionalsMutator,forEachEntry,416,KILLED,gnu.trove.map.hash.TByteObjectHashMap_ESTest.test27
TByteObjectHashMap.java,gnu.trove.map.hash.TByteObjectHashMap,org.pitest.mutationtest.engine.gregor.mutators.NegateConditionalsMutator,forEachEntry,417,KILLED,gnu.trove.map.hash.TByteObjectHashMap_ESTest.test00
TByteObjectHashMap.java,gnu.trove.map.hash.TByteObjectHashMap,org.pitest.mutationtest.engine.gregor.mutators.NegateConditionalsMutator,forEachEntry,417,KILLED,gnu.trove.map.hash.TByteObjectHashMap_ESTest.test27
TByteObjectHashMap.java,gnu.trove.map.hash.TByteObjectHashMap,org.pitest.mutationtest.engine.gregor.mutators.NonVoidMethodCallMutator,forEachEntry,417,KILLED,gnu.trove.map.hash.TByteObjectHashMap_ESTest.test00
TByteObjectHashMap.java,gnu.trove.map.hash.TByteObjectHashMap,org.pitest.mutationtest.engine.gregor.mutators.RemoveConditionalMutator_EQUAL_ELSE,forEachEntry,417,KILLED,gnu.trove.map.hash.TByteObjectHashMap_ESTest.test27
TByteObjectHashMap.java,gnu.trove.map.hash.TByteObjectHashMap,org.pitest.mutationtest.engine.gregor.mutators.RemoveConditionalMutator_EQUAL_ELSE,forEachEntry,417,KILLED,gnu.trove.map.hash.TByteObjectHashMap_ESTest.test27
TByteObjectHashMap.java,gnu.trove.map.hash.TByteObjectHashMap,org.pitest.mutationtest.engine.gregor.mutators.RemoveConditionalMutator_EQUAL_IF,forEachEntry,417,KILLED,gnu.trove.map.hash.TByteObjectHashMap_ESTest.test00
TByteObjectHashMap.java,gnu.trove.map.hash.TByteObjectHashMap,org.pitest.mutationtest.engine.gregor.mutators.RemoveConditionalMutator_EQUAL_IF,forEachEntry,417,SURVIVED,none
TByteObjectHashMap.java,gnu.trove.map.hash.TByteObjectHashMap,org.pitest.mutationtest.engine.gregor.mutators.RemoveConditionalMutator_ORDER_ELSE,forEachEntry,416,KILLED,gnu.trove.map.hash.TByteObjectHashMap_ESTest.test27
TByteObjectHashMap.java,gnu.trove.map.hash.TByteObjectHashMap,org.pitest.mutationtest.engine.gregor.mutators.RemoveConditionalMutator_ORDER_IF,forEachEntry,416,KILLED,gnu.trove.map.hash.TByteObjectHashMap_ESTest.test59
TByteObjectHashMap.java,gnu.trove.map.hash.TByteObjectHashMap,org.pitest.mutationtest.engine.gregor.mutators.ReturnValsMutator,forEachEntry,418,KILLED,gnu.trove.map.hash.TByteObjectHashMap_ESTest.test27
TByteObjectHashMap.java,gnu.trove.map.hash.TByteObjectHashMap,org.pitest.mutationtest.engine.gregor.mutators.ReturnValsMutator,forEachEntry,421,SURVIVED,none
TByteObjectHashMap.java,gnu.trove.map.hash.TByteObjectHashMap,org.pitest.mutationtest.engine.gregor.mutators.experimental.RemoveIncrementsMutator,forEachEntry,416,KILLED,gnu.trove.map.hash.TByteObjectHashMap_ESTest.test59
TByteObjectHashMap.java,gnu.trove.map.hash.TByteObjectHashMap,org.pitest.mutationtest.engine.gregor.mutators.BooleanFalseReturnValsMutator,forEachKey,393,SURVIVED,none
TByteObjectHashMap.java,gnu.trove.map.hash.TByteObjectHashMap,org.pitest.mutationtest.engine.gregor.mutators.BooleanTrueReturnValsMutator,forEachKey,393,SURVIVED,none
TByteObjectHashMap.java,gnu.trove.map.hash.TByteObjectHashMap,org.pitest.mutationtest.engine.gregor.mutators.NonVoidMethodCallMutator,forEachKey,393,SURVIVED,none
TByteObjectHashMap.java,gnu.trove.map.hash.TByteObjectHashMap,org.pitest.mutationtest.engine.gregor.mutators.ReturnValsMutator,forEachKey,393,SURVIVED,none
TByteObjectHashMap.java,gnu.trove.map.hash.TByteObjectHashMap,org.pitest.mutationtest.engine.gregor.mutators.BooleanFalseReturnValsMutator,forEachValue,406,KILLED,gnu.trove.map.hash.TByteObjectHashMap_ESTest.test28
TByteObjectHashMap.java,gnu.trove.map.hash.TByteObjectHashMap,org.pitest.mutationtest.engine.gregor.mutators.BooleanTrueReturnValsMutator,forEachValue,403,NO_COVERAGE,none
TByteObjectHashMap.java,gnu.trove.map.hash.TByteObjectHashMap,org.pitest.mutationtest.engine.gregor.mutators.ConditionalsBoundaryMutator,forEachValue,401,KILLED,gnu.trove.map.hash.TByteObjectHashMap_ESTest.test28
TByteObjectHashMap.java,gnu.trove.map.hash.TByteObjectHashMap,org.pitest.mutationtest.engine.gregor.mutators.IncrementsMutator,forEachValue,401,KILLED,gnu.trove.map.hash.TByteObjectHashMap_ESTest.test28
TByteObjectHashMap.java,gnu.trove.map.hash.TByteObjectHashMap,org.pitest.mutationtest.engine.gregor.mutators.InlineConstantMutator,forEachValue,402,KILLED,gnu.trove.map.hash.TByteObjectHashMap_ESTest.test28
TByteObjectHashMap.java,gnu.trove.map.hash.TByteObjectHashMap,org.pitest.mutationtest.engine.gregor.mutators.InlineConstantMutator,forEachValue,403,NO_COVERAGE,none
TByteObjectHashMap.java,gnu.trove.map.hash.TByteObjectHashMap,org.pitest.mutationtest.engine.gregor.mutators.InlineConstantMutator,forEachValue,406,KILLED,gnu.trove.map.hash.TByteObjectHashMap_ESTest.test28
TByteObjectHashMap.java,gnu.trove.map.hash.TByteObjectHashMap,org.pitest.mutationtest.engine.gregor.mutators.NegateConditionalsMutator,forEachValue,401,SURVIVED,none
TByteObjectHashMap.java,gnu.trove.map.hash.TByteObjectHashMap,org.pitest.mutationtest.engine.gregor.mutators.NegateConditionalsMutator,forEachValue,402,KILLED,gnu.trove.map.hash.TByteObjectHashMap_ESTest.test28
TByteObjectHashMap.java,gnu.trove.map.hash.TByteObjectHashMap,org.pitest.mutationtest.engine.gregor.mutators.NegateConditionalsMutator,forEachValue,402,KILLED,gnu.trove.map.hash.TByteObjectHashMap_ESTest.test28
TByteObjectHashMap.java,gnu.trove.map.hash.TByteObjectHashMap,org.pitest.mutationtest.engine.gregor.mutators.NonVoidMethodCallMutator,forEachValue,402,KILLED,gnu.trove.map.hash.TByteObjectHashMap_ESTest.test28
TByteObjectHashMap.java,gnu.trove.map.hash.TByteObjectHashMap,org.pitest.mutationtest.engine.gregor.mutators.RemoveConditionalMutator_EQUAL_ELSE,forEachValue,402,SURVIVED,none
TByteObjectHashMap.java,gnu.trove.map.hash.TByteObjectHashMap,org.pitest.mutationtest.engine.gregor.mutators.RemoveConditionalMutator_EQUAL_ELSE,forEachValue,402,SURVIVED,none
TByteObjectHashMap.java,gnu.trove.map.hash.TByteObjectHashMap,org.pitest.mutationtest.engine.gregor.mutators.RemoveConditionalMutator_EQUAL_IF,forEachValue,402,KILLED,gnu.trove.map.hash.TByteObjectHashMap_ESTest.test28
TByteObjectHashMap.java,gnu.trove.map.hash.TByteObjectHashMap,org.pitest.mutationtest.engine.gregor.mutators.RemoveConditionalMutator_EQUAL_IF,forEachValue,402,KILLED,gnu.trove.map.hash.TByteObjectHashMap_ESTest.test28
TByteObjectHashMap.java,gnu.trove.map.hash.TByteObjectHashMap,org.pitest.mutationtest.engine.gregor.mutators.RemoveConditionalMutator_ORDER_ELSE,forEachValue,401,SURVIVED,none
TByteObjectHashMap.java,gnu.trove.map.hash.TByteObjectHashMap,org.pitest.mutationtest.engine.gregor.mutators.RemoveConditionalMutator_ORDER_IF,forEachValue,401,KILLED,gnu.trove.map.hash.TByteObjectHashMap_ESTest.test28
TByteObjectHashMap.java,gnu.trove.map.hash.TByteObjectHashMap,org.pitest.mutationtest.engine.gregor.mutators.ReturnValsMutator,forEachValue,403,NO_COVERAGE,none
TByteObjectHashMap.java,gnu.trove.map.hash.TByteObjectHashMap,org.pitest.mutationtest.engine.gregor.mutators.ReturnValsMutator,forEachValue,406,KILLED,gnu.trove.map.hash.TByteObjectHashMap_ESTest.test28
TByteObjectHashMap.java,gnu.trove.map.hash.TByteObjectHashMap,org.pitest.mutationtest.engine.gregor.mutators.experimental.RemoveIncrementsMutator,forEachValue,401,KILLED,gnu.trove.map.hash.TByteObjectHashMap_ESTest.test28
TByteObjectHashMap.java,gnu.trove.map.hash.TByteObjectHashMap,org.pitest.mutationtest.engine.gregor.mutators.ConditionalsBoundaryMutator,get,213,SURVIVED,none
TByteObjectHashMap.java,gnu.trove.map.hash.TByteObjectHashMap,org.pitest.mutationtest.engine.gregor.mutators.NegateConditionalsMutator,get,213,KILLED,gnu.trove.map.hash.TByteObjectHashMap_ESTest.test37
TByteObjectHashMap.java,gnu.trove.map.hash.TByteObjectHashMap,org.pitest.mutationtest.engine.gregor.mutators.NonVoidMethodCallMutator,get,212,SURVIVED,none
TByteObjectHashMap.java,gnu.trove.map.hash.TByteObjectHashMap,org.pitest.mutationtest.engine.gregor.mutators.NullReturnValsMutator,get,213,SURVIVED,none
TByteObjectHashMap.java,gnu.trove.map.hash.TByteObjectHashMap,org.pitest.mutationtest.engine.gregor.mutators.RemoveConditionalMutator_ORDER_ELSE,get,213,KILLED,gnu.trove.map.hash.TByteObjectHashMap_ESTest.test37
TByteObjectHashMap.java,gnu.trove.map.hash.TByteObjectHashMap,org.pitest.mutationtest.engine.gregor.mutators.RemoveConditionalMutator_ORDER_IF,get,213,SURVIVED,none
TByteObjectHashMap.java,gnu.trove.map.hash.TByteObjectHashMap,org.pitest.mutationtest.engine.gregor.mutators.ReturnValsMutator,get,213,KILLED,gnu.trove.map.hash.TByteObjectHashMap_ESTest.test37
TByteObjectHashMap.java,gnu.trove.map.hash.TByteObjectHashMap,org.pitest.mutationtest.engine.gregor.mutators.PrimitiveReturnsMutator,getNoEntryKey,175,KILLED,gnu.trove.map.hash.TByteObjectHashMap_ESTest.test41
TByteObjectHashMap.java,gnu.trove.map.hash.TByteObjectHashMap,org.pitest.mutationtest.engine.gregor.mutators.ReturnValsMutator,getNoEntryKey,175,KILLED,gnu.trove.map.hash.TByteObjectHashMap_ESTest.test41
TByteObjectHashMap.java,gnu.trove.map.hash.TByteObjectHashMap,org.pitest.mutationtest.engine.gregor.mutators.ArgumentPropagationMutator,hashCode,504,SURVIVED,none
TByteObjectHashMap.java,gnu.trove.map.hash.TByteObjectHashMap,org.pitest.mutationtest.engine.gregor.mutators.ConditionalsBoundaryMutator,hashCode,502,KILLED,gnu.trove.map.hash.TByteObjectHashMap_ESTest.test22
TByteObjectHashMap.java,gnu.trove.map.hash.TByteObjectHashMap,org.pitest.mutationtest.engine.gregor.mutators.IncrementsMutator,hashCode,502,KILLED,gnu.trove.map.hash.TByteObjectHashMap_ESTest.test22
TByteObjectHashMap.java,gnu.trove.map.hash.TByteObjectHashMap,org.pitest.mutationtest.engine.gregor.mutators.InlineConstantMutator,hashCode,499,SURVIVED,none
TByteObjectHashMap.java,gnu.trove.map.hash.TByteObjectHashMap,org.pitest.mutationtest.engine.gregor.mutators.InlineConstantMutator,hashCode,503,SURVIVED,none
TByteObjectHashMap.java,gnu.trove.map.hash.TByteObjectHashMap,org.pitest.mutationtest.engine.gregor.mutators.InlineConstantMutator,hashCode,504,SURVIVED,none
TByteObjectHashMap.java,gnu.trove.map.hash.TByteObjectHashMap,org.pitest.mutationtest.engine.gregor.mutators.MathMutator,hashCode,504,SURVIVED,none
TByteObjectHashMap.java,gnu.trove.map.hash.TByteObjectHashMap,org.pitest.mutationtest.engine.gregor.mutators.MathMutator,hashCode,504,SURVIVED,none
TByteObjectHashMap.java,gnu.trove.map.hash.TByteObjectHashMap,org.pitest.mutationtest.engine.gregor.mutators.NegateConditionalsMutator,hashCode,502,SURVIVED,none
TByteObjectHashMap.java,gnu.trove.map.hash.TByteObjectHashMap,org.pitest.mutationtest.engine.gregor.mutators.NegateConditionalsMutator,hashCode,503,SURVIVED,none
TByteObjectHashMap.java,gnu.trove.map.hash.TByteObjectHashMap,org.pitest.mutationtest.engine.gregor.mutators.NegateConditionalsMutator,hashCode,504,SURVIVED,none
TByteObjectHashMap.java,gnu.trove.map.hash.TByteObjectHashMap,org.pitest.mutationtest.engine.gregor.mutators.NonVoidMethodCallMutator,hashCode,504,SURVIVED,none
TByteObjectHashMap.java,gnu.trove.map.hash.TByteObjectHashMap,org.pitest.mutationtest.engine.gregor.mutators.NonVoidMethodCallMutator,hashCode,504,SURVIVED,none
TByteObjectHashMap.java,gnu.trove.map.hash.TByteObjectHashMap,org.pitest.mutationtest.engine.gregor.mutators.PrimitiveReturnsMutator,hashCode,508,SURVIVED,none
TByteObjectHashMap.java,gnu.trove.map.hash.TByteObjectHashMap,org.pitest.mutationtest.engine.gregor.mutators.RemoveConditionalMutator_EQUAL_ELSE,hashCode,503,SURVIVED,none
TByteObjectHashMap.java,gnu.trove.map.hash.TByteObjectHashMap,org.pitest.mutationtest.engine.gregor.mutators.RemoveConditionalMutator_EQUAL_ELSE,hashCode,504,SURVIVED,none
TByteObjectHashMap.java,gnu.trove.map.hash.TByteObjectHashMap,org.pitest.mutationtest.engine.gregor.mutators.RemoveConditionalMutator_EQUAL_IF,hashCode,503,SURVIVED,none
TByteObjectHashMap.java,gnu.trove.map.hash.TByteObjectHashMap,org.pitest.mutationtest.engine.gregor.mutators.RemoveConditionalMutator_EQUAL_IF,hashCode,504,SURVIVED,none
TByteObjectHashMap.java,gnu.trove.map.hash.TByteObjectHashMap,org.pitest.mutationtest.engine.gregor.mutators.RemoveConditionalMutator_ORDER_ELSE,hashCode,502,SURVIVED,none
TByteObjectHashMap.java,gnu.trove.map.hash.TByteObjectHashMap,org.pitest.mutationtest.engine.gregor.mutators.RemoveConditionalMutator_ORDER_IF,hashCode,502,KILLED,gnu.trove.map.hash.TByteObjectHashMap_ESTest.test22
TByteObjectHashMap.java,gnu.trove.map.hash.TByteObjectHashMap,org.pitest.mutationtest.engine.gregor.mutators.ReturnValsMutator,hashCode,508,SURVIVED,none
TByteObjectHashMap.java,gnu.trove.map.hash.TByteObjectHashMap,org.pitest.mutationtest.engine.gregor.mutators.experimental.RemoveIncrementsMutator,hashCode,502,KILLED,gnu.trove.map.hash.TByteObjectHashMap_ESTest.test22
TByteObjectHashMap.java,gnu.trove.map.hash.TByteObjectHashMap,org.pitest.mutationtest.engine.gregor.mutators.ConstructorCallMutator,iterator,387,KILLED,gnu.trove.map.hash.TByteObjectHashMap_ESTest.test24
TByteObjectHashMap.java,gnu.trove.map.hash.TByteObjectHashMap,org.pitest.mutationtest.engine.gregor.mutators.NullReturnValsMutator,iterator,387,KILLED,gnu.trove.map.hash.TByteObjectHashMap_ESTest.test24
TByteObjectHashMap.java,gnu.trove.map.hash.TByteObjectHashMap,org.pitest.mutationtest.engine.gregor.mutators.ReturnValsMutator,iterator,387,KILLED,gnu.trove.map.hash.TByteObjectHashMap_ESTest.test24
TByteObjectHashMap.java,gnu.trove.map.hash.TByteObjectHashMap,org.pitest.mutationtest.engine.gregor.mutators.ConstructorCallMutator,keySet,304,SURVIVED,none
TByteObjectHashMap.java,gnu.trove.map.hash.TByteObjectHashMap,org.pitest.mutationtest.engine.gregor.mutators.NullReturnValsMutator,keySet,304,SURVIVED,none
TByteObjectHashMap.java,gnu.trove.map.hash.TByteObjectHashMap,org.pitest.mutationtest.engine.gregor.mutators.ReturnValsMutator,keySet,304,SURVIVED,none
TByteObjectHashMap.java,gnu.trove.map.hash.TByteObjectHashMap,org.pitest.mutationtest.engine.gregor.mutators.ConditionalsBoundaryMutator,keys,315,KILLED,gnu.trove.map.hash.TByteObjectHashMap_ESTest.test33
TByteObjectHashMap.java,gnu.trove.map.hash.TByteObjectHashMap,org.pitest.mutationtest.engine.gregor.mutators.IncrementsMutator,keys,315,KILLED,gnu.trove.map.hash.TByteObjectHashMap_ESTest.test33
TByteObjectHashMap.java,gnu.trove.map.hash.TByteObjectHashMap,org.pitest.mutationtest.engine.gregor.mutators.IncrementsMutator,keys,317,SURVIVED,none
TByteObjectHashMap.java,gnu.trove.map.hash.TByteObjectHashMap,org.pitest.mutationtest.engine.gregor.mutators.InlineConstantMutator,keys,315,KILLED,gnu.trove.map.hash.TByteObjectHashMap_ESTest.test33
TByteObjectHashMap.java,gnu.trove.map.hash.TByteObjectHashMap,org.pitest.mutationtest.engine.gregor.mutators.InlineConstantMutator,keys,316,KILLED,gnu.trove.map.hash.TByteObjectHashMap_ESTest.test33
TByteObjectHashMap.java,gnu.trove.map.hash.TByteObjectHashMap,org.pitest.mutationtest.engine.gregor.mutators.NegateConditionalsMutator,keys,315,SURVIVED,none
TByteObjectHashMap.java,gnu.trove.map.hash.TByteObjectHashMap,org.pitest.mutationtest.engine.gregor.mutators.NegateConditionalsMutator,keys,316,KILLED,gnu.trove.map.hash.TByteObjectHashMap_ESTest.test33
TByteObjectHashMap.java,gnu.trove.map.hash.TByteObjectHashMap,org.pitest.mutationtest.engine.gregor.mutators.NonVoidMethodCallMutator,keys,311,KILLED,gnu.trove.map.hash.TByteObjectHashMap_ESTest.test33
TByteObjectHashMap.java,gnu.trove.map.hash.TByteObjectHashMap,org.pitest.mutationtest.engine.gregor.mutators.NullReturnValsMutator,keys,320,KILLED,gnu.trove.map.hash.TByteObjectHashMap_ESTest.test33
TByteObjectHashMap.java,gnu.trove.map.hash.TByteObjectHashMap,org.pitest.mutationtest.engine.gregor.mutators.RemoveConditionalMutator_EQUAL_ELSE,keys,316,SURVIVED,none
TByteObjectHashMap.java,gnu.trove.map.hash.TByteObjectHashMap,org.pitest.mutationtest.engine.gregor.mutators.RemoveConditionalMutator_EQUAL_IF,keys,316,KILLED,gnu.trove.map.hash.TByteObjectHashMap_ESTest.test33
TByteObjectHashMap.java,gnu.trove.map.hash.TByteObjectHashMap,org.pitest.mutationtest.engine.gregor.mutators.RemoveConditionalMutator_ORDER_ELSE,keys,315,SURVIVED,none
TByteObjectHashMap.java,gnu.trove.map.hash.TByteObjectHashMap,org.pitest.mutationtest.engine.gregor.mutators.RemoveConditionalMutator_ORDER_IF,keys,315,KILLED,gnu.trove.map.hash.TByteObjectHashMap_ESTest.test33
TByteObjectHashMap.java,gnu.trove.map.hash.TByteObjectHashMap,org.pitest.mutationtest.engine.gregor.mutators.ReturnValsMutator,keys,320,KILLED,gnu.trove.map.hash.TByteObjectHashMap_ESTest.test33
TByteObjectHashMap.java,gnu.trove.map.hash.TByteObjectHashMap,org.pitest.mutationtest.engine.gregor.mutators.experimental.RemoveIncrementsMutator,keys,315,KILLED,gnu.trove.map.hash.TByteObjectHashMap_ESTest.test33
TByteObjectHashMap.java,gnu.trove.map.hash.TByteObjectHashMap,org.pitest.mutationtest.engine.gregor.mutators.experimental.RemoveIncrementsMutator,keys,317,SURVIVED,none
TByteObjectHashMap.java,gnu.trove.map.hash.TByteObjectHashMap,org.pitest.mutationtest.engine.gregor.mutators.ConditionalsBoundaryMutator,keys,327,SURVIVED,none
TByteObjectHashMap.java,gnu.trove.map.hash.TByteObjectHashMap,org.pitest.mutationtest.engine.gregor.mutators.ConditionalsBoundaryMutator,keys,334,KILLED,gnu.trove.map.hash.TByteObjectHashMap_ESTest.test48
TByteObjectHashMap.java,gnu.trove.map.hash.TByteObjectHashMap,org.pitest.mutationtest.engine.gregor.mutators.IncrementsMutator,keys,334,KILLED,gnu.trove.map.hash.TByteObjectHashMap_ESTest.test48
TByteObjectHashMap.java,gnu.trove.map.hash.TByteObjectHashMap,org.pitest.mutationtest.engine.gregor.mutators.IncrementsMutator,keys,336,SURVIVED,none
TByteObjectHashMap.java,gnu.trove.map.hash.TByteObjectHashMap,org.pitest.mutationtest.engine.gregor.mutators.InlineConstantMutator,keys,334,KILLED,gnu.trove.map.hash.TByteObjectHashMap_ESTest.test32
TByteObjectHashMap.java,gnu.trove.map.hash.TByteObjectHashMap,org.pitest.mutationtest.engine.gregor.mutators.InlineConstantMutator,keys,335,KILLED,gnu.trove.map.hash.TByteObjectHashMap_ESTest.test32
TByteObjectHashMap.java,gnu.trove.map.hash.TByteObjectHashMap,org.pitest.mutationtest.engine.gregor.mutators.NegateConditionalsMutator,keys,327,KILLED,gnu.trove.map.hash.TByteObjectHashMap_ESTest.test48
TByteObjectHashMap.java,gnu.trove.map.hash.TByteObjectHashMap,org.pitest.mutationtest.engine.gregor.mutators.NegateConditionalsMutator,keys,334,KILLED,gnu.trove.map.hash.TByteObjectHashMap_ESTest.test32
TByteObjectHashMap.java,gnu.trove.map.hash.TByteObjectHashMap,org.pitest.mutationtest.engine.gregor.mutators.NegateConditionalsMutator,keys,335,KILLED,gnu.trove.map.hash.TByteObjectHashMap_ESTest.test32
TByteObjectHashMap.java,gnu.trove.map.hash.TByteObjectHashMap,org.pitest.mutationtest.engine.gregor.mutators.NullReturnValsMutator,keys,339,KILLED,gnu.trove.map.hash.TByteObjectHashMap_ESTest.test48
TByteObjectHashMap.java,gnu.trove.map.hash.TByteObjectHashMap,org.pitest.mutationtest.engine.gregor.mutators.RemoveConditionalMutator_EQUAL_ELSE,keys,335,KILLED,gnu.trove.map.hash.TByteObjectHashMap_ESTest.test32
TByteObjectHashMap.java,gnu.trove.map.hash.TByteObjectHashMap,org.pitest.mutationtest.engine.gregor.mutators.RemoveConditionalMutator_EQUAL_IF,keys,335,KILLED,gnu.trove.map.hash.TByteObjectHashMap_ESTest.test32
TByteObjectHashMap.java,gnu.trove.map.hash.TByteObjectHashMap,org.pitest.mutationtest.engine.gregor.mutators.RemoveConditionalMutator_ORDER_ELSE,keys,327,SURVIVED,none
TByteObjectHashMap.java,gnu.trove.map.hash.TByteObjectHashMap,org.pitest.mutationtest.engine.gregor.mutators.RemoveConditionalMutator_ORDER_ELSE,keys,334,KILLED,gnu.trove.map.hash.TByteObjectHashMap_ESTest.test32
TByteObjectHashMap.java,gnu.trove.map.hash.TByteObjectHashMap,org.pitest.mutationtest.engine.gregor.mutators.RemoveConditionalMutator_ORDER_IF,keys,327,KILLED,gnu.trove.map.hash.TByteObjectHashMap_ESTest.test48
TByteObjectHashMap.java,gnu.trove.map.hash.TByteObjectHashMap,org.pitest.mutationtest.engine.gregor.mutators.RemoveConditionalMutator_ORDER_IF,keys,334,KILLED,gnu.trove.map.hash.TByteObjectHashMap_ESTest.test48
TByteObjectHashMap.java,gnu.trove.map.hash.TByteObjectHashMap,org.pitest.mutationtest.engine.gregor.mutators.ReturnValsMutator,keys,339,KILLED,gnu.trove.map.hash.TByteObjectHashMap_ESTest.test48
TByteObjectHashMap.java,gnu.trove.map.hash.TByteObjectHashMap,org.pitest.mutationtest.engine.gregor.mutators.experimental.RemoveIncrementsMutator,keys,334,KILLED,gnu.trove.map.hash.TByteObjectHashMap_ESTest.test48
TByteObjectHashMap.java,gnu.trove.map.hash.TByteObjectHashMap,org.pitest.mutationtest.engine.gregor.mutators.experimental.RemoveIncrementsMutator,keys,336,SURVIVED,none
TByteObjectHashMap.java,gnu.trove.map.hash.TByteObjectHashMap,org.pitest.mutationtest.engine.gregor.mutators.ArgumentPropagationMutator,put,222,KILLED,gnu.trove.map.hash.TByteObjectHashMap_ESTest.test34
TByteObjectHashMap.java,gnu.trove.map.hash.TByteObjectHashMap,org.pitest.mutationtest.engine.gregor.mutators.NonVoidMethodCallMutator,put,221,SURVIVED,none
TByteObjectHashMap.java,gnu.trove.map.hash.TByteObjectHashMap,org.pitest.mutationtest.engine.gregor.mutators.NonVoidMethodCallMutator,put,222,KILLED,gnu.trove.map.hash.TByteObjectHashMap_ESTest.test34
TByteObjectHashMap.java,gnu.trove.map.hash.TByteObjectHashMap,org.pitest.mutationtest.engine.gregor.mutators.NullReturnValsMutator,put,222,SURVIVED,none
TByteObjectHashMap.java,gnu.trove.map.hash.TByteObjectHashMap,org.pitest.mutationtest.engine.gregor.mutators.ReturnValsMutator,put,222,KILLED,gnu.trove.map.hash.TByteObjectHashMap_ESTest.test59
TByteObjectHashMap.java,gnu.trove.map.hash.TByteObjectHashMap,org.pitest.mutationtest.engine.gregor.mutators.NonVoidMethodCallMutator,putAll,287,SURVIVED,none
TByteObjectHashMap.java,gnu.trove.map.hash.TByteObjectHashMap,org.pitest.mutationtest.engine.gregor.mutators.ArgumentPropagationMutator,putAll,280,KILLED,gnu.trove.map.hash.TByteObjectHashMap_ESTest.test34
TByteObjectHashMap.java,gnu.trove.map.hash.TByteObjectHashMap,org.pitest.mutationtest.engine.gregor.mutators.NonVoidMethodCallMutator,putAll,278,KILLED,gnu.trove.map.hash.TByteObjectHashMap_ESTest.test34
TByteObjectHashMap.java,gnu.trove.map.hash.TByteObjectHashMap,org.pitest.mutationtest.engine.gregor.mutators.NonVoidMethodCallMutator,putAll,280,KILLED,gnu.trove.map.hash.TByteObjectHashMap_ESTest.test34
TByteObjectHashMap.java,gnu.trove.map.hash.TByteObjectHashMap,org.pitest.mutationtest.engine.gregor.mutators.NonVoidMethodCallMutator,putAll,280,SURVIVED,none
TByteObjectHashMap.java,gnu.trove.map.hash.TByteObjectHashMap,org.pitest.mutationtest.engine.gregor.mutators.NonVoidMethodCallMutator,putAll,280,SURVIVED,none
TByteObjectHashMap.java,gnu.trove.map.hash.TByteObjectHashMap,org.pitest.mutationtest.engine.gregor.mutators.NonVoidMethodCallMutator,putAll,280,KILLED,gnu.trove.map.hash.TByteObjectHashMap_ESTest.test34
TByteObjectHashMap.java,gnu.trove.map.hash.TByteObjectHashMap,org.pitest.mutationtest.engine.gregor.mutators.ArgumentPropagationMutator,putIfAbsent,231,KILLED,gnu.trove.map.hash.TByteObjectHashMap_ESTest.test60
TByteObjectHashMap.java,gnu.trove.map.hash.TByteObjectHashMap,org.pitest.mutationtest.engine.gregor.mutators.ConditionalsBoundaryMutator,putIfAbsent,229,KILLED,gnu.trove.map.hash.TByteObjectHashMap_ESTest.test23
TByteObjectHashMap.java,gnu.trove.map.hash.TByteObjectHashMap,org.pitest.mutationtest.engine.gregor.mutators.InlineConstantMutator,putIfAbsent,230,SURVIVED,none
TByteObjectHashMap.java,gnu.trove.map.hash.TByteObjectHashMap,org.pitest.mutationtest.engine.gregor.mutators.InvertNegsMutator,putIfAbsent,230,KILLED,gnu.trove.map.hash.TByteObjectHashMap_ESTest.test36
TByteObjectHashMap.java,gnu.trove.map.hash.TByteObjectHashMap,org.pitest.mutationtest.engine.gregor.mutators.MathMutator,putIfAbsent,230,SURVIVED,none
TByteObjectHashMap.java,gnu.trove.map.hash.TByteObjectHashMap,org.pitest.mutationtest.engine.gregor.mutators.NegateConditionalsMutator,putIfAbsent,229,KILLED,gnu.trove.map.hash.TByteObjectHashMap_ESTest.test60
TByteObjectHashMap.java,gnu.trove.map.hash.TByteObjectHashMap,org.pitest.mutationtest.engine.gregor.mutators.NonVoidMethodCallMutator,putIfAbsent,228,KILLED,gnu.trove.map.hash.TByteObjectHashMap_ESTest.test60
TByteObjectHashMap.java,gnu.trove.map.hash.TByteObjectHashMap,org.pitest.mutationtest.engine.gregor.mutators.NonVoidMethodCallMutator,putIfAbsent,231,KILLED,gnu.trove.map.hash.TByteObjectHashMap_ESTest.test60
TByteObjectHashMap.java,gnu.trove.map.hash.TByteObjectHashMap,org.pitest.mutationtest.engine.gregor.mutators.NullReturnValsMutator,putIfAbsent,230,SURVIVED,none
TByteObjectHashMap.java,gnu.trove.map.hash.TByteObjectHashMap,org.pitest.mutationtest.engine.gregor.mutators.NullReturnValsMutator,putIfAbsent,231,SURVIVED,none
TByteObjectHashMap.java,gnu.trove.map.hash.TByteObjectHashMap,org.pitest.mutationtest.engine.gregor.mutators.RemoveConditionalMutator_ORDER_ELSE,putIfAbsent,229,SURVIVED,none
TByteObjectHashMap.java,gnu.trove.map.hash.TByteObjectHashMap,org.pitest.mutationtest.engine.gregor.mutators.RemoveConditionalMutator_ORDER_IF,putIfAbsent,229,KILLED,gnu.trove.map.hash.TByteObjectHashMap_ESTest.test60
TByteObjectHashMap.java,gnu.trove.map.hash.TByteObjectHashMap,org.pitest.mutationtest.engine.gregor.mutators.ReturnValsMutator,putIfAbsent,230,SURVIVED,none
TByteObjectHashMap.java,gnu.trove.map.hash.TByteObjectHashMap,org.pitest.mutationtest.engine.gregor.mutators.ReturnValsMutator,putIfAbsent,231,KILLED,gnu.trove.map.hash.TByteObjectHashMap_ESTest.test60
TByteObjectHashMap.java,gnu.trove.map.hash.TByteObjectHashMap,org.pitest.mutationtest.engine.gregor.mutators.ArgumentPropagationMutator,readExternal,997,NO_COVERAGE,none
TByteObjectHashMap.java,gnu.trove.map.hash.TByteObjectHashMap,org.pitest.mutationtest.engine.gregor.mutators.ArgumentPropagationMutator,readExternal,1003,NO_COVERAGE,none
TByteObjectHashMap.java,gnu.trove.map.hash.TByteObjectHashMap,org.pitest.mutationtest.engine.gregor.mutators.ConditionalsBoundaryMutator,readExternal,1000,NO_COVERAGE,none
TByteObjectHashMap.java,gnu.trove.map.hash.TByteObjectHashMap,org.pitest.mutationtest.engine.gregor.mutators.IncrementsMutator,readExternal,1000,NO_COVERAGE,none
TByteObjectHashMap.java,gnu.trove.map.hash.TByteObjectHashMap,org.pitest.mutationtest.engine.gregor.mutators.NegateConditionalsMutator,readExternal,1000,NO_COVERAGE,none
TByteObjectHashMap.java,gnu.trove.map.hash.TByteObjectHashMap,org.pitest.mutationtest.engine.gregor.mutators.NonVoidMethodCallMutator,readExternal,987,NO_COVERAGE,none
TByteObjectHashMap.java,gnu.trove.map.hash.TByteObjectHashMap,org.pitest.mutationtest.engine.gregor.mutators.NonVoidMethodCallMutator,readExternal,993,NO_COVERAGE,none
TByteObjectHashMap.java,gnu.trove.map.hash.TByteObjectHashMap,org.pitest.mutationtest.engine.gregor.mutators.NonVoidMethodCallMutator,readExternal,996,NO_COVERAGE,none
TByteObjectHashMap.java,gnu.trove.map.hash.TByteObjectHashMap,org.pitest.mutationtest.engine.gregor.mutators.NonVoidMethodCallMutator,readExternal,997,NO_COVERAGE,none
TByteObjectHashMap.java,gnu.trove.map.hash.TByteObjectHashMap,org.pitest.mutationtest.engine.gregor.mutators.NonVoidMethodCallMutator,readExternal,1001,NO_COVERAGE,none
TByteObjectHashMap.java,gnu.trove.map.hash.TByteObjectHashMap,org.pitest.mutationtest.engine.gregor.mutators.NonVoidMethodCallMutator,readExternal,1002,NO_COVERAGE,none
TByteObjectHashMap.java,gnu.trove.map.hash.TByteObjectHashMap,org.pitest.mutationtest.engine.gregor.mutators.NonVoidMethodCallMutator,readExternal,1003,NO_COVERAGE,none
TByteObjectHashMap.java,gnu.trove.map.hash.TByteObjectHashMap,org.pitest.mutationtest.engine.gregor.mutators.RemoveConditionalMutator_ORDER_ELSE,readExternal,1000,NO_COVERAGE,none
TByteObjectHashMap.java,gnu.trove.map.hash.TByteObjectHashMap,org.pitest.mutationtest.engine.gregor.mutators.RemoveConditionalMutator_ORDER_IF,readExternal,1000,NO_COVERAGE,none
TByteObjectHashMap.java,gnu.trove.map.hash.TByteObjectHashMap,org.pitest.mutationtest.engine.gregor.mutators.VoidMethodCallMutator,readExternal,990,NO_COVERAGE,none
TByteObjectHashMap.java,gnu.trove.map.hash.TByteObjectHashMap,org.pitest.mutationtest.engine.gregor.mutators.experimental.MemberVariableMutator,readExternal,993,NO_COVERAGE,none
TByteObjectHashMap.java,gnu.trove.map.hash.TByteObjectHashMap,org.pitest.mutationtest.engine.gregor.mutators.experimental.RemoveIncrementsMutator,readExternal,1000,NO_COVERAGE,none
TByteObjectHashMap.java,gnu.trove.map.hash.TByteObjectHashMap,org.pitest.mutationtest.engine.gregor.mutators.ConditionalsBoundaryMutator,rehash,161,KILLED,gnu.trove.map.hash.TByteObjectHashMap_ESTest.test42
TByteObjectHashMap.java,gnu.trove.map.hash.TByteObjectHashMap,org.pitest.mutationtest.engine.gregor.mutators.IncrementsMutator,rehash,161,KILLED,gnu.trove.map.hash.TByteObjectHashMap_ESTest.test42
TByteObjectHashMap.java,gnu.trove.map.hash.TByteObjectHashMap,org.pitest.mutationtest.engine.gregor.mutators.InlineConstantMutator,rehash,162,KILLED,gnu.trove.map.hash.TByteObjectHashMap_ESTest.test43
TByteObjectHashMap.java,gnu.trove.map.hash.TByteObjectHashMap,org.pitest.mutationtest.engine.gregor.mutators.NegateConditionalsMutator,rehash,161,SURVIVED,none
TByteObjectHashMap.java,gnu.trove.map.hash.TByteObjectHashMap,org.pitest.mutationtest.engine.gregor.mutators.NegateConditionalsMutator,rehash,162,KILLED,gnu.trove.map.hash.TByteObjectHashMap_ESTest.test43
TByteObjectHashMap.java,gnu.trove.map.hash.TByteObjectHashMap,org.pitest.mutationtest.engine.gregor.mutators.NonVoidMethodCallMutator,rehash,164,SURVIVED,none
TByteObjectHashMap.java,gnu.trove.map.hash.TByteObjectHashMap,org.pitest.mutationtest.engine.gregor.mutators.RemoveConditionalMutator_EQUAL_ELSE,rehash,162,SURVIVED,none
TByteObjectHashMap.java,gnu.trove.map.hash.TByteObjectHashMap,org.pitest.mutationtest.engine.gregor.mutators.RemoveConditionalMutator_EQUAL_IF,rehash,162,KILLED,gnu.trove.map.hash.TByteObjectHashMap_ESTest.test42
TByteObjectHashMap.java,gnu.trove.map.hash.TByteObjectHashMap,org.pitest.mutationtest.engine.gregor.mutators.RemoveConditionalMutator_ORDER_ELSE,rehash,161,SURVIVED,none
TByteObjectHashMap.java,gnu.trove.map.hash.TByteObjectHashMap,org.pitest.mutationtest.engine.gregor.mutators.RemoveConditionalMutator_ORDER_IF,rehash,161,KILLED,gnu.trove.map.hash.TByteObjectHashMap_ESTest.test42
TByteObjectHashMap.java,gnu.trove.map.hash.TByteObjectHashMap,org.pitest.mutationtest.engine.gregor.mutators.experimental.MemberVariableMutator,rehash,157,KILLED,gnu.trove.map.hash.TByteObjectHashMap_ESTest.test42
TByteObjectHashMap.java,gnu.trove.map.hash.TByteObjectHashMap,org.pitest.mutationtest.engine.gregor.mutators.experimental.MemberVariableMutator,rehash,158,KILLED,gnu.trove.map.hash.TByteObjectHashMap_ESTest.test42
TByteObjectHashMap.java,gnu.trove.map.hash.TByteObjectHashMap,org.pitest.mutationtest.engine.gregor.mutators.experimental.MemberVariableMutator,rehash,159,KILLED,gnu.trove.map.hash.TByteObjectHashMap_ESTest.test42
TByteObjectHashMap.java,gnu.trove.map.hash.TByteObjectHashMap,org.pitest.mutationtest.engine.gregor.mutators.experimental.RemoveIncrementsMutator,rehash,161,KILLED,gnu.trove.map.hash.TByteObjectHashMap_ESTest.test42
TByteObjectHashMap.java,gnu.trove.map.hash.TByteObjectHashMap,org.pitest.mutationtest.engine.gregor.mutators.ConditionalsBoundaryMutator,remove,259,KILLED,gnu.trove.map.hash.TByteObjectHashMap_ESTest.test43
TByteObjectHashMap.java,gnu.trove.map.hash.TByteObjectHashMap,org.pitest.mutationtest.engine.gregor.mutators.NegateConditionalsMutator,remove,259,KILLED,gnu.trove.map.hash.TByteObjectHashMap_ESTest.test43
TByteObjectHashMap.java,gnu.trove.map.hash.TByteObjectHashMap,org.pitest.mutationtest.engine.gregor.mutators.NonVoidMethodCallMutator,remove,258,KILLED,gnu.trove.map.hash.TByteObjectHashMap_ESTest.test10
TByteObjectHashMap.java,gnu.trove.map.hash.TByteObjectHashMap,org.pitest.mutationtest.engine.gregor.mutators.NullReturnValsMutator,remove,263,KILLED,gnu.trove.map.hash.TByteObjectHashMap_ESTest.test43
TByteObjectHashMap.java,gnu.trove.map.hash.TByteObjectHashMap,org.pitest.mutationtest.engine.gregor.mutators.RemoveConditionalMutator_ORDER_ELSE,remove,259,KILLED,gnu.trove.map.hash.TByteObjectHashMap_ESTest.test43
TByteObjectHashMap.java,gnu.trove.map.hash.TByteObjectHashMap,org.pitest.mutationtest.engine.gregor.mutators.RemoveConditionalMutator_ORDER_IF,remove,259,KILLED,gnu.trove.map.hash.TByteObjectHashMap_ESTest.test43
TByteObjectHashMap.java,gnu.trove.map.hash.TByteObjectHashMap,org.pitest.mutationtest.engine.gregor.mutators.ReturnValsMutator,remove,263,KILLED,gnu.trove.map.hash.TByteObjectHashMap_ESTest.test43
TByteObjectHashMap.java,gnu.trove.map.hash.TByteObjectHashMap,org.pitest.mutationtest.engine.gregor.mutators.VoidMethodCallMutator,remove,261,KILLED,gnu.trove.map.hash.TByteObjectHashMap_ESTest.test08
TByteObjectHashMap.java,gnu.trove.map.hash.TByteObjectHashMap,org.pitest.mutationtest.engine.gregor.mutators.VoidMethodCallMutator,removeAt,270,KILLED,gnu.trove.map.hash.TByteObjectHashMap_ESTest.test60
TByteObjectHashMap.java,gnu.trove.map.hash.TByteObjectHashMap,org.pitest.mutationtest.engine.gregor.mutators.BooleanFalseReturnValsMutator,retainEntries,447,KILLED,gnu.trove.map.hash.TByteObjectHashMap_ESTest.test26
TByteObjectHashMap.java,gnu.trove.map.hash.TByteObjectHashMap,org.pitest.mutationtest.engine.gregor.mutators.BooleanTrueReturnValsMutator,retainEntries,447,SURVIVED,none
TByteObjectHashMap.java,gnu.trove.map.hash.TByteObjectHashMap,org.pitest.mutationtest.engine.gregor.mutators.ConditionalsBoundaryMutator,retainEntries,436,KILLED,gnu.trove.map.hash.TByteObjectHashMap_ESTest.test26
TByteObjectHashMap.java,gnu.trove.map.hash.TByteObjectHashMap,org.pitest.mutationtest.engine.gregor.mutators.IncrementsMutator,retainEntries,436,KILLED,gnu.trove.map.hash.TByteObjectHashMap_ESTest.test26
TByteObjectHashMap.java,gnu.trove.map.hash.TByteObjectHashMap,org.pitest.mutationtest.engine.gregor.mutators.InlineConstantMutator,retainEntries,428,SURVIVED,none
TByteObjectHashMap.java,gnu.trove.map.hash.TByteObjectHashMap,org.pitest.mutationtest.engine.gregor.mutators.InlineConstantMutator,retainEntries,437,SURVIVED,none
TByteObjectHashMap.java,gnu.trove.map.hash.TByteObjectHashMap,org.pitest.mutationtest.engine.gregor.mutators.InlineConstantMutator,retainEntries,439,KILLED,gnu.trove.map.hash.TByteObjectHashMap_ESTest.test26
TByteObjectHashMap.java,gnu.trove.map.hash.TByteObjectHashMap,org.pitest.mutationtest.engine.gregor.mutators.InlineConstantMutator,retainEntries,444,SURVIVED,none
TByteObjectHashMap.java,gnu.trove.map.hash.TByteObjectHashMap,org.pitest.mutationtest.engine.gregor.mutators.InlineConstantMutator,retainEntries,444,SURVIVED,none
TByteObjectHashMap.java,gnu.trove.map.hash.TByteObjectHashMap,org.pitest.mutationtest.engine.gregor.mutators.NegateConditionalsMutator,retainEntries,436,KILLED,gnu.trove.map.hash.TByteObjectHashMap_ESTest.test26
TByteObjectHashMap.java,gnu.trove.map.hash.TByteObjectHashMap,org.pitest.mutationtest.engine.gregor.mutators.NegateConditionalsMutator,retainEntries,437,SURVIVED,none
TByteObjectHashMap.java,gnu.trove.map.hash.TByteObjectHashMap,org.pitest.mutationtest.engine.gregor.mutators.NegateConditionalsMutator,retainEntries,437,KILLED,gnu.trove.map.hash.TByteObjectHashMap_ESTest.test26
TByteObjectHashMap.java,gnu.trove.map.hash.TByteObjectHashMap,org.pitest.mutationtest.engine.gregor.mutators.NonVoidMethodCallMutator,retainEntries,437,SURVIVED,none
TByteObjectHashMap.java,gnu.trove.map.hash.TByteObjectHashMap,org.pitest.mutationtest.engine.gregor.mutators.RemoveConditionalMutator_EQUAL_ELSE,retainEntries,437,KILLED,gnu.trove.map.hash.TByteObjectHashMap_ESTest.test26
TByteObjectHashMap.java,gnu.trove.map.hash.TByteObjectHashMap,org.pitest.mutationtest.engine.gregor.mutators.RemoveConditionalMutator_EQUAL_ELSE,retainEntries,437,KILLED,gnu.trove.map.hash.TByteObjectHashMap_ESTest.test26
TByteObjectHashMap.java,gnu.trove.map.hash.TByteObjectHashMap,org.pitest.mutationtest.engine.gregor.mutators.RemoveConditionalMutator_EQUAL_IF,retainEntries,437,SURVIVED,none
TByteObjectHashMap.java,gnu.trove.map.hash.TByteObjectHashMap,org.pitest.mutationtest.engine.gregor.mutators.RemoveConditionalMutator_EQUAL_IF,retainEntries,437,SURVIVED,none
TByteObjectHashMap.java,gnu.trove.map.hash.TByteObjectHashMap,org.pitest.mutationtest.engine.gregor.mutators.RemoveConditionalMutator_ORDER_ELSE,retainEntries,436,KILLED,gnu.trove.map.hash.TByteObjectHashMap_ESTest.test26
TByteObjectHashMap.java,gnu.trove.map.hash.TByteObjectHashMap,org.pitest.mutationtest.engine.gregor.mutators.RemoveConditionalMutator_ORDER_IF,retainEntries,436,KILLED,gnu.trove.map.hash.TByteObjectHashMap_ESTest.test26
TByteObjectHashMap.java,gnu.trove.map.hash.TByteObjectHashMap,org.pitest.mutationtest.engine.gregor.mutators.ReturnValsMutator,retainEntries,447,KILLED,gnu.trove.map.hash.TByteObjectHashMap_ESTest.test26
TByteObjectHashMap.java,gnu.trove.map.hash.TByteObjectHashMap,org.pitest.mutationtest.engine.gregor.mutators.VoidMethodCallMutator,retainEntries,434,SURVIVED,none
TByteObjectHashMap.java,gnu.trove.map.hash.TByteObjectHashMap,org.pitest.mutationtest.engine.gregor.mutators.VoidMethodCallMutator,retainEntries,438,KILLED,gnu.trove.map.hash.TByteObjectHashMap_ESTest.test26
TByteObjectHashMap.java,gnu.trove.map.hash.TByteObjectHashMap,org.pitest.mutationtest.engine.gregor.mutators.VoidMethodCallMutator,retainEntries,444,SURVIVED,none
TByteObjectHashMap.java,gnu.trove.map.hash.TByteObjectHashMap,org.pitest.mutationtest.engine.gregor.mutators.VoidMethodCallMutator,retainEntries,444,SURVIVED,none
TByteObjectHashMap.java,gnu.trove.map.hash.TByteObjectHashMap,org.pitest.mutationtest.engine.gregor.mutators.experimental.RemoveIncrementsMutator,retainEntries,436,KILLED,gnu.trove.map.hash.TByteObjectHashMap_ESTest.test26
TByteObjectHashMap.java,gnu.trove.map.hash.TByteObjectHashMap,org.pitest.mutationtest.engine.gregor.mutators.ArgumentPropagationMutator,setUp,142,KILLED,gnu.trove.map.hash.TByteObjectHashMap_ESTest.test58
TByteObjectHashMap.java,gnu.trove.map.hash.TByteObjectHashMap,org.pitest.mutationtest.engine.gregor.mutators.NonVoidMethodCallMutator,setUp,142,KILLED,gnu.trove.map.hash.TByteObjectHashMap_ESTest.test58
TByteObjectHashMap.java,gnu.trove.map.hash.TByteObjectHashMap,org.pitest.mutationtest.engine.gregor.mutators.PrimitiveReturnsMutator,setUp,144,SURVIVED,none
TByteObjectHashMap.java,gnu.trove.map.hash.TByteObjectHashMap,org.pitest.mutationtest.engine.gregor.mutators.ReturnValsMutator,setUp,144,SURVIVED,none
TByteObjectHashMap.java,gnu.trove.map.hash.TByteObjectHashMap,org.pitest.mutationtest.engine.gregor.mutators.experimental.MemberVariableMutator,setUp,143,KILLED,gnu.trove.map.hash.TByteObjectHashMap_ESTest.test57
TByteObjectHashMap.java,gnu.trove.map.hash.TByteObjectHashMap,org.pitest.mutationtest.engine.gregor.mutators.ConstructorCallMutator,toString,1009,KILLED,gnu.trove.map.hash.TByteObjectHashMap_ESTest.test00
TByteObjectHashMap.java,gnu.trove.map.hash.TByteObjectHashMap,org.pitest.mutationtest.engine.gregor.mutators.ConstructorCallMutator,toString,1010,KILLED,gnu.trove.map.hash.TByteObjectHashMap_ESTest.test00
TByteObjectHashMap.java,gnu.trove.map.hash.TByteObjectHashMap,org.pitest.mutationtest.engine.gregor.mutators.EmptyObjectReturnValsMutator,toString,1023,KILLED,gnu.trove.map.hash.TByteObjectHashMap_ESTest.test00
TByteObjectHashMap.java,gnu.trove.map.hash.TByteObjectHashMap,org.pitest.mutationtest.engine.gregor.mutators.NonVoidMethodCallMutator,toString,1010,KILLED,gnu.trove.map.hash.TByteObjectHashMap_ESTest.test00
TByteObjectHashMap.java,gnu.trove.map.hash.TByteObjectHashMap,org.pitest.mutationtest.engine.gregor.mutators.NonVoidMethodCallMutator,toString,1022,KILLED,gnu.trove.map.hash.TByteObjectHashMap_ESTest.test00
TByteObjectHashMap.java,gnu.trove.map.hash.TByteObjectHashMap,org.pitest.mutationtest.engine.gregor.mutators.NonVoidMethodCallMutator,toString,1023,KILLED,gnu.trove.map.hash.TByteObjectHashMap_ESTest.test00
TByteObjectHashMap.java,gnu.trove.map.hash.TByteObjectHashMap,org.pitest.mutationtest.engine.gregor.mutators.ReturnValsMutator,toString,1023,KILLED,gnu.trove.map.hash.TByteObjectHashMap_ESTest.test00
TByteObjectHashMap.java,gnu.trove.map.hash.TByteObjectHashMap,org.pitest.mutationtest.engine.gregor.mutators.experimental.NakedReceiverMutator,toString,1022,KILLED,gnu.trove.map.hash.TByteObjectHashMap_ESTest.test00
TByteObjectHashMap.java,gnu.trove.map.hash.TByteObjectHashMap,org.pitest.mutationtest.engine.gregor.mutators.ArgumentPropagationMutator,transformValues,457,NO_COVERAGE,none
TByteObjectHashMap.java,gnu.trove.map.hash.TByteObjectHashMap,org.pitest.mutationtest.engine.gregor.mutators.ConditionalsBoundaryMutator,transformValues,455,KILLED,gnu.trove.map.hash.TByteObjectHashMap_ESTest.test25
TByteObjectHashMap.java,gnu.trove.map.hash.TByteObjectHashMap,org.pitest.mutationtest.engine.gregor.mutators.IncrementsMutator,transformValues,455,KILLED,gnu.trove.map.hash.TByteObjectHashMap_ESTest.test25
TByteObjectHashMap.java,gnu.trove.map.hash.TByteObjectHashMap,org.pitest.mutationtest.engine.gregor.mutators.InlineConstantMutator,transformValues,456,KILLED,gnu.trove.map.hash.TByteObjectHashMap_ESTest.test25
TByteObjectHashMap.java,gnu.trove.map.hash.TByteObjectHashMap,org.pitest.mutationtest.engine.gregor.mutators.NegateConditionalsMutator,transformValues,455,SURVIVED,none
TByteObjectHashMap.java,gnu.trove.map.hash.TByteObjectHashMap,org.pitest.mutationtest.engine.gregor.mutators.NegateConditionalsMutator,transformValues,456,KILLED,gnu.trove.map.hash.TByteObjectHashMap_ESTest.test25
TByteObjectHashMap.java,gnu.trove.map.hash.TByteObjectHashMap,org.pitest.mutationtest.engine.gregor.mutators.NonVoidMethodCallMutator,transformValues,457,NO_COVERAGE,none
TByteObjectHashMap.java,gnu.trove.map.hash.TByteObjectHashMap,org.pitest.mutationtest.engine.gregor.mutators.RemoveConditionalMutator_EQUAL_ELSE,transformValues,456,SURVIVED,none
TByteObjectHashMap.java,gnu.trove.map.hash.TByteObjectHashMap,org.pitest.mutationtest.engine.gregor.mutators.RemoveConditionalMutator_EQUAL_IF,transformValues,456,KILLED,gnu.trove.map.hash.TByteObjectHashMap_ESTest.test25
TByteObjectHashMap.java,gnu.trove.map.hash.TByteObjectHashMap,org.pitest.mutationtest.engine.gregor.mutators.RemoveConditionalMutator_ORDER_ELSE,transformValues,455,SURVIVED,none
TByteObjectHashMap.java,gnu.trove.map.hash.TByteObjectHashMap,org.pitest.mutationtest.engine.gregor.mutators.RemoveConditionalMutator_ORDER_IF,transformValues,455,KILLED,gnu.trove.map.hash.TByteObjectHashMap_ESTest.test25
TByteObjectHashMap.java,gnu.trove.map.hash.TByteObjectHashMap,org.pitest.mutationtest.engine.gregor.mutators.experimental.RemoveIncrementsMutator,transformValues,455,KILLED,gnu.trove.map.hash.TByteObjectHashMap_ESTest.test25
TByteObjectHashMap.java,gnu.trove.map.hash.TByteObjectHashMap,org.pitest.mutationtest.engine.gregor.mutators.ConstructorCallMutator,valueCollection,345,KILLED,gnu.trove.map.hash.TByteObjectHashMap_ESTest.test61
TByteObjectHashMap.java,gnu.trove.map.hash.TByteObjectHashMap,org.pitest.mutationtest.engine.gregor.mutators.EmptyObjectReturnValsMutator,valueCollection,345,SURVIVED,none
TByteObjectHashMap.java,gnu.trove.map.hash.TByteObjectHashMap,org.pitest.mutationtest.engine.gregor.mutators.ReturnValsMutator,valueCollection,345,KILLED,gnu.trove.map.hash.TByteObjectHashMap_ESTest.test61
TByteObjectHashMap.java,gnu.trove.map.hash.TByteObjectHashMap,org.pitest.mutationtest.engine.gregor.mutators.ConditionalsBoundaryMutator,values,356,KILLED,gnu.trove.map.hash.TByteObjectHashMap_ESTest.test31
TByteObjectHashMap.java,gnu.trove.map.hash.TByteObjectHashMap,org.pitest.mutationtest.engine.gregor.mutators.IncrementsMutator,values,356,KILLED,gnu.trove.map.hash.TByteObjectHashMap_ESTest.test31
TByteObjectHashMap.java,gnu.trove.map.hash.TByteObjectHashMap,org.pitest.mutationtest.engine.gregor.mutators.IncrementsMutator,values,358,SURVIVED,none
TByteObjectHashMap.java,gnu.trove.map.hash.TByteObjectHashMap,org.pitest.mutationtest.engine.gregor.mutators.InlineConstantMutator,values,356,KILLED,gnu.trove.map.hash.TByteObjectHashMap_ESTest.test31
TByteObjectHashMap.java,gnu.trove.map.hash.TByteObjectHashMap,org.pitest.mutationtest.engine.gregor.mutators.InlineConstantMutator,values,357,KILLED,gnu.trove.map.hash.TByteObjectHashMap_ESTest.test31
TByteObjectHashMap.java,gnu.trove.map.hash.TByteObjectHashMap,org.pitest.mutationtest.engine.gregor.mutators.NegateConditionalsMutator,values,356,SURVIVED,none
TByteObjectHashMap.java,gnu.trove.map.hash.TByteObjectHashMap,org.pitest.mutationtest.engine.gregor.mutators.NegateConditionalsMutator,values,357,KILLED,gnu.trove.map.hash.TByteObjectHashMap_ESTest.test31
TByteObjectHashMap.java,gnu.trove.map.hash.TByteObjectHashMap,org.pitest.mutationtest.engine.gregor.mutators.NonVoidMethodCallMutator,values,352,KILLED,gnu.trove.map.hash.TByteObjectHashMap_ESTest.test31
TByteObjectHashMap.java,gnu.trove.map.hash.TByteObjectHashMap,org.pitest.mutationtest.engine.gregor.mutators.NullReturnValsMutator,values,361,KILLED,gnu.trove.map.hash.TByteObjectHashMap_ESTest.test31
TByteObjectHashMap.java,gnu.trove.map.hash.TByteObjectHashMap,org.pitest.mutationtest.engine.gregor.mutators.RemoveConditionalMutator_EQUAL_ELSE,values,357,SURVIVED,none
TByteObjectHashMap.java,gnu.trove.map.hash.TByteObjectHashMap,org.pitest.mutationtest.engine.gregor.mutators.RemoveConditionalMutator_EQUAL_IF,values,357,KILLED,gnu.trove.map.hash.TByteObjectHashMap_ESTest.test31
TByteObjectHashMap.java,gnu.trove.map.hash.TByteObjectHashMap,org.pitest.mutationtest.engine.gregor.mutators.RemoveConditionalMutator_ORDER_ELSE,values,356,SURVIVED,none
TByteObjectHashMap.java,gnu.trove.map.hash.TByteObjectHashMap,org.pitest.mutationtest.engine.gregor.mutators.RemoveConditionalMutator_ORDER_IF,values,356,KILLED,gnu.trove.map.hash.TByteObjectHashMap_ESTest.test31
TByteObjectHashMap.java,gnu.trove.map.hash.TByteObjectHashMap,org.pitest.mutationtest.engine.gregor.mutators.ReturnValsMutator,values,361,KILLED,gnu.trove.map.hash.TByteObjectHashMap_ESTest.test31
TByteObjectHashMap.java,gnu.trove.map.hash.TByteObjectHashMap,org.pitest.mutationtest.engine.gregor.mutators.experimental.RemoveIncrementsMutator,values,356,KILLED,gnu.trove.map.hash.TByteObjectHashMap_ESTest.test31
TByteObjectHashMap.java,gnu.trove.map.hash.TByteObjectHashMap,org.pitest.mutationtest.engine.gregor.mutators.experimental.RemoveIncrementsMutator,values,358,SURVIVED,none
TByteObjectHashMap.java,gnu.trove.map.hash.TByteObjectHashMap,org.pitest.mutationtest.engine.gregor.mutators.ConditionalsBoundaryMutator,values,368,SURVIVED,none
TByteObjectHashMap.java,gnu.trove.map.hash.TByteObjectHashMap,org.pitest.mutationtest.engine.gregor.mutators.ConditionalsBoundaryMutator,values,376,KILLED,gnu.trove.map.hash.TByteObjectHashMap_ESTest.test30
TByteObjectHashMap.java,gnu.trove.map.hash.TByteObjectHashMap,org.pitest.mutationtest.engine.gregor.mutators.IncrementsMutator,values,376,KILLED,gnu.trove.map.hash.TByteObjectHashMap_ESTest.test30
TByteObjectHashMap.java,gnu.trove.map.hash.TByteObjectHashMap,org.pitest.mutationtest.engine.gregor.mutators.IncrementsMutator,values,378,SURVIVED,none
TByteObjectHashMap.java,gnu.trove.map.hash.TByteObjectHashMap,org.pitest.mutationtest.engine.gregor.mutators.InlineConstantMutator,values,376,KILLED,gnu.trove.map.hash.TByteObjectHashMap_ESTest.test29
TByteObjectHashMap.java,gnu.trove.map.hash.TByteObjectHashMap,org.pitest.mutationtest.engine.gregor.mutators.InlineConstantMutator,values,377,KILLED,gnu.trove.map.hash.TByteObjectHashMap_ESTest.test30
TByteObjectHashMap.java,gnu.trove.map.hash.TByteObjectHashMap,org.pitest.mutationtest.engine.gregor.mutators.NegateConditionalsMutator,values,368,KILLED,gnu.trove.map.hash.TByteObjectHashMap_ESTest.test30
TByteObjectHashMap.java,gnu.trove.map.hash.TByteObjectHashMap,org.pitest.mutationtest.engine.gregor.mutators.NegateConditionalsMutator,values,376,SURVIVED,none
TByteObjectHashMap.java,gnu.trove.map.hash.TByteObjectHashMap,org.pitest.mutationtest.engine.gregor.mutators.NegateConditionalsMutator,values,377,KILLED,gnu.trove.map.hash.TByteObjectHashMap_ESTest.test30
TByteObjectHashMap.java,gnu.trove.map.hash.TByteObjectHashMap,org.pitest.mutationtest.engine.gregor.mutators.NonVoidMethodCallMutator,values,369,KILLED,gnu.trove.map.hash.TByteObjectHashMap_ESTest.test29
TByteObjectHashMap.java,gnu.trove.map.hash.TByteObjectHashMap,org.pitest.mutationtest.engine.gregor.mutators.NonVoidMethodCallMutator,values,369,KILLED,gnu.trove.map.hash.TByteObjectHashMap_ESTest.test29
TByteObjectHashMap.java,gnu.trove.map.hash.TByteObjectHashMap,org.pitest.mutationtest.engine.gregor.mutators.NonVoidMethodCallMutator,values,369,KILLED,gnu.trove.map.hash.TByteObjectHashMap_ESTest.test29
TByteObjectHashMap.java,gnu.trove.map.hash.TByteObjectHashMap,org.pitest.mutationtest.engine.gregor.mutators.NullReturnValsMutator,values,381,KILLED,gnu.trove.map.hash.TByteObjectHashMap_ESTest.test30
TByteObjectHashMap.java,gnu.trove.map.hash.TByteObjectHashMap,org.pitest.mutationtest.engine.gregor.mutators.RemoveConditionalMutator_EQUAL_ELSE,values,377,SURVIVED,none
TByteObjectHashMap.java,gnu.trove.map.hash.TByteObjectHashMap,org.pitest.mutationtest.engine.gregor.mutators.RemoveConditionalMutator_EQUAL_IF,values,377,KILLED,gnu.trove.map.hash.TByteObjectHashMap_ESTest.test30
TByteObjectHashMap.java,gnu.trove.map.hash.TByteObjectHashMap,org.pitest.mutationtest.engine.gregor.mutators.RemoveConditionalMutator_ORDER_ELSE,values,368,KILLED,gnu.trove.map.hash.TByteObjectHashMap_ESTest.test29
TByteObjectHashMap.java,gnu.trove.map.hash.TByteObjectHashMap,org.pitest.mutationtest.engine.gregor.mutators.RemoveConditionalMutator_ORDER_ELSE,values,376,SURVIVED,none
TByteObjectHashMap.java,gnu.trove.map.hash.TByteObjectHashMap,org.pitest.mutationtest.engine.gregor.mutators.RemoveConditionalMutator_ORDER_IF,values,368,KILLED,gnu.trove.map.hash.TByteObjectHashMap_ESTest.test30
TByteObjectHashMap.java,gnu.trove.map.hash.TByteObjectHashMap,org.pitest.mutationtest.engine.gregor.mutators.RemoveConditionalMutator_ORDER_IF,values,376,KILLED,gnu.trove.map.hash.TByteObjectHashMap_ESTest.test30
TByteObjectHashMap.java,gnu.trove.map.hash.TByteObjectHashMap,org.pitest.mutationtest.engine.gregor.mutators.ReturnValsMutator,values,381,KILLED,gnu.trove.map.hash.TByteObjectHashMap_ESTest.test30
TByteObjectHashMap.java,gnu.trove.map.hash.TByteObjectHashMap,org.pitest.mutationtest.engine.gregor.mutators.experimental.NakedReceiverMutator,values,369,KILLED,gnu.trove.map.hash.TByteObjectHashMap_ESTest.test29
TByteObjectHashMap.java,gnu.trove.map.hash.TByteObjectHashMap,org.pitest.mutationtest.engine.gregor.mutators.experimental.RemoveIncrementsMutator,values,376,KILLED,gnu.trove.map.hash.TByteObjectHashMap_ESTest.test30
TByteObjectHashMap.java,gnu.trove.map.hash.TByteObjectHashMap,org.pitest.mutationtest.engine.gregor.mutators.experimental.RemoveIncrementsMutator,values,378,SURVIVED,none
TByteObjectHashMap.java,gnu.trove.map.hash.TByteObjectHashMap,org.pitest.mutationtest.engine.gregor.mutators.ConditionalsBoundaryMutator,writeExternal,973,KILLED,gnu.trove.map.hash.TByteObjectHashMap_ESTest.test01
TByteObjectHashMap.java,gnu.trove.map.hash.TByteObjectHashMap,org.pitest.mutationtest.engine.gregor.mutators.IncrementsMutator,writeExternal,973,KILLED,gnu.trove.map.hash.TByteObjectHashMap_ESTest.test01
TByteObjectHashMap.java,gnu.trove.map.hash.TByteObjectHashMap,org.pitest.mutationtest.engine.gregor.mutators.InlineConstantMutator,writeExternal,961,SURVIVED,none
TByteObjectHashMap.java,gnu.trove.map.hash.TByteObjectHashMap,org.pitest.mutationtest.engine.gregor.mutators.InlineConstantMutator,writeExternal,974,KILLED,gnu.trove.map.hash.TByteObjectHashMap_ESTest.test01
TByteObjectHashMap.java,gnu.trove.map.hash.TByteObjectHashMap,org.pitest.mutationtest.engine.gregor.mutators.NegateConditionalsMutator,writeExternal,973,SURVIVED,none
TByteObjectHashMap.java,gnu.trove.map.hash.TByteObjectHashMap,org.pitest.mutationtest.engine.gregor.mutators.NegateConditionalsMutator,writeExternal,974,KILLED,gnu.trove.map.hash.TByteObjectHashMap_ESTest.test01
TByteObjectHashMap.java,gnu.trove.map.hash.TByteObjectHashMap,org.pitest.mutationtest.engine.gregor.mutators.RemoveConditionalMutator_EQUAL_ELSE,writeExternal,974,SURVIVED,none
TByteObjectHashMap.java,gnu.trove.map.hash.TByteObjectHashMap,org.pitest.mutationtest.engine.gregor.mutators.RemoveConditionalMutator_EQUAL_IF,writeExternal,974,KILLED,gnu.trove.map.hash.TByteObjectHashMap_ESTest.test01
TByteObjectHashMap.java,gnu.trove.map.hash.TByteObjectHashMap,org.pitest.mutationtest.engine.gregor.mutators.RemoveConditionalMutator_ORDER_ELSE,writeExternal,973,SURVIVED,none
TByteObjectHashMap.java,gnu.trove.map.hash.TByteObjectHashMap,org.pitest.mutationtest.engine.gregor.mutators.RemoveConditionalMutator_ORDER_IF,writeExternal,973,KILLED,gnu.trove.map.hash.TByteObjectHashMap_ESTest.test01
TByteObjectHashMap.java,gnu.trove.map.hash.TByteObjectHashMap,org.pitest.mutationtest.engine.gregor.mutators.VoidMethodCallMutator,writeExternal,961,SURVIVED,none
TByteObjectHashMap.java,gnu.trove.map.hash.TByteObjectHashMap,org.pitest.mutationtest.engine.gregor.mutators.VoidMethodCallMutator,writeExternal,964,SURVIVED,none
TByteObjectHashMap.java,gnu.trove.map.hash.TByteObjectHashMap,org.pitest.mutationtest.engine.gregor.mutators.VoidMethodCallMutator,writeExternal,967,SURVIVED,none
TByteObjectHashMap.java,gnu.trove.map.hash.TByteObjectHashMap,org.pitest.mutationtest.engine.gregor.mutators.VoidMethodCallMutator,writeExternal,970,SURVIVED,none
TByteObjectHashMap.java,gnu.trove.map.hash.TByteObjectHashMap,org.pitest.mutationtest.engine.gregor.mutators.VoidMethodCallMutator,writeExternal,975,NO_COVERAGE,none
TByteObjectHashMap.java,gnu.trove.map.hash.TByteObjectHashMap,org.pitest.mutationtest.engine.gregor.mutators.VoidMethodCallMutator,writeExternal,976,NO_COVERAGE,none
TByteObjectHashMap.java,gnu.trove.map.hash.TByteObjectHashMap,org.pitest.mutationtest.engine.gregor.mutators.experimental.RemoveIncrementsMutator,writeExternal,973,KILLED,gnu.trove.map.hash.TByteObjectHashMap_ESTest.test01
