JSJshop.java,umd.cs.shop.JSJshop,org.pitest.mutationtest.engine.gregor.mutators.ConstructorCallMutator,<init>,29,KILLED,umd.cs.shop.JSJshop_ESTest.test13
JSJshop.java,umd.cs.shop.JSJshop,org.pitest.mutationtest.engine.gregor.mutators.experimental.MemberVariableMutator,<init>,29,KILLED,umd.cs.shop.JSJshop_ESTest.test13
JSJshop.java,umd.cs.shop.JSJshop,org.pitest.mutationtest.engine.gregor.mutators.experimental.MemberVariableMutator,<init>,33,KILLED,umd.cs.shop.JSJshop_ESTest.test13
JSJshop.java,umd.cs.shop.JSJshop,org.pitest.mutationtest.engine.gregor.mutators.ConditionalsBoundaryMutator,<init>,117,NO_COVERAGE,none
JSJshop.java,umd.cs.shop.JSJshop,org.pitest.mutationtest.engine.gregor.mutators.ConditionalsBoundaryMutator,<init>,137,NO_COVERAGE,none
JSJshop.java,umd.cs.shop.JSJshop,org.pitest.mutationtest.engine.gregor.mutators.ConditionalsBoundaryMutator,<init>,139,NO_COVERAGE,none
JSJshop.java,umd.cs.shop.JSJshop,org.pitest.mutationtest.engine.gregor.mutators.ConstructorCallMutator,<init>,29,KILLED,umd.cs.shop.JSJshop_ESTest.test13
JSJshop.java,umd.cs.shop.JSJshop,org.pitest.mutationtest.engine.gregor.mutators.ConstructorCallMutator,<init>,100,KILLED,umd.cs.shop.JSJshop_ESTest.test13
JSJshop.java,umd.cs.shop.JSJshop,org.pitest.mutationtest.engine.gregor.mutators.ConstructorCallMutator,<init>,107,NO_COVERAGE,none
JSJshop.java,umd.cs.shop.JSJshop,org.pitest.mutationtest.engine.gregor.mutators.ConstructorCallMutator,<init>,120,NO_COVERAGE,none
JSJshop.java,umd.cs.shop.JSJshop,org.pitest.mutationtest.engine.gregor.mutators.ConstructorCallMutator,<init>,125,NO_COVERAGE,none
JSJshop.java,umd.cs.shop.JSJshop,org.pitest.mutationtest.engine.gregor.mutators.ConstructorCallMutator,<init>,127,NO_COVERAGE,none
JSJshop.java,umd.cs.shop.JSJshop,org.pitest.mutationtest.engine.gregor.mutators.ConstructorCallMutator,<init>,127,NO_COVERAGE,none
JSJshop.java,umd.cs.shop.JSJshop,org.pitest.mutationtest.engine.gregor.mutators.ConstructorCallMutator,<init>,127,NO_COVERAGE,none
JSJshop.java,umd.cs.shop.JSJshop,org.pitest.mutationtest.engine.gregor.mutators.ConstructorCallMutator,<init>,127,NO_COVERAGE,none
JSJshop.java,umd.cs.shop.JSJshop,org.pitest.mutationtest.engine.gregor.mutators.ConstructorCallMutator,<init>,136,NO_COVERAGE,none
JSJshop.java,umd.cs.shop.JSJshop,org.pitest.mutationtest.engine.gregor.mutators.ConstructorCallMutator,<init>,141,NO_COVERAGE,none
JSJshop.java,umd.cs.shop.JSJshop,org.pitest.mutationtest.engine.gregor.mutators.IncrementsMutator,<init>,117,NO_COVERAGE,none
JSJshop.java,umd.cs.shop.JSJshop,org.pitest.mutationtest.engine.gregor.mutators.InlineConstantMutator,<init>,103,KILLED,umd.cs.shop.JSJshop_ESTest.test09
JSJshop.java,umd.cs.shop.JSJshop,org.pitest.mutationtest.engine.gregor.mutators.InlineConstantMutator,<init>,110,NO_COVERAGE,none
JSJshop.java,umd.cs.shop.JSJshop,org.pitest.mutationtest.engine.gregor.mutators.InlineConstantMutator,<init>,117,NO_COVERAGE,none
JSJshop.java,umd.cs.shop.JSJshop,org.pitest.mutationtest.engine.gregor.mutators.InlineConstantMutator,<init>,133,NO_COVERAGE,none
JSJshop.java,umd.cs.shop.JSJshop,org.pitest.mutationtest.engine.gregor.mutators.InlineConstantMutator,<init>,139,NO_COVERAGE,none
JSJshop.java,umd.cs.shop.JSJshop,org.pitest.mutationtest.engine.gregor.mutators.InlineConstantMutator,<init>,141,NO_COVERAGE,none
JSJshop.java,umd.cs.shop.JSJshop,org.pitest.mutationtest.engine.gregor.mutators.MathMutator,<init>,141,NO_COVERAGE,none
JSJshop.java,umd.cs.shop.JSJshop,org.pitest.mutationtest.engine.gregor.mutators.NegateConditionalsMutator,<init>,101,KILLED,umd.cs.shop.JSJshop_ESTest.test13
JSJshop.java,umd.cs.shop.JSJshop,org.pitest.mutationtest.engine.gregor.mutators.NegateConditionalsMutator,<init>,102,KILLED,umd.cs.shop.JSJshop_ESTest.test09
JSJshop.java,umd.cs.shop.JSJshop,org.pitest.mutationtest.engine.gregor.mutators.NegateConditionalsMutator,<init>,108,NO_COVERAGE,none
JSJshop.java,umd.cs.shop.JSJshop,org.pitest.mutationtest.engine.gregor.mutators.NegateConditionalsMutator,<init>,109,NO_COVERAGE,none
JSJshop.java,umd.cs.shop.JSJshop,org.pitest.mutationtest.engine.gregor.mutators.NegateConditionalsMutator,<init>,117,NO_COVERAGE,none
JSJshop.java,umd.cs.shop.JSJshop,org.pitest.mutationtest.engine.gregor.mutators.NegateConditionalsMutator,<init>,122,NO_COVERAGE,none
JSJshop.java,umd.cs.shop.JSJshop,org.pitest.mutationtest.engine.gregor.mutators.NegateConditionalsMutator,<init>,137,NO_COVERAGE,none
JSJshop.java,umd.cs.shop.JSJshop,org.pitest.mutationtest.engine.gregor.mutators.NegateConditionalsMutator,<init>,139,NO_COVERAGE,none
JSJshop.java,umd.cs.shop.JSJshop,org.pitest.mutationtest.engine.gregor.mutators.NonVoidMethodCallMutator,<init>,100,KILLED,umd.cs.shop.JSJshop_ESTest.test13
JSJshop.java,umd.cs.shop.JSJshop,org.pitest.mutationtest.engine.gregor.mutators.NonVoidMethodCallMutator,<init>,100,KILLED,umd.cs.shop.JSJshop_ESTest.test13
JSJshop.java,umd.cs.shop.JSJshop,org.pitest.mutationtest.engine.gregor.mutators.NonVoidMethodCallMutator,<init>,100,KILLED,umd.cs.shop.JSJshop_ESTest.test13
JSJshop.java,umd.cs.shop.JSJshop,org.pitest.mutationtest.engine.gregor.mutators.NonVoidMethodCallMutator,<init>,101,KILLED,umd.cs.shop.JSJshop_ESTest.test13
JSJshop.java,umd.cs.shop.JSJshop,org.pitest.mutationtest.engine.gregor.mutators.NonVoidMethodCallMutator,<init>,107,NO_COVERAGE,none
JSJshop.java,umd.cs.shop.JSJshop,org.pitest.mutationtest.engine.gregor.mutators.NonVoidMethodCallMutator,<init>,107,NO_COVERAGE,none
JSJshop.java,umd.cs.shop.JSJshop,org.pitest.mutationtest.engine.gregor.mutators.NonVoidMethodCallMutator,<init>,107,NO_COVERAGE,none
JSJshop.java,umd.cs.shop.JSJshop,org.pitest.mutationtest.engine.gregor.mutators.NonVoidMethodCallMutator,<init>,108,NO_COVERAGE,none
JSJshop.java,umd.cs.shop.JSJshop,org.pitest.mutationtest.engine.gregor.mutators.NonVoidMethodCallMutator,<init>,117,NO_COVERAGE,none
JSJshop.java,umd.cs.shop.JSJshop,org.pitest.mutationtest.engine.gregor.mutators.NonVoidMethodCallMutator,<init>,119,NO_COVERAGE,none
JSJshop.java,umd.cs.shop.JSJshop,org.pitest.mutationtest.engine.gregor.mutators.NonVoidMethodCallMutator,<init>,120,NO_COVERAGE,none
JSJshop.java,umd.cs.shop.JSJshop,org.pitest.mutationtest.engine.gregor.mutators.NonVoidMethodCallMutator,<init>,120,NO_COVERAGE,none
JSJshop.java,umd.cs.shop.JSJshop,org.pitest.mutationtest.engine.gregor.mutators.NonVoidMethodCallMutator,<init>,120,NO_COVERAGE,none
JSJshop.java,umd.cs.shop.JSJshop,org.pitest.mutationtest.engine.gregor.mutators.NonVoidMethodCallMutator,<init>,120,NO_COVERAGE,none
JSJshop.java,umd.cs.shop.JSJshop,org.pitest.mutationtest.engine.gregor.mutators.NonVoidMethodCallMutator,<init>,121,NO_COVERAGE,none
JSJshop.java,umd.cs.shop.JSJshop,org.pitest.mutationtest.engine.gregor.mutators.NonVoidMethodCallMutator,<init>,122,NO_COVERAGE,none
JSJshop.java,umd.cs.shop.JSJshop,org.pitest.mutationtest.engine.gregor.mutators.NonVoidMethodCallMutator,<init>,133,NO_COVERAGE,none
JSJshop.java,umd.cs.shop.JSJshop,org.pitest.mutationtest.engine.gregor.mutators.NonVoidMethodCallMutator,<init>,134,NO_COVERAGE,none
JSJshop.java,umd.cs.shop.JSJshop,org.pitest.mutationtest.engine.gregor.mutators.NonVoidMethodCallMutator,<init>,134,NO_COVERAGE,none
JSJshop.java,umd.cs.shop.JSJshop,org.pitest.mutationtest.engine.gregor.mutators.NonVoidMethodCallMutator,<init>,136,NO_COVERAGE,none
JSJshop.java,umd.cs.shop.JSJshop,org.pitest.mutationtest.engine.gregor.mutators.NonVoidMethodCallMutator,<init>,136,NO_COVERAGE,none
JSJshop.java,umd.cs.shop.JSJshop,org.pitest.mutationtest.engine.gregor.mutators.NonVoidMethodCallMutator,<init>,136,NO_COVERAGE,none
JSJshop.java,umd.cs.shop.JSJshop,org.pitest.mutationtest.engine.gregor.mutators.NonVoidMethodCallMutator,<init>,136,NO_COVERAGE,none
JSJshop.java,umd.cs.shop.JSJshop,org.pitest.mutationtest.engine.gregor.mutators.NonVoidMethodCallMutator,<init>,139,NO_COVERAGE,none
JSJshop.java,umd.cs.shop.JSJshop,org.pitest.mutationtest.engine.gregor.mutators.NonVoidMethodCallMutator,<init>,141,NO_COVERAGE,none
JSJshop.java,umd.cs.shop.JSJshop,org.pitest.mutationtest.engine.gregor.mutators.NonVoidMethodCallMutator,<init>,141,NO_COVERAGE,none
JSJshop.java,umd.cs.shop.JSJshop,org.pitest.mutationtest.engine.gregor.mutators.NonVoidMethodCallMutator,<init>,141,NO_COVERAGE,none
JSJshop.java,umd.cs.shop.JSJshop,org.pitest.mutationtest.engine.gregor.mutators.NonVoidMethodCallMutator,<init>,142,NO_COVERAGE,none
JSJshop.java,umd.cs.shop.JSJshop,org.pitest.mutationtest.engine.gregor.mutators.NonVoidMethodCallMutator,<init>,143,NO_COVERAGE,none
JSJshop.java,umd.cs.shop.JSJshop,org.pitest.mutationtest.engine.gregor.mutators.NonVoidMethodCallMutator,<init>,143,NO_COVERAGE,none
JSJshop.java,umd.cs.shop.JSJshop,org.pitest.mutationtest.engine.gregor.mutators.RemoveConditionalMutator_EQUAL_ELSE,<init>,101,KILLED,umd.cs.shop.JSJshop_ESTest.test13
JSJshop.java,umd.cs.shop.JSJshop,org.pitest.mutationtest.engine.gregor.mutators.RemoveConditionalMutator_EQUAL_ELSE,<init>,102,KILLED,umd.cs.shop.JSJshop_ESTest.test09
JSJshop.java,umd.cs.shop.JSJshop,org.pitest.mutationtest.engine.gregor.mutators.RemoveConditionalMutator_EQUAL_ELSE,<init>,108,NO_COVERAGE,none
JSJshop.java,umd.cs.shop.JSJshop,org.pitest.mutationtest.engine.gregor.mutators.RemoveConditionalMutator_EQUAL_ELSE,<init>,109,NO_COVERAGE,none
JSJshop.java,umd.cs.shop.JSJshop,org.pitest.mutationtest.engine.gregor.mutators.RemoveConditionalMutator_EQUAL_ELSE,<init>,122,NO_COVERAGE,none
JSJshop.java,umd.cs.shop.JSJshop,org.pitest.mutationtest.engine.gregor.mutators.RemoveConditionalMutator_EQUAL_IF,<init>,101,KILLED,umd.cs.shop.JSJshop_ESTest.test13
JSJshop.java,umd.cs.shop.JSJshop,org.pitest.mutationtest.engine.gregor.mutators.RemoveConditionalMutator_EQUAL_IF,<init>,102,KILLED,umd.cs.shop.JSJshop_ESTest.test09
JSJshop.java,umd.cs.shop.JSJshop,org.pitest.mutationtest.engine.gregor.mutators.RemoveConditionalMutator_EQUAL_IF,<init>,108,NO_COVERAGE,none
JSJshop.java,umd.cs.shop.JSJshop,org.pitest.mutationtest.engine.gregor.mutators.RemoveConditionalMutator_EQUAL_IF,<init>,109,NO_COVERAGE,none
JSJshop.java,umd.cs.shop.JSJshop,org.pitest.mutationtest.engine.gregor.mutators.RemoveConditionalMutator_EQUAL_IF,<init>,122,NO_COVERAGE,none
JSJshop.java,umd.cs.shop.JSJshop,org.pitest.mutationtest.engine.gregor.mutators.RemoveConditionalMutator_ORDER_ELSE,<init>,117,NO_COVERAGE,none
JSJshop.java,umd.cs.shop.JSJshop,org.pitest.mutationtest.engine.gregor.mutators.RemoveConditionalMutator_ORDER_ELSE,<init>,137,NO_COVERAGE,none
JSJshop.java,umd.cs.shop.JSJshop,org.pitest.mutationtest.engine.gregor.mutators.RemoveConditionalMutator_ORDER_ELSE,<init>,139,NO_COVERAGE,none
JSJshop.java,umd.cs.shop.JSJshop,org.pitest.mutationtest.engine.gregor.mutators.RemoveConditionalMutator_ORDER_IF,<init>,117,NO_COVERAGE,none
JSJshop.java,umd.cs.shop.JSJshop,org.pitest.mutationtest.engine.gregor.mutators.RemoveConditionalMutator_ORDER_IF,<init>,137,NO_COVERAGE,none
JSJshop.java,umd.cs.shop.JSJshop,org.pitest.mutationtest.engine.gregor.mutators.RemoveConditionalMutator_ORDER_IF,<init>,139,NO_COVERAGE,none
JSJshop.java,umd.cs.shop.JSJshop,org.pitest.mutationtest.engine.gregor.mutators.VoidMethodCallMutator,<init>,100,KILLED,umd.cs.shop.JSJshop_ESTest.test13
JSJshop.java,umd.cs.shop.JSJshop,org.pitest.mutationtest.engine.gregor.mutators.VoidMethodCallMutator,<init>,103,KILLED,umd.cs.shop.JSJshop_ESTest.test09
JSJshop.java,umd.cs.shop.JSJshop,org.pitest.mutationtest.engine.gregor.mutators.VoidMethodCallMutator,<init>,106,NO_COVERAGE,none
JSJshop.java,umd.cs.shop.JSJshop,org.pitest.mutationtest.engine.gregor.mutators.VoidMethodCallMutator,<init>,107,NO_COVERAGE,none
JSJshop.java,umd.cs.shop.JSJshop,org.pitest.mutationtest.engine.gregor.mutators.VoidMethodCallMutator,<init>,110,NO_COVERAGE,none
JSJshop.java,umd.cs.shop.JSJshop,org.pitest.mutationtest.engine.gregor.mutators.VoidMethodCallMutator,<init>,114,NO_COVERAGE,none
JSJshop.java,umd.cs.shop.JSJshop,org.pitest.mutationtest.engine.gregor.mutators.VoidMethodCallMutator,<init>,120,NO_COVERAGE,none
JSJshop.java,umd.cs.shop.JSJshop,org.pitest.mutationtest.engine.gregor.mutators.VoidMethodCallMutator,<init>,126,NO_COVERAGE,none
JSJshop.java,umd.cs.shop.JSJshop,org.pitest.mutationtest.engine.gregor.mutators.VoidMethodCallMutator,<init>,128,NO_COVERAGE,none
JSJshop.java,umd.cs.shop.JSJshop,org.pitest.mutationtest.engine.gregor.mutators.VoidMethodCallMutator,<init>,136,NO_COVERAGE,none
JSJshop.java,umd.cs.shop.JSJshop,org.pitest.mutationtest.engine.gregor.mutators.VoidMethodCallMutator,<init>,138,NO_COVERAGE,none
JSJshop.java,umd.cs.shop.JSJshop,org.pitest.mutationtest.engine.gregor.mutators.VoidMethodCallMutator,<init>,141,NO_COVERAGE,none
JSJshop.java,umd.cs.shop.JSJshop,org.pitest.mutationtest.engine.gregor.mutators.VoidMethodCallMutator,<init>,143,NO_COVERAGE,none
JSJshop.java,umd.cs.shop.JSJshop,org.pitest.mutationtest.engine.gregor.mutators.experimental.MemberVariableMutator,<init>,29,KILLED,umd.cs.shop.JSJshop_ESTest.test13
JSJshop.java,umd.cs.shop.JSJshop,org.pitest.mutationtest.engine.gregor.mutators.experimental.MemberVariableMutator,<init>,33,KILLED,umd.cs.shop.JSJshop_ESTest.test13
JSJshop.java,umd.cs.shop.JSJshop,org.pitest.mutationtest.engine.gregor.mutators.experimental.MemberVariableMutator,<init>,119,NO_COVERAGE,none
JSJshop.java,umd.cs.shop.JSJshop,org.pitest.mutationtest.engine.gregor.mutators.experimental.MemberVariableMutator,<init>,125,NO_COVERAGE,none
JSJshop.java,umd.cs.shop.JSJshop,org.pitest.mutationtest.engine.gregor.mutators.experimental.MemberVariableMutator,<init>,127,NO_COVERAGE,none
JSJshop.java,umd.cs.shop.JSJshop,org.pitest.mutationtest.engine.gregor.mutators.experimental.MemberVariableMutator,<init>,133,NO_COVERAGE,none
JSJshop.java,umd.cs.shop.JSJshop,org.pitest.mutationtest.engine.gregor.mutators.experimental.MemberVariableMutator,<init>,134,NO_COVERAGE,none
JSJshop.java,umd.cs.shop.JSJshop,org.pitest.mutationtest.engine.gregor.mutators.experimental.NakedReceiverMutator,<init>,100,KILLED,umd.cs.shop.JSJshop_ESTest.test13
JSJshop.java,umd.cs.shop.JSJshop,org.pitest.mutationtest.engine.gregor.mutators.experimental.NakedReceiverMutator,<init>,100,KILLED,umd.cs.shop.JSJshop_ESTest.test13
JSJshop.java,umd.cs.shop.JSJshop,org.pitest.mutationtest.engine.gregor.mutators.experimental.NakedReceiverMutator,<init>,107,NO_COVERAGE,none
JSJshop.java,umd.cs.shop.JSJshop,org.pitest.mutationtest.engine.gregor.mutators.experimental.NakedReceiverMutator,<init>,107,NO_COVERAGE,none
JSJshop.java,umd.cs.shop.JSJshop,org.pitest.mutationtest.engine.gregor.mutators.experimental.NakedReceiverMutator,<init>,120,NO_COVERAGE,none
JSJshop.java,umd.cs.shop.JSJshop,org.pitest.mutationtest.engine.gregor.mutators.experimental.NakedReceiverMutator,<init>,120,NO_COVERAGE,none
JSJshop.java,umd.cs.shop.JSJshop,org.pitest.mutationtest.engine.gregor.mutators.experimental.NakedReceiverMutator,<init>,136,NO_COVERAGE,none
JSJshop.java,umd.cs.shop.JSJshop,org.pitest.mutationtest.engine.gregor.mutators.experimental.NakedReceiverMutator,<init>,136,NO_COVERAGE,none
JSJshop.java,umd.cs.shop.JSJshop,org.pitest.mutationtest.engine.gregor.mutators.experimental.NakedReceiverMutator,<init>,141,NO_COVERAGE,none
JSJshop.java,umd.cs.shop.JSJshop,org.pitest.mutationtest.engine.gregor.mutators.experimental.NakedReceiverMutator,<init>,141,NO_COVERAGE,none
JSJshop.java,umd.cs.shop.JSJshop,org.pitest.mutationtest.engine.gregor.mutators.experimental.RemoveIncrementsMutator,<init>,117,NO_COVERAGE,none
JSJshop.java,umd.cs.shop.JSJshop,org.pitest.mutationtest.engine.gregor.mutators.ConstructorCallMutator,<init>,29,KILLED,umd.cs.shop.JSJshop_ESTest.test13
JSJshop.java,umd.cs.shop.JSJshop,org.pitest.mutationtest.engine.gregor.mutators.NonVoidMethodCallMutator,<init>,165,KILLED,umd.cs.shop.JSJshop_ESTest.test21
JSJshop.java,umd.cs.shop.JSJshop,org.pitest.mutationtest.engine.gregor.mutators.experimental.MemberVariableMutator,<init>,29,KILLED,umd.cs.shop.JSJshop_ESTest.test13
JSJshop.java,umd.cs.shop.JSJshop,org.pitest.mutationtest.engine.gregor.mutators.experimental.MemberVariableMutator,<init>,33,KILLED,umd.cs.shop.JSJshop_ESTest.test13
JSJshop.java,umd.cs.shop.JSJshop,org.pitest.mutationtest.engine.gregor.mutators.NullReturnValsMutator,dom,497,SURVIVED,none
JSJshop.java,umd.cs.shop.JSJshop,org.pitest.mutationtest.engine.gregor.mutators.ReturnValsMutator,dom,497,KILLED,umd.cs.shop.JSJshop_ESTest.test16
JSJshop.java,umd.cs.shop.JSJshop,org.pitest.mutationtest.engine.gregor.mutators.NegateConditionalsMutator,getAddList,181,KILLED,umd.cs.shop.JSJshop_ESTest.test11
JSJshop.java,umd.cs.shop.JSJshop,org.pitest.mutationtest.engine.gregor.mutators.NonVoidMethodCallMutator,getAddList,182,NO_COVERAGE,none
JSJshop.java,umd.cs.shop.JSJshop,org.pitest.mutationtest.engine.gregor.mutators.NonVoidMethodCallMutator,getAddList,182,NO_COVERAGE,none
JSJshop.java,umd.cs.shop.JSJshop,org.pitest.mutationtest.engine.gregor.mutators.NonVoidMethodCallMutator,getAddList,182,NO_COVERAGE,none
JSJshop.java,umd.cs.shop.JSJshop,org.pitest.mutationtest.engine.gregor.mutators.NullReturnValsMutator,getAddList,182,NO_COVERAGE,none
JSJshop.java,umd.cs.shop.JSJshop,org.pitest.mutationtest.engine.gregor.mutators.RemoveConditionalMutator_EQUAL_ELSE,getAddList,181,KILLED,umd.cs.shop.JSJshop_ESTest.test11
JSJshop.java,umd.cs.shop.JSJshop,org.pitest.mutationtest.engine.gregor.mutators.RemoveConditionalMutator_EQUAL_IF,getAddList,181,SURVIVED,none
JSJshop.java,umd.cs.shop.JSJshop,org.pitest.mutationtest.engine.gregor.mutators.ReturnValsMutator,getAddList,181,KILLED,umd.cs.shop.JSJshop_ESTest.test11
JSJshop.java,umd.cs.shop.JSJshop,org.pitest.mutationtest.engine.gregor.mutators.ReturnValsMutator,getAddList,182,NO_COVERAGE,none
JSJshop.java,umd.cs.shop.JSJshop,org.pitest.mutationtest.engine.gregor.mutators.ConstructorCallMutator,getAppletURL,456,SURVIVED,none
JSJshop.java,umd.cs.shop.JSJshop,org.pitest.mutationtest.engine.gregor.mutators.ConstructorCallMutator,getAppletURL,456,SURVIVED,none
JSJshop.java,umd.cs.shop.JSJshop,org.pitest.mutationtest.engine.gregor.mutators.NonVoidMethodCallMutator,getAppletURL,456,KILLED,umd.cs.shop.JSJshop_ESTest.test22
JSJshop.java,umd.cs.shop.JSJshop,org.pitest.mutationtest.engine.gregor.mutators.NonVoidMethodCallMutator,getAppletURL,456,SURVIVED,none
JSJshop.java,umd.cs.shop.JSJshop,org.pitest.mutationtest.engine.gregor.mutators.NonVoidMethodCallMutator,getAppletURL,456,SURVIVED,none
JSJshop.java,umd.cs.shop.JSJshop,org.pitest.mutationtest.engine.gregor.mutators.NonVoidMethodCallMutator,getAppletURL,456,SURVIVED,none
JSJshop.java,umd.cs.shop.JSJshop,org.pitest.mutationtest.engine.gregor.mutators.NullReturnValsMutator,getAppletURL,456,SURVIVED,none
JSJshop.java,umd.cs.shop.JSJshop,org.pitest.mutationtest.engine.gregor.mutators.ReturnValsMutator,getAppletURL,456,SURVIVED,none
JSJshop.java,umd.cs.shop.JSJshop,org.pitest.mutationtest.engine.gregor.mutators.ReturnValsMutator,getAppletURL,457,NO_COVERAGE,none
JSJshop.java,umd.cs.shop.JSJshop,org.pitest.mutationtest.engine.gregor.mutators.experimental.NakedReceiverMutator,getAppletURL,456,SURVIVED,none
JSJshop.java,umd.cs.shop.JSJshop,org.pitest.mutationtest.engine.gregor.mutators.experimental.NakedReceiverMutator,getAppletURL,456,SURVIVED,none
JSJshop.java,umd.cs.shop.JSJshop,org.pitest.mutationtest.engine.gregor.mutators.NonVoidMethodCallMutator,getBufferedReader,389,NO_COVERAGE,none
JSJshop.java,umd.cs.shop.JSJshop,org.pitest.mutationtest.engine.gregor.mutators.NullReturnValsMutator,getBufferedReader,389,NO_COVERAGE,none
JSJshop.java,umd.cs.shop.JSJshop,org.pitest.mutationtest.engine.gregor.mutators.ReturnValsMutator,getBufferedReader,389,NO_COVERAGE,none
JSJshop.java,umd.cs.shop.JSJshop,org.pitest.mutationtest.engine.gregor.mutators.ArgumentPropagationMutator,getBufferedReader,441,NO_COVERAGE,none
JSJshop.java,umd.cs.shop.JSJshop,org.pitest.mutationtest.engine.gregor.mutators.ConstructorCallMutator,getBufferedReader,422,KILLED,umd.cs.shop.JSJshop_ESTest.test00
JSJshop.java,umd.cs.shop.JSJshop,org.pitest.mutationtest.engine.gregor.mutators.ConstructorCallMutator,getBufferedReader,422,KILLED,umd.cs.shop.JSJshop_ESTest.test00
JSJshop.java,umd.cs.shop.JSJshop,org.pitest.mutationtest.engine.gregor.mutators.ConstructorCallMutator,getBufferedReader,428,KILLED,umd.cs.shop.JSJshop_ESTest.test00
JSJshop.java,umd.cs.shop.JSJshop,org.pitest.mutationtest.engine.gregor.mutators.ConstructorCallMutator,getBufferedReader,434,NO_COVERAGE,none
JSJshop.java,umd.cs.shop.JSJshop,org.pitest.mutationtest.engine.gregor.mutators.ConstructorCallMutator,getBufferedReader,434,NO_COVERAGE,none
JSJshop.java,umd.cs.shop.JSJshop,org.pitest.mutationtest.engine.gregor.mutators.ConstructorCallMutator,getBufferedReader,441,NO_COVERAGE,none
JSJshop.java,umd.cs.shop.JSJshop,org.pitest.mutationtest.engine.gregor.mutators.ConstructorCallMutator,getBufferedReader,441,NO_COVERAGE,none
JSJshop.java,umd.cs.shop.JSJshop,org.pitest.mutationtest.engine.gregor.mutators.ConstructorCallMutator,getBufferedReader,446,NO_COVERAGE,none
JSJshop.java,umd.cs.shop.JSJshop,org.pitest.mutationtest.engine.gregor.mutators.NegateConditionalsMutator,getBufferedReader,395,SURVIVED,none
JSJshop.java,umd.cs.shop.JSJshop,org.pitest.mutationtest.engine.gregor.mutators.NegateConditionalsMutator,getBufferedReader,402,KILLED,umd.cs.shop.JSJshop_ESTest.test00
JSJshop.java,umd.cs.shop.JSJshop,org.pitest.mutationtest.engine.gregor.mutators.NegateConditionalsMutator,getBufferedReader,405,NO_COVERAGE,none
JSJshop.java,umd.cs.shop.JSJshop,org.pitest.mutationtest.engine.gregor.mutators.NegateConditionalsMutator,getBufferedReader,413,NO_COVERAGE,none
JSJshop.java,umd.cs.shop.JSJshop,org.pitest.mutationtest.engine.gregor.mutators.NegateConditionalsMutator,getBufferedReader,432,NO_COVERAGE,none
JSJshop.java,umd.cs.shop.JSJshop,org.pitest.mutationtest.engine.gregor.mutators.NonVoidMethodCallMutator,getBufferedReader,404,NO_COVERAGE,none
JSJshop.java,umd.cs.shop.JSJshop,org.pitest.mutationtest.engine.gregor.mutators.NonVoidMethodCallMutator,getBufferedReader,412,NO_COVERAGE,none
JSJshop.java,umd.cs.shop.JSJshop,org.pitest.mutationtest.engine.gregor.mutators.NonVoidMethodCallMutator,getBufferedReader,422,KILLED,umd.cs.shop.JSJshop_ESTest.test00
JSJshop.java,umd.cs.shop.JSJshop,org.pitest.mutationtest.engine.gregor.mutators.NonVoidMethodCallMutator,getBufferedReader,422,KILLED,umd.cs.shop.JSJshop_ESTest.test00
JSJshop.java,umd.cs.shop.JSJshop,org.pitest.mutationtest.engine.gregor.mutators.NonVoidMethodCallMutator,getBufferedReader,422,KILLED,umd.cs.shop.JSJshop_ESTest.test00
JSJshop.java,umd.cs.shop.JSJshop,org.pitest.mutationtest.engine.gregor.mutators.NonVoidMethodCallMutator,getBufferedReader,422,KILLED,umd.cs.shop.JSJshop_ESTest.test00
JSJshop.java,umd.cs.shop.JSJshop,org.pitest.mutationtest.engine.gregor.mutators.NonVoidMethodCallMutator,getBufferedReader,428,KILLED,umd.cs.shop.JSJshop_ESTest.test00
JSJshop.java,umd.cs.shop.JSJshop,org.pitest.mutationtest.engine.gregor.mutators.NonVoidMethodCallMutator,getBufferedReader,428,KILLED,umd.cs.shop.JSJshop_ESTest.test00
JSJshop.java,umd.cs.shop.JSJshop,org.pitest.mutationtest.engine.gregor.mutators.NonVoidMethodCallMutator,getBufferedReader,428,SURVIVED,none
JSJshop.java,umd.cs.shop.JSJshop,org.pitest.mutationtest.engine.gregor.mutators.NonVoidMethodCallMutator,getBufferedReader,441,NO_COVERAGE,none
JSJshop.java,umd.cs.shop.JSJshop,org.pitest.mutationtest.engine.gregor.mutators.NonVoidMethodCallMutator,getBufferedReader,446,NO_COVERAGE,none
JSJshop.java,umd.cs.shop.JSJshop,org.pitest.mutationtest.engine.gregor.mutators.NonVoidMethodCallMutator,getBufferedReader,446,NO_COVERAGE,none
JSJshop.java,umd.cs.shop.JSJshop,org.pitest.mutationtest.engine.gregor.mutators.NonVoidMethodCallMutator,getBufferedReader,446,NO_COVERAGE,none
JSJshop.java,umd.cs.shop.JSJshop,org.pitest.mutationtest.engine.gregor.mutators.NullReturnValsMutator,getBufferedReader,450,NO_COVERAGE,none
JSJshop.java,umd.cs.shop.JSJshop,org.pitest.mutationtest.engine.gregor.mutators.RemoveConditionalMutator_EQUAL_ELSE,getBufferedReader,395,SURVIVED,none
JSJshop.java,umd.cs.shop.JSJshop,org.pitest.mutationtest.engine.gregor.mutators.RemoveConditionalMutator_EQUAL_ELSE,getBufferedReader,402,SURVIVED,none
JSJshop.java,umd.cs.shop.JSJshop,org.pitest.mutationtest.engine.gregor.mutators.RemoveConditionalMutator_EQUAL_ELSE,getBufferedReader,405,NO_COVERAGE,none
JSJshop.java,umd.cs.shop.JSJshop,org.pitest.mutationtest.engine.gregor.mutators.RemoveConditionalMutator_EQUAL_ELSE,getBufferedReader,413,NO_COVERAGE,none
JSJshop.java,umd.cs.shop.JSJshop,org.pitest.mutationtest.engine.gregor.mutators.RemoveConditionalMutator_EQUAL_ELSE,getBufferedReader,432,NO_COVERAGE,none
JSJshop.java,umd.cs.shop.JSJshop,org.pitest.mutationtest.engine.gregor.mutators.RemoveConditionalMutator_EQUAL_IF,getBufferedReader,395,SURVIVED,none
JSJshop.java,umd.cs.shop.JSJshop,org.pitest.mutationtest.engine.gregor.mutators.RemoveConditionalMutator_EQUAL_IF,getBufferedReader,402,KILLED,umd.cs.shop.JSJshop_ESTest.test00
JSJshop.java,umd.cs.shop.JSJshop,org.pitest.mutationtest.engine.gregor.mutators.RemoveConditionalMutator_EQUAL_IF,getBufferedReader,405,NO_COVERAGE,none
JSJshop.java,umd.cs.shop.JSJshop,org.pitest.mutationtest.engine.gregor.mutators.RemoveConditionalMutator_EQUAL_IF,getBufferedReader,413,NO_COVERAGE,none
JSJshop.java,umd.cs.shop.JSJshop,org.pitest.mutationtest.engine.gregor.mutators.RemoveConditionalMutator_EQUAL_IF,getBufferedReader,432,NO_COVERAGE,none
JSJshop.java,umd.cs.shop.JSJshop,org.pitest.mutationtest.engine.gregor.mutators.ReturnValsMutator,getBufferedReader,395,KILLED,umd.cs.shop.JSJshop_ESTest.test08
JSJshop.java,umd.cs.shop.JSJshop,org.pitest.mutationtest.engine.gregor.mutators.ReturnValsMutator,getBufferedReader,408,NO_COVERAGE,none
JSJshop.java,umd.cs.shop.JSJshop,org.pitest.mutationtest.engine.gregor.mutators.ReturnValsMutator,getBufferedReader,416,NO_COVERAGE,none
JSJshop.java,umd.cs.shop.JSJshop,org.pitest.mutationtest.engine.gregor.mutators.ReturnValsMutator,getBufferedReader,429,KILLED,umd.cs.shop.JSJshop_ESTest.test00
JSJshop.java,umd.cs.shop.JSJshop,org.pitest.mutationtest.engine.gregor.mutators.ReturnValsMutator,getBufferedReader,447,NO_COVERAGE,none
JSJshop.java,umd.cs.shop.JSJshop,org.pitest.mutationtest.engine.gregor.mutators.ReturnValsMutator,getBufferedReader,450,NO_COVERAGE,none
JSJshop.java,umd.cs.shop.JSJshop,org.pitest.mutationtest.engine.gregor.mutators.VoidMethodCallMutator,getBufferedReader,407,NO_COVERAGE,none
JSJshop.java,umd.cs.shop.JSJshop,org.pitest.mutationtest.engine.gregor.mutators.VoidMethodCallMutator,getBufferedReader,415,NO_COVERAGE,none
JSJshop.java,umd.cs.shop.JSJshop,org.pitest.mutationtest.engine.gregor.mutators.VoidMethodCallMutator,getBufferedReader,428,SURVIVED,none
JSJshop.java,umd.cs.shop.JSJshop,org.pitest.mutationtest.engine.gregor.mutators.VoidMethodCallMutator,getBufferedReader,446,NO_COVERAGE,none
JSJshop.java,umd.cs.shop.JSJshop,org.pitest.mutationtest.engine.gregor.mutators.experimental.NakedReceiverMutator,getBufferedReader,422,SURVIVED,none
JSJshop.java,umd.cs.shop.JSJshop,org.pitest.mutationtest.engine.gregor.mutators.experimental.NakedReceiverMutator,getBufferedReader,422,SURVIVED,none
JSJshop.java,umd.cs.shop.JSJshop,org.pitest.mutationtest.engine.gregor.mutators.experimental.NakedReceiverMutator,getBufferedReader,422,SURVIVED,none
JSJshop.java,umd.cs.shop.JSJshop,org.pitest.mutationtest.engine.gregor.mutators.experimental.NakedReceiverMutator,getBufferedReader,428,SURVIVED,none
JSJshop.java,umd.cs.shop.JSJshop,org.pitest.mutationtest.engine.gregor.mutators.experimental.NakedReceiverMutator,getBufferedReader,428,SURVIVED,none
JSJshop.java,umd.cs.shop.JSJshop,org.pitest.mutationtest.engine.gregor.mutators.experimental.NakedReceiverMutator,getBufferedReader,446,NO_COVERAGE,none
JSJshop.java,umd.cs.shop.JSJshop,org.pitest.mutationtest.engine.gregor.mutators.experimental.NakedReceiverMutator,getBufferedReader,446,NO_COVERAGE,none
JSJshop.java,umd.cs.shop.JSJshop,org.pitest.mutationtest.engine.gregor.mutators.NegateConditionalsMutator,getDeleteList,187,KILLED,umd.cs.shop.JSJshop_ESTest.test10
JSJshop.java,umd.cs.shop.JSJshop,org.pitest.mutationtest.engine.gregor.mutators.NonVoidMethodCallMutator,getDeleteList,188,NO_COVERAGE,none
JSJshop.java,umd.cs.shop.JSJshop,org.pitest.mutationtest.engine.gregor.mutators.NonVoidMethodCallMutator,getDeleteList,188,NO_COVERAGE,none
JSJshop.java,umd.cs.shop.JSJshop,org.pitest.mutationtest.engine.gregor.mutators.NonVoidMethodCallMutator,getDeleteList,188,NO_COVERAGE,none
JSJshop.java,umd.cs.shop.JSJshop,org.pitest.mutationtest.engine.gregor.mutators.NullReturnValsMutator,getDeleteList,188,NO_COVERAGE,none
JSJshop.java,umd.cs.shop.JSJshop,org.pitest.mutationtest.engine.gregor.mutators.RemoveConditionalMutator_EQUAL_ELSE,getDeleteList,187,KILLED,umd.cs.shop.JSJshop_ESTest.test10
JSJshop.java,umd.cs.shop.JSJshop,org.pitest.mutationtest.engine.gregor.mutators.RemoveConditionalMutator_EQUAL_IF,getDeleteList,187,SURVIVED,none
JSJshop.java,umd.cs.shop.JSJshop,org.pitest.mutationtest.engine.gregor.mutators.ReturnValsMutator,getDeleteList,187,KILLED,umd.cs.shop.JSJshop_ESTest.test10
JSJshop.java,umd.cs.shop.JSJshop,org.pitest.mutationtest.engine.gregor.mutators.ReturnValsMutator,getDeleteList,188,NO_COVERAGE,none
JSJshop.java,umd.cs.shop.JSJshop,org.pitest.mutationtest.engine.gregor.mutators.NullReturnValsMutator,getSolution,176,SURVIVED,none
JSJshop.java,umd.cs.shop.JSJshop,org.pitest.mutationtest.engine.gregor.mutators.ReturnValsMutator,getSolution,176,KILLED,umd.cs.shop.JSJshop_ESTest.test20
JSJshop.java,umd.cs.shop.JSJshop,org.pitest.mutationtest.engine.gregor.mutators.NullReturnValsMutator,getTree,171,SURVIVED,none
JSJshop.java,umd.cs.shop.JSJshop,org.pitest.mutationtest.engine.gregor.mutators.ReturnValsMutator,getTree,171,KILLED,umd.cs.shop.JSJshop_ESTest.test23
JSJshop.java,umd.cs.shop.JSJshop,org.pitest.mutationtest.engine.gregor.mutators.ConditionalsBoundaryMutator,main,42,KILLED,umd.cs.shop.JSJshop_ESTest.test13
JSJshop.java,umd.cs.shop.JSJshop,org.pitest.mutationtest.engine.gregor.mutators.ConditionalsBoundaryMutator,main,42,KILLED,umd.cs.shop.JSJshop_ESTest.test13
JSJshop.java,umd.cs.shop.JSJshop,org.pitest.mutationtest.engine.gregor.mutators.ConditionalsBoundaryMutator,main,53,KILLED,umd.cs.shop.JSJshop_ESTest.test13
JSJshop.java,umd.cs.shop.JSJshop,org.pitest.mutationtest.engine.gregor.mutators.ConstructorCallMutator,main,71,KILLED,umd.cs.shop.JSJshop_ESTest.test13
JSJshop.java,umd.cs.shop.JSJshop,org.pitest.mutationtest.engine.gregor.mutators.IncrementsMutator,main,53,KILLED,umd.cs.shop.JSJshop_ESTest.test13
JSJshop.java,umd.cs.shop.JSJshop,org.pitest.mutationtest.engine.gregor.mutators.InlineConstantMutator,main,42,KILLED,umd.cs.shop.JSJshop_ESTest.test13
JSJshop.java,umd.cs.shop.JSJshop,org.pitest.mutationtest.engine.gregor.mutators.InlineConstantMutator,main,42,KILLED,umd.cs.shop.JSJshop_ESTest.test13
JSJshop.java,umd.cs.shop.JSJshop,org.pitest.mutationtest.engine.gregor.mutators.InlineConstantMutator,main,53,KILLED,umd.cs.shop.JSJshop_ESTest.test13
JSJshop.java,umd.cs.shop.JSJshop,org.pitest.mutationtest.engine.gregor.mutators.InlineConstantMutator,main,56,SURVIVED,none
JSJshop.java,umd.cs.shop.JSJshop,org.pitest.mutationtest.engine.gregor.mutators.InlineConstantMutator,main,59,NO_COVERAGE,none
JSJshop.java,umd.cs.shop.JSJshop,org.pitest.mutationtest.engine.gregor.mutators.InlineConstantMutator,main,71,KILLED,umd.cs.shop.JSJshop_ESTest.test13
JSJshop.java,umd.cs.shop.JSJshop,org.pitest.mutationtest.engine.gregor.mutators.InlineConstantMutator,main,71,KILLED,umd.cs.shop.JSJshop_ESTest.test13
JSJshop.java,umd.cs.shop.JSJshop,org.pitest.mutationtest.engine.gregor.mutators.NegateConditionalsMutator,main,42,KILLED,umd.cs.shop.JSJshop_ESTest.test13
JSJshop.java,umd.cs.shop.JSJshop,org.pitest.mutationtest.engine.gregor.mutators.NegateConditionalsMutator,main,42,KILLED,umd.cs.shop.JSJshop_ESTest.test13
JSJshop.java,umd.cs.shop.JSJshop,org.pitest.mutationtest.engine.gregor.mutators.NegateConditionalsMutator,main,53,KILLED,umd.cs.shop.JSJshop_ESTest.test13
JSJshop.java,umd.cs.shop.JSJshop,org.pitest.mutationtest.engine.gregor.mutators.NegateConditionalsMutator,main,55,SURVIVED,none
JSJshop.java,umd.cs.shop.JSJshop,org.pitest.mutationtest.engine.gregor.mutators.NegateConditionalsMutator,main,58,KILLED,umd.cs.shop.JSJshop_ESTest.test12
JSJshop.java,umd.cs.shop.JSJshop,org.pitest.mutationtest.engine.gregor.mutators.NonVoidMethodCallMutator,main,55,SURVIVED,none
JSJshop.java,umd.cs.shop.JSJshop,org.pitest.mutationtest.engine.gregor.mutators.NonVoidMethodCallMutator,main,58,SURVIVED,none
JSJshop.java,umd.cs.shop.JSJshop,org.pitest.mutationtest.engine.gregor.mutators.NonVoidMethodCallMutator,main,61,KILLED,umd.cs.shop.JSJshop_ESTest.test12
JSJshop.java,umd.cs.shop.JSJshop,org.pitest.mutationtest.engine.gregor.mutators.NonVoidMethodCallMutator,main,61,SURVIVED,none
JSJshop.java,umd.cs.shop.JSJshop,org.pitest.mutationtest.engine.gregor.mutators.RemoveConditionalMutator_EQUAL_ELSE,main,55,SURVIVED,none
JSJshop.java,umd.cs.shop.JSJshop,org.pitest.mutationtest.engine.gregor.mutators.RemoveConditionalMutator_EQUAL_ELSE,main,58,SURVIVED,none
JSJshop.java,umd.cs.shop.JSJshop,org.pitest.mutationtest.engine.gregor.mutators.RemoveConditionalMutator_EQUAL_IF,main,55,KILLED,umd.cs.shop.JSJshop_ESTest.test12
JSJshop.java,umd.cs.shop.JSJshop,org.pitest.mutationtest.engine.gregor.mutators.RemoveConditionalMutator_EQUAL_IF,main,58,KILLED,umd.cs.shop.JSJshop_ESTest.test12
JSJshop.java,umd.cs.shop.JSJshop,org.pitest.mutationtest.engine.gregor.mutators.RemoveConditionalMutator_ORDER_ELSE,main,42,KILLED,umd.cs.shop.JSJshop_ESTest.test13
JSJshop.java,umd.cs.shop.JSJshop,org.pitest.mutationtest.engine.gregor.mutators.RemoveConditionalMutator_ORDER_ELSE,main,42,KILLED,umd.cs.shop.JSJshop_ESTest.test13
JSJshop.java,umd.cs.shop.JSJshop,org.pitest.mutationtest.engine.gregor.mutators.RemoveConditionalMutator_ORDER_ELSE,main,53,KILLED,umd.cs.shop.JSJshop_ESTest.test13
JSJshop.java,umd.cs.shop.JSJshop,org.pitest.mutationtest.engine.gregor.mutators.RemoveConditionalMutator_ORDER_IF,main,42,KILLED,umd.cs.shop.JSJshop_ESTest.test13
JSJshop.java,umd.cs.shop.JSJshop,org.pitest.mutationtest.engine.gregor.mutators.RemoveConditionalMutator_ORDER_IF,main,42,KILLED,umd.cs.shop.JSJshop_ESTest.test13
JSJshop.java,umd.cs.shop.JSJshop,org.pitest.mutationtest.engine.gregor.mutators.RemoveConditionalMutator_ORDER_IF,main,53,KILLED,umd.cs.shop.JSJshop_ESTest.test13
JSJshop.java,umd.cs.shop.JSJshop,org.pitest.mutationtest.engine.gregor.mutators.VoidMethodCallMutator,main,43,SURVIVED,none
JSJshop.java,umd.cs.shop.JSJshop,org.pitest.mutationtest.engine.gregor.mutators.VoidMethodCallMutator,main,44,SURVIVED,none
JSJshop.java,umd.cs.shop.JSJshop,org.pitest.mutationtest.engine.gregor.mutators.VoidMethodCallMutator,main,45,SURVIVED,none
JSJshop.java,umd.cs.shop.JSJshop,org.pitest.mutationtest.engine.gregor.mutators.VoidMethodCallMutator,main,68,SURVIVED,none
JSJshop.java,umd.cs.shop.JSJshop,org.pitest.mutationtest.engine.gregor.mutators.BooleanFalseReturnValsMutator,parserFile,384,NO_COVERAGE,none
JSJshop.java,umd.cs.shop.JSJshop,org.pitest.mutationtest.engine.gregor.mutators.BooleanTrueReturnValsMutator,parserFile,370,NO_COVERAGE,none
JSJshop.java,umd.cs.shop.JSJshop,org.pitest.mutationtest.engine.gregor.mutators.BooleanTrueReturnValsMutator,parserFile,378,KILLED,umd.cs.shop.JSJshop_ESTest.test05
JSJshop.java,umd.cs.shop.JSJshop,org.pitest.mutationtest.engine.gregor.mutators.BooleanTrueReturnValsMutator,parserFile,382,KILLED,umd.cs.shop.JSJshop_ESTest.test09
JSJshop.java,umd.cs.shop.JSJshop,org.pitest.mutationtest.engine.gregor.mutators.ConstructorCallMutator,parserFile,364,KILLED,umd.cs.shop.JSJshop_ESTest.test21
JSJshop.java,umd.cs.shop.JSJshop,org.pitest.mutationtest.engine.gregor.mutators.ConstructorCallMutator,parserFile,365,KILLED,umd.cs.shop.JSJshop_ESTest.test13
JSJshop.java,umd.cs.shop.JSJshop,org.pitest.mutationtest.engine.gregor.mutators.ConstructorCallMutator,parserFile,369,NO_COVERAGE,none
JSJshop.java,umd.cs.shop.JSJshop,org.pitest.mutationtest.engine.gregor.mutators.ConstructorCallMutator,parserFile,377,KILLED,umd.cs.shop.JSJshop_ESTest.test05
JSJshop.java,umd.cs.shop.JSJshop,org.pitest.mutationtest.engine.gregor.mutators.InlineConstantMutator,parserFile,366,KILLED,umd.cs.shop.JSJshop_ESTest.test13
JSJshop.java,umd.cs.shop.JSJshop,org.pitest.mutationtest.engine.gregor.mutators.InlineConstantMutator,parserFile,370,NO_COVERAGE,none
JSJshop.java,umd.cs.shop.JSJshop,org.pitest.mutationtest.engine.gregor.mutators.InlineConstantMutator,parserFile,372,KILLED,umd.cs.shop.JSJshop_ESTest.test09
JSJshop.java,umd.cs.shop.JSJshop,org.pitest.mutationtest.engine.gregor.mutators.InlineConstantMutator,parserFile,378,KILLED,umd.cs.shop.JSJshop_ESTest.test05
JSJshop.java,umd.cs.shop.JSJshop,org.pitest.mutationtest.engine.gregor.mutators.InlineConstantMutator,parserFile,382,KILLED,umd.cs.shop.JSJshop_ESTest.test09
JSJshop.java,umd.cs.shop.JSJshop,org.pitest.mutationtest.engine.gregor.mutators.InlineConstantMutator,parserFile,384,NO_COVERAGE,none
JSJshop.java,umd.cs.shop.JSJshop,org.pitest.mutationtest.engine.gregor.mutators.NegateConditionalsMutator,parserFile,368,KILLED,umd.cs.shop.JSJshop_ESTest.test13
JSJshop.java,umd.cs.shop.JSJshop,org.pitest.mutationtest.engine.gregor.mutators.NegateConditionalsMutator,parserFile,372,KILLED,umd.cs.shop.JSJshop_ESTest.test09
JSJshop.java,umd.cs.shop.JSJshop,org.pitest.mutationtest.engine.gregor.mutators.NonVoidMethodCallMutator,parserFile,369,NO_COVERAGE,none
JSJshop.java,umd.cs.shop.JSJshop,org.pitest.mutationtest.engine.gregor.mutators.NonVoidMethodCallMutator,parserFile,369,NO_COVERAGE,none
JSJshop.java,umd.cs.shop.JSJshop,org.pitest.mutationtest.engine.gregor.mutators.NonVoidMethodCallMutator,parserFile,369,NO_COVERAGE,none
JSJshop.java,umd.cs.shop.JSJshop,org.pitest.mutationtest.engine.gregor.mutators.NonVoidMethodCallMutator,parserFile,372,KILLED,umd.cs.shop.JSJshop_ESTest.test09
JSJshop.java,umd.cs.shop.JSJshop,org.pitest.mutationtest.engine.gregor.mutators.NonVoidMethodCallMutator,parserFile,377,KILLED,umd.cs.shop.JSJshop_ESTest.test05
JSJshop.java,umd.cs.shop.JSJshop,org.pitest.mutationtest.engine.gregor.mutators.NonVoidMethodCallMutator,parserFile,377,KILLED,umd.cs.shop.JSJshop_ESTest.test05
JSJshop.java,umd.cs.shop.JSJshop,org.pitest.mutationtest.engine.gregor.mutators.NonVoidMethodCallMutator,parserFile,377,KILLED,umd.cs.shop.JSJshop_ESTest.test05
JSJshop.java,umd.cs.shop.JSJshop,org.pitest.mutationtest.engine.gregor.mutators.RemoveConditionalMutator_EQUAL_ELSE,parserFile,368,KILLED,umd.cs.shop.JSJshop_ESTest.test13
JSJshop.java,umd.cs.shop.JSJshop,org.pitest.mutationtest.engine.gregor.mutators.RemoveConditionalMutator_EQUAL_ELSE,parserFile,372,KILLED,umd.cs.shop.JSJshop_ESTest.test09
JSJshop.java,umd.cs.shop.JSJshop,org.pitest.mutationtest.engine.gregor.mutators.RemoveConditionalMutator_EQUAL_IF,parserFile,368,KILLED,umd.cs.shop.JSJshop_ESTest.test13
JSJshop.java,umd.cs.shop.JSJshop,org.pitest.mutationtest.engine.gregor.mutators.RemoveConditionalMutator_EQUAL_IF,parserFile,372,KILLED,umd.cs.shop.JSJshop_ESTest.test09
JSJshop.java,umd.cs.shop.JSJshop,org.pitest.mutationtest.engine.gregor.mutators.ReturnValsMutator,parserFile,370,NO_COVERAGE,none
JSJshop.java,umd.cs.shop.JSJshop,org.pitest.mutationtest.engine.gregor.mutators.ReturnValsMutator,parserFile,378,KILLED,umd.cs.shop.JSJshop_ESTest.test05
JSJshop.java,umd.cs.shop.JSJshop,org.pitest.mutationtest.engine.gregor.mutators.ReturnValsMutator,parserFile,382,KILLED,umd.cs.shop.JSJshop_ESTest.test09
JSJshop.java,umd.cs.shop.JSJshop,org.pitest.mutationtest.engine.gregor.mutators.ReturnValsMutator,parserFile,384,NO_COVERAGE,none
JSJshop.java,umd.cs.shop.JSJshop,org.pitest.mutationtest.engine.gregor.mutators.VoidMethodCallMutator,parserFile,366,KILLED,umd.cs.shop.JSJshop_ESTest.test13
JSJshop.java,umd.cs.shop.JSJshop,org.pitest.mutationtest.engine.gregor.mutators.VoidMethodCallMutator,parserFile,367,KILLED,umd.cs.shop.JSJshop_ESTest.test13
JSJshop.java,umd.cs.shop.JSJshop,org.pitest.mutationtest.engine.gregor.mutators.VoidMethodCallMutator,parserFile,369,NO_COVERAGE,none
JSJshop.java,umd.cs.shop.JSJshop,org.pitest.mutationtest.engine.gregor.mutators.VoidMethodCallMutator,parserFile,373,KILLED,umd.cs.shop.JSJshop_ESTest.test09
JSJshop.java,umd.cs.shop.JSJshop,org.pitest.mutationtest.engine.gregor.mutators.VoidMethodCallMutator,parserFile,374,NO_COVERAGE,none
JSJshop.java,umd.cs.shop.JSJshop,org.pitest.mutationtest.engine.gregor.mutators.VoidMethodCallMutator,parserFile,377,KILLED,umd.cs.shop.JSJshop_ESTest.test05
JSJshop.java,umd.cs.shop.JSJshop,org.pitest.mutationtest.engine.gregor.mutators.VoidMethodCallMutator,parserFile,381,KILLED,umd.cs.shop.JSJshop_ESTest.test09
JSJshop.java,umd.cs.shop.JSJshop,org.pitest.mutationtest.engine.gregor.mutators.experimental.NakedReceiverMutator,parserFile,369,NO_COVERAGE,none
JSJshop.java,umd.cs.shop.JSJshop,org.pitest.mutationtest.engine.gregor.mutators.experimental.NakedReceiverMutator,parserFile,369,NO_COVERAGE,none
JSJshop.java,umd.cs.shop.JSJshop,org.pitest.mutationtest.engine.gregor.mutators.experimental.NakedReceiverMutator,parserFile,377,KILLED,umd.cs.shop.JSJshop_ESTest.test05
JSJshop.java,umd.cs.shop.JSJshop,org.pitest.mutationtest.engine.gregor.mutators.experimental.NakedReceiverMutator,parserFile,377,KILLED,umd.cs.shop.JSJshop_ESTest.test05
JSJshop.java,umd.cs.shop.JSJshop,org.pitest.mutationtest.engine.gregor.mutators.NullReturnValsMutator,prob,502,SURVIVED,none
JSJshop.java,umd.cs.shop.JSJshop,org.pitest.mutationtest.engine.gregor.mutators.ReturnValsMutator,prob,502,KILLED,umd.cs.shop.JSJshop_ESTest.test17
JSJshop.java,umd.cs.shop.JSJshop,org.pitest.mutationtest.engine.gregor.mutators.ArgumentPropagationMutator,processToken,470,NO_COVERAGE,none
JSJshop.java,umd.cs.shop.JSJshop,org.pitest.mutationtest.engine.gregor.mutators.ConstructorCallMutator,processToken,466,NO_COVERAGE,none
JSJshop.java,umd.cs.shop.JSJshop,org.pitest.mutationtest.engine.gregor.mutators.ConstructorCallMutator,processToken,472,NO_COVERAGE,none
JSJshop.java,umd.cs.shop.JSJshop,org.pitest.mutationtest.engine.gregor.mutators.ConstructorCallMutator,processToken,475,NO_COVERAGE,none
JSJshop.java,umd.cs.shop.JSJshop,org.pitest.mutationtest.engine.gregor.mutators.ConstructorCallMutator,processToken,480,NO_COVERAGE,none
JSJshop.java,umd.cs.shop.JSJshop,org.pitest.mutationtest.engine.gregor.mutators.ConstructorCallMutator,processToken,486,NO_COVERAGE,none
JSJshop.java,umd.cs.shop.JSJshop,org.pitest.mutationtest.engine.gregor.mutators.ConstructorCallMutator,processToken,487,NO_COVERAGE,none
JSJshop.java,umd.cs.shop.JSJshop,org.pitest.mutationtest.engine.gregor.mutators.ConstructorCallMutator,processToken,490,KILLED,umd.cs.shop.JSJshop_ESTest.test07
JSJshop.java,umd.cs.shop.JSJshop,org.pitest.mutationtest.engine.gregor.mutators.ConstructorCallMutator,processToken,491,KILLED,umd.cs.shop.JSJshop_ESTest.test07
JSJshop.java,umd.cs.shop.JSJshop,org.pitest.mutationtest.engine.gregor.mutators.InlineConstantMutator,processToken,464,NO_COVERAGE,none
JSJshop.java,umd.cs.shop.JSJshop,org.pitest.mutationtest.engine.gregor.mutators.NegateConditionalsMutator,processToken,462,KILLED,umd.cs.shop.JSJshop_ESTest.test07
JSJshop.java,umd.cs.shop.JSJshop,org.pitest.mutationtest.engine.gregor.mutators.NegateConditionalsMutator,processToken,464,NO_COVERAGE,none
JSJshop.java,umd.cs.shop.JSJshop,org.pitest.mutationtest.engine.gregor.mutators.NegateConditionalsMutator,processToken,471,NO_COVERAGE,none
JSJshop.java,umd.cs.shop.JSJshop,org.pitest.mutationtest.engine.gregor.mutators.NegateConditionalsMutator,processToken,474,NO_COVERAGE,none
JSJshop.java,umd.cs.shop.JSJshop,org.pitest.mutationtest.engine.gregor.mutators.NegateConditionalsMutator,processToken,479,NO_COVERAGE,none
JSJshop.java,umd.cs.shop.JSJshop,org.pitest.mutationtest.engine.gregor.mutators.NonVoidMethodCallMutator,processToken,464,NO_COVERAGE,none
JSJshop.java,umd.cs.shop.JSJshop,org.pitest.mutationtest.engine.gregor.mutators.NonVoidMethodCallMutator,processToken,470,NO_COVERAGE,none
JSJshop.java,umd.cs.shop.JSJshop,org.pitest.mutationtest.engine.gregor.mutators.NonVoidMethodCallMutator,processToken,471,NO_COVERAGE,none
JSJshop.java,umd.cs.shop.JSJshop,org.pitest.mutationtest.engine.gregor.mutators.NonVoidMethodCallMutator,processToken,474,NO_COVERAGE,none
JSJshop.java,umd.cs.shop.JSJshop,org.pitest.mutationtest.engine.gregor.mutators.NonVoidMethodCallMutator,processToken,479,NO_COVERAGE,none
JSJshop.java,umd.cs.shop.JSJshop,org.pitest.mutationtest.engine.gregor.mutators.NonVoidMethodCallMutator,processToken,486,NO_COVERAGE,none
JSJshop.java,umd.cs.shop.JSJshop,org.pitest.mutationtest.engine.gregor.mutators.NonVoidMethodCallMutator,processToken,486,NO_COVERAGE,none
JSJshop.java,umd.cs.shop.JSJshop,org.pitest.mutationtest.engine.gregor.mutators.NonVoidMethodCallMutator,processToken,486,NO_COVERAGE,none
JSJshop.java,umd.cs.shop.JSJshop,org.pitest.mutationtest.engine.gregor.mutators.NonVoidMethodCallMutator,processToken,486,NO_COVERAGE,none
JSJshop.java,umd.cs.shop.JSJshop,org.pitest.mutationtest.engine.gregor.mutators.NonVoidMethodCallMutator,processToken,486,NO_COVERAGE,none
JSJshop.java,umd.cs.shop.JSJshop,org.pitest.mutationtest.engine.gregor.mutators.NonVoidMethodCallMutator,processToken,490,KILLED,umd.cs.shop.JSJshop_ESTest.test07
JSJshop.java,umd.cs.shop.JSJshop,org.pitest.mutationtest.engine.gregor.mutators.NonVoidMethodCallMutator,processToken,490,KILLED,umd.cs.shop.JSJshop_ESTest.test09
JSJshop.java,umd.cs.shop.JSJshop,org.pitest.mutationtest.engine.gregor.mutators.NonVoidMethodCallMutator,processToken,490,KILLED,umd.cs.shop.JSJshop_ESTest.test07
JSJshop.java,umd.cs.shop.JSJshop,org.pitest.mutationtest.engine.gregor.mutators.NonVoidMethodCallMutator,processToken,490,KILLED,umd.cs.shop.JSJshop_ESTest.test07
JSJshop.java,umd.cs.shop.JSJshop,org.pitest.mutationtest.engine.gregor.mutators.NonVoidMethodCallMutator,processToken,490,KILLED,umd.cs.shop.JSJshop_ESTest.test09
JSJshop.java,umd.cs.shop.JSJshop,org.pitest.mutationtest.engine.gregor.mutators.RemoveConditionalMutator_EQUAL_ELSE,processToken,462,KILLED,umd.cs.shop.JSJshop_ESTest.test09
JSJshop.java,umd.cs.shop.JSJshop,org.pitest.mutationtest.engine.gregor.mutators.RemoveConditionalMutator_EQUAL_ELSE,processToken,464,NO_COVERAGE,none
JSJshop.java,umd.cs.shop.JSJshop,org.pitest.mutationtest.engine.gregor.mutators.RemoveConditionalMutator_EQUAL_ELSE,processToken,471,NO_COVERAGE,none
JSJshop.java,umd.cs.shop.JSJshop,org.pitest.mutationtest.engine.gregor.mutators.RemoveConditionalMutator_EQUAL_ELSE,processToken,474,NO_COVERAGE,none
JSJshop.java,umd.cs.shop.JSJshop,org.pitest.mutationtest.engine.gregor.mutators.RemoveConditionalMutator_EQUAL_ELSE,processToken,479,NO_COVERAGE,none
JSJshop.java,umd.cs.shop.JSJshop,org.pitest.mutationtest.engine.gregor.mutators.RemoveConditionalMutator_EQUAL_IF,processToken,462,KILLED,umd.cs.shop.JSJshop_ESTest.test07
JSJshop.java,umd.cs.shop.JSJshop,org.pitest.mutationtest.engine.gregor.mutators.RemoveConditionalMutator_EQUAL_IF,processToken,464,NO_COVERAGE,none
JSJshop.java,umd.cs.shop.JSJshop,org.pitest.mutationtest.engine.gregor.mutators.RemoveConditionalMutator_EQUAL_IF,processToken,471,NO_COVERAGE,none
JSJshop.java,umd.cs.shop.JSJshop,org.pitest.mutationtest.engine.gregor.mutators.RemoveConditionalMutator_EQUAL_IF,processToken,474,NO_COVERAGE,none
JSJshop.java,umd.cs.shop.JSJshop,org.pitest.mutationtest.engine.gregor.mutators.RemoveConditionalMutator_EQUAL_IF,processToken,479,NO_COVERAGE,none
JSJshop.java,umd.cs.shop.JSJshop,org.pitest.mutationtest.engine.gregor.mutators.VoidMethodCallMutator,processToken,468,NO_COVERAGE,none
JSJshop.java,umd.cs.shop.JSJshop,org.pitest.mutationtest.engine.gregor.mutators.VoidMethodCallMutator,processToken,481,NO_COVERAGE,none
JSJshop.java,umd.cs.shop.JSJshop,org.pitest.mutationtest.engine.gregor.mutators.VoidMethodCallMutator,processToken,486,NO_COVERAGE,none
JSJshop.java,umd.cs.shop.JSJshop,org.pitest.mutationtest.engine.gregor.mutators.VoidMethodCallMutator,processToken,490,KILLED,umd.cs.shop.JSJshop_ESTest.test09
JSJshop.java,umd.cs.shop.JSJshop,org.pitest.mutationtest.engine.gregor.mutators.experimental.MemberVariableMutator,processToken,475,NO_COVERAGE,none
JSJshop.java,umd.cs.shop.JSJshop,org.pitest.mutationtest.engine.gregor.mutators.experimental.MemberVariableMutator,processToken,480,NO_COVERAGE,none
JSJshop.java,umd.cs.shop.JSJshop,org.pitest.mutationtest.engine.gregor.mutators.experimental.NakedReceiverMutator,processToken,486,NO_COVERAGE,none
JSJshop.java,umd.cs.shop.JSJshop,org.pitest.mutationtest.engine.gregor.mutators.experimental.NakedReceiverMutator,processToken,486,NO_COVERAGE,none
JSJshop.java,umd.cs.shop.JSJshop,org.pitest.mutationtest.engine.gregor.mutators.experimental.NakedReceiverMutator,processToken,486,NO_COVERAGE,none
JSJshop.java,umd.cs.shop.JSJshop,org.pitest.mutationtest.engine.gregor.mutators.experimental.NakedReceiverMutator,processToken,490,KILLED,umd.cs.shop.JSJshop_ESTest.test09
JSJshop.java,umd.cs.shop.JSJshop,org.pitest.mutationtest.engine.gregor.mutators.experimental.NakedReceiverMutator,processToken,490,KILLED,umd.cs.shop.JSJshop_ESTest.test09
JSJshop.java,umd.cs.shop.JSJshop,org.pitest.mutationtest.engine.gregor.mutators.experimental.NakedReceiverMutator,processToken,490,KILLED,umd.cs.shop.JSJshop_ESTest.test09
JSJshop.java,umd.cs.shop.JSJshop,org.pitest.mutationtest.engine.gregor.mutators.ConditionalsBoundaryMutator,setFile,242,NO_COVERAGE,none
JSJshop.java,umd.cs.shop.JSJshop,org.pitest.mutationtest.engine.gregor.mutators.ConstructorCallMutator,setFile,196,SURVIVED,none
JSJshop.java,umd.cs.shop.JSJshop,org.pitest.mutationtest.engine.gregor.mutators.ConstructorCallMutator,setFile,260,NO_COVERAGE,none
JSJshop.java,umd.cs.shop.JSJshop,org.pitest.mutationtest.engine.gregor.mutators.InlineConstantMutator,setFile,198,SURVIVED,none
JSJshop.java,umd.cs.shop.JSJshop,org.pitest.mutationtest.engine.gregor.mutators.InlineConstantMutator,setFile,212,SURVIVED,none
JSJshop.java,umd.cs.shop.JSJshop,org.pitest.mutationtest.engine.gregor.mutators.InlineConstantMutator,setFile,217,NO_COVERAGE,none
JSJshop.java,umd.cs.shop.JSJshop,org.pitest.mutationtest.engine.gregor.mutators.InlineConstantMutator,setFile,242,NO_COVERAGE,none
JSJshop.java,umd.cs.shop.JSJshop,org.pitest.mutationtest.engine.gregor.mutators.InlineConstantMutator,setFile,257,NO_COVERAGE,none
JSJshop.java,umd.cs.shop.JSJshop,org.pitest.mutationtest.engine.gregor.mutators.MathMutator,setFile,257,NO_COVERAGE,none
JSJshop.java,umd.cs.shop.JSJshop,org.pitest.mutationtest.engine.gregor.mutators.NegateConditionalsMutator,setFile,214,SURVIVED,none
JSJshop.java,umd.cs.shop.JSJshop,org.pitest.mutationtest.engine.gregor.mutators.NegateConditionalsMutator,setFile,222,NO_COVERAGE,none
JSJshop.java,umd.cs.shop.JSJshop,org.pitest.mutationtest.engine.gregor.mutators.NegateConditionalsMutator,setFile,242,NO_COVERAGE,none
JSJshop.java,umd.cs.shop.JSJshop,org.pitest.mutationtest.engine.gregor.mutators.NonVoidMethodCallMutator,setFile,201,SURVIVED,none
JSJshop.java,umd.cs.shop.JSJshop,org.pitest.mutationtest.engine.gregor.mutators.NonVoidMethodCallMutator,setFile,213,SURVIVED,none
JSJshop.java,umd.cs.shop.JSJshop,org.pitest.mutationtest.engine.gregor.mutators.NonVoidMethodCallMutator,setFile,214,SURVIVED,none
JSJshop.java,umd.cs.shop.JSJshop,org.pitest.mutationtest.engine.gregor.mutators.NonVoidMethodCallMutator,setFile,217,NO_COVERAGE,none
JSJshop.java,umd.cs.shop.JSJshop,org.pitest.mutationtest.engine.gregor.mutators.NonVoidMethodCallMutator,setFile,221,NO_COVERAGE,none
JSJshop.java,umd.cs.shop.JSJshop,org.pitest.mutationtest.engine.gregor.mutators.NonVoidMethodCallMutator,setFile,221,NO_COVERAGE,none
JSJshop.java,umd.cs.shop.JSJshop,org.pitest.mutationtest.engine.gregor.mutators.NonVoidMethodCallMutator,setFile,222,NO_COVERAGE,none
JSJshop.java,umd.cs.shop.JSJshop,org.pitest.mutationtest.engine.gregor.mutators.NonVoidMethodCallMutator,setFile,230,NO_COVERAGE,none
JSJshop.java,umd.cs.shop.JSJshop,org.pitest.mutationtest.engine.gregor.mutators.NonVoidMethodCallMutator,setFile,230,NO_COVERAGE,none
JSJshop.java,umd.cs.shop.JSJshop,org.pitest.mutationtest.engine.gregor.mutators.NonVoidMethodCallMutator,setFile,241,NO_COVERAGE,none
JSJshop.java,umd.cs.shop.JSJshop,org.pitest.mutationtest.engine.gregor.mutators.NonVoidMethodCallMutator,setFile,242,NO_COVERAGE,none
JSJshop.java,umd.cs.shop.JSJshop,org.pitest.mutationtest.engine.gregor.mutators.NonVoidMethodCallMutator,setFile,244,NO_COVERAGE,none
JSJshop.java,umd.cs.shop.JSJshop,org.pitest.mutationtest.engine.gregor.mutators.NonVoidMethodCallMutator,setFile,257,NO_COVERAGE,none
JSJshop.java,umd.cs.shop.JSJshop,org.pitest.mutationtest.engine.gregor.mutators.NonVoidMethodCallMutator,setFile,257,NO_COVERAGE,none
JSJshop.java,umd.cs.shop.JSJshop,org.pitest.mutationtest.engine.gregor.mutators.NonVoidMethodCallMutator,setFile,259,NO_COVERAGE,none
JSJshop.java,umd.cs.shop.JSJshop,org.pitest.mutationtest.engine.gregor.mutators.NullReturnValsMutator,setFile,265,NO_COVERAGE,none
JSJshop.java,umd.cs.shop.JSJshop,org.pitest.mutationtest.engine.gregor.mutators.RemoveConditionalMutator_EQUAL_ELSE,setFile,214,SURVIVED,none
JSJshop.java,umd.cs.shop.JSJshop,org.pitest.mutationtest.engine.gregor.mutators.RemoveConditionalMutator_EQUAL_ELSE,setFile,222,NO_COVERAGE,none
JSJshop.java,umd.cs.shop.JSJshop,org.pitest.mutationtest.engine.gregor.mutators.RemoveConditionalMutator_EQUAL_IF,setFile,214,SURVIVED,none
JSJshop.java,umd.cs.shop.JSJshop,org.pitest.mutationtest.engine.gregor.mutators.RemoveConditionalMutator_EQUAL_IF,setFile,222,NO_COVERAGE,none
JSJshop.java,umd.cs.shop.JSJshop,org.pitest.mutationtest.engine.gregor.mutators.RemoveConditionalMutator_ORDER_ELSE,setFile,242,NO_COVERAGE,none
JSJshop.java,umd.cs.shop.JSJshop,org.pitest.mutationtest.engine.gregor.mutators.RemoveConditionalMutator_ORDER_IF,setFile,242,NO_COVERAGE,none
JSJshop.java,umd.cs.shop.JSJshop,org.pitest.mutationtest.engine.gregor.mutators.ReturnValsMutator,setFile,215,NO_COVERAGE,none
JSJshop.java,umd.cs.shop.JSJshop,org.pitest.mutationtest.engine.gregor.mutators.ReturnValsMutator,setFile,225,NO_COVERAGE,none
JSJshop.java,umd.cs.shop.JSJshop,org.pitest.mutationtest.engine.gregor.mutators.ReturnValsMutator,setFile,265,NO_COVERAGE,none
JSJshop.java,umd.cs.shop.JSJshop,org.pitest.mutationtest.engine.gregor.mutators.VoidMethodCallMutator,setFile,206,SURVIVED,none
JSJshop.java,umd.cs.shop.JSJshop,org.pitest.mutationtest.engine.gregor.mutators.VoidMethodCallMutator,setFile,207,SURVIVED,none
JSJshop.java,umd.cs.shop.JSJshop,org.pitest.mutationtest.engine.gregor.mutators.VoidMethodCallMutator,setFile,208,SURVIVED,none
JSJshop.java,umd.cs.shop.JSJshop,org.pitest.mutationtest.engine.gregor.mutators.VoidMethodCallMutator,setFile,209,SURVIVED,none
JSJshop.java,umd.cs.shop.JSJshop,org.pitest.mutationtest.engine.gregor.mutators.VoidMethodCallMutator,setFile,210,SURVIVED,none
JSJshop.java,umd.cs.shop.JSJshop,org.pitest.mutationtest.engine.gregor.mutators.VoidMethodCallMutator,setFile,219,NO_COVERAGE,none
JSJshop.java,umd.cs.shop.JSJshop,org.pitest.mutationtest.engine.gregor.mutators.VoidMethodCallMutator,setFile,224,NO_COVERAGE,none
JSJshop.java,umd.cs.shop.JSJshop,org.pitest.mutationtest.engine.gregor.mutators.VoidMethodCallMutator,setFile,229,NO_COVERAGE,none
JSJshop.java,umd.cs.shop.JSJshop,org.pitest.mutationtest.engine.gregor.mutators.VoidMethodCallMutator,setFile,230,NO_COVERAGE,none
JSJshop.java,umd.cs.shop.JSJshop,org.pitest.mutationtest.engine.gregor.mutators.VoidMethodCallMutator,setFile,231,NO_COVERAGE,none
JSJshop.java,umd.cs.shop.JSJshop,org.pitest.mutationtest.engine.gregor.mutators.VoidMethodCallMutator,setFile,232,NO_COVERAGE,none
JSJshop.java,umd.cs.shop.JSJshop,org.pitest.mutationtest.engine.gregor.mutators.VoidMethodCallMutator,setFile,234,NO_COVERAGE,none
JSJshop.java,umd.cs.shop.JSJshop,org.pitest.mutationtest.engine.gregor.mutators.VoidMethodCallMutator,setFile,245,NO_COVERAGE,none
JSJshop.java,umd.cs.shop.JSJshop,org.pitest.mutationtest.engine.gregor.mutators.VoidMethodCallMutator,setFile,261,NO_COVERAGE,none
JSJshop.java,umd.cs.shop.JSJshop,org.pitest.mutationtest.engine.gregor.mutators.VoidMethodCallMutator,setFile,263,NO_COVERAGE,none
JSJshop.java,umd.cs.shop.JSJshop,org.pitest.mutationtest.engine.gregor.mutators.experimental.MemberVariableMutator,setFile,221,NO_COVERAGE,none
JSJshop.java,umd.cs.shop.JSJshop,org.pitest.mutationtest.engine.gregor.mutators.experimental.MemberVariableMutator,setFile,260,NO_COVERAGE,none
JSJshop.java,umd.cs.shop.JSJshop,org.pitest.mutationtest.engine.gregor.mutators.experimental.MemberVariableMutator,setFile,264,NO_COVERAGE,none
JSJshop.java,umd.cs.shop.JSJshop,org.pitest.mutationtest.engine.gregor.mutators.NullReturnValsMutator,sol,507,SURVIVED,none
JSJshop.java,umd.cs.shop.JSJshop,org.pitest.mutationtest.engine.gregor.mutators.ReturnValsMutator,sol,507,KILLED,umd.cs.shop.JSJshop_ESTest.test19
JSJshop.java,umd.cs.shop.JSJshop,org.pitest.mutationtest.engine.gregor.mutators.ConstructorCallMutator,testParser,276,KILLED,umd.cs.shop.JSJshop_ESTest.test02
JSJshop.java,umd.cs.shop.JSJshop,org.pitest.mutationtest.engine.gregor.mutators.ConstructorCallMutator,testParser,277,KILLED,umd.cs.shop.JSJshop_ESTest.test02
JSJshop.java,umd.cs.shop.JSJshop,org.pitest.mutationtest.engine.gregor.mutators.ConstructorCallMutator,testParser,281,NO_COVERAGE,none
JSJshop.java,umd.cs.shop.JSJshop,org.pitest.mutationtest.engine.gregor.mutators.ConstructorCallMutator,testParser,281,NO_COVERAGE,none
JSJshop.java,umd.cs.shop.JSJshop,org.pitest.mutationtest.engine.gregor.mutators.ConstructorCallMutator,testParser,344,NO_COVERAGE,none
JSJshop.java,umd.cs.shop.JSJshop,org.pitest.mutationtest.engine.gregor.mutators.ConstructorCallMutator,testParser,352,KILLED,umd.cs.shop.JSJshop_ESTest.test02
JSJshop.java,umd.cs.shop.JSJshop,org.pitest.mutationtest.engine.gregor.mutators.InlineConstantMutator,testParser,279,NO_COVERAGE,none
JSJshop.java,umd.cs.shop.JSJshop,org.pitest.mutationtest.engine.gregor.mutators.InlineConstantMutator,testParser,280,NO_COVERAGE,none
JSJshop.java,umd.cs.shop.JSJshop,org.pitest.mutationtest.engine.gregor.mutators.InlineConstantMutator,testParser,343,NO_COVERAGE,none
JSJshop.java,umd.cs.shop.JSJshop,org.pitest.mutationtest.engine.gregor.mutators.InlineConstantMutator,testParser,353,KILLED,umd.cs.shop.JSJshop_ESTest.test02
JSJshop.java,umd.cs.shop.JSJshop,org.pitest.mutationtest.engine.gregor.mutators.NegateConditionalsMutator,testParser,279,NO_COVERAGE,none
JSJshop.java,umd.cs.shop.JSJshop,org.pitest.mutationtest.engine.gregor.mutators.NegateConditionalsMutator,testParser,280,NO_COVERAGE,none
JSJshop.java,umd.cs.shop.JSJshop,org.pitest.mutationtest.engine.gregor.mutators.NegateConditionalsMutator,testParser,284,NO_COVERAGE,none
JSJshop.java,umd.cs.shop.JSJshop,org.pitest.mutationtest.engine.gregor.mutators.NegateConditionalsMutator,testParser,287,NO_COVERAGE,none
JSJshop.java,umd.cs.shop.JSJshop,org.pitest.mutationtest.engine.gregor.mutators.NegateConditionalsMutator,testParser,290,NO_COVERAGE,none
JSJshop.java,umd.cs.shop.JSJshop,org.pitest.mutationtest.engine.gregor.mutators.NegateConditionalsMutator,testParser,293,NO_COVERAGE,none
JSJshop.java,umd.cs.shop.JSJshop,org.pitest.mutationtest.engine.gregor.mutators.NegateConditionalsMutator,testParser,296,NO_COVERAGE,none
JSJshop.java,umd.cs.shop.JSJshop,org.pitest.mutationtest.engine.gregor.mutators.NegateConditionalsMutator,testParser,299,NO_COVERAGE,none
JSJshop.java,umd.cs.shop.JSJshop,org.pitest.mutationtest.engine.gregor.mutators.NegateConditionalsMutator,testParser,302,NO_COVERAGE,none
JSJshop.java,umd.cs.shop.JSJshop,org.pitest.mutationtest.engine.gregor.mutators.NegateConditionalsMutator,testParser,305,NO_COVERAGE,none
JSJshop.java,umd.cs.shop.JSJshop,org.pitest.mutationtest.engine.gregor.mutators.NegateConditionalsMutator,testParser,308,NO_COVERAGE,none
JSJshop.java,umd.cs.shop.JSJshop,org.pitest.mutationtest.engine.gregor.mutators.NegateConditionalsMutator,testParser,311,NO_COVERAGE,none
JSJshop.java,umd.cs.shop.JSJshop,org.pitest.mutationtest.engine.gregor.mutators.NegateConditionalsMutator,testParser,314,NO_COVERAGE,none
JSJshop.java,umd.cs.shop.JSJshop,org.pitest.mutationtest.engine.gregor.mutators.NegateConditionalsMutator,testParser,317,NO_COVERAGE,none
JSJshop.java,umd.cs.shop.JSJshop,org.pitest.mutationtest.engine.gregor.mutators.NegateConditionalsMutator,testParser,321,NO_COVERAGE,none
JSJshop.java,umd.cs.shop.JSJshop,org.pitest.mutationtest.engine.gregor.mutators.NegateConditionalsMutator,testParser,325,NO_COVERAGE,none
JSJshop.java,umd.cs.shop.JSJshop,org.pitest.mutationtest.engine.gregor.mutators.NegateConditionalsMutator,testParser,328,NO_COVERAGE,none
JSJshop.java,umd.cs.shop.JSJshop,org.pitest.mutationtest.engine.gregor.mutators.NegateConditionalsMutator,testParser,331,NO_COVERAGE,none
JSJshop.java,umd.cs.shop.JSJshop,org.pitest.mutationtest.engine.gregor.mutators.NegateConditionalsMutator,testParser,334,NO_COVERAGE,none
JSJshop.java,umd.cs.shop.JSJshop,org.pitest.mutationtest.engine.gregor.mutators.NegateConditionalsMutator,testParser,337,NO_COVERAGE,none
JSJshop.java,umd.cs.shop.JSJshop,org.pitest.mutationtest.engine.gregor.mutators.NegateConditionalsMutator,testParser,340,NO_COVERAGE,none
JSJshop.java,umd.cs.shop.JSJshop,org.pitest.mutationtest.engine.gregor.mutators.NegateConditionalsMutator,testParser,343,NO_COVERAGE,none
JSJshop.java,umd.cs.shop.JSJshop,org.pitest.mutationtest.engine.gregor.mutators.NonVoidMethodCallMutator,testParser,279,NO_COVERAGE,none
JSJshop.java,umd.cs.shop.JSJshop,org.pitest.mutationtest.engine.gregor.mutators.NonVoidMethodCallMutator,testParser,281,NO_COVERAGE,none
JSJshop.java,umd.cs.shop.JSJshop,org.pitest.mutationtest.engine.gregor.mutators.NonVoidMethodCallMutator,testParser,281,NO_COVERAGE,none
JSJshop.java,umd.cs.shop.JSJshop,org.pitest.mutationtest.engine.gregor.mutators.NonVoidMethodCallMutator,testParser,281,NO_COVERAGE,none
JSJshop.java,umd.cs.shop.JSJshop,org.pitest.mutationtest.engine.gregor.mutators.NonVoidMethodCallMutator,testParser,281,NO_COVERAGE,none
JSJshop.java,umd.cs.shop.JSJshop,org.pitest.mutationtest.engine.gregor.mutators.NonVoidMethodCallMutator,testParser,344,NO_COVERAGE,none
JSJshop.java,umd.cs.shop.JSJshop,org.pitest.mutationtest.engine.gregor.mutators.NonVoidMethodCallMutator,testParser,344,NO_COVERAGE,none
JSJshop.java,umd.cs.shop.JSJshop,org.pitest.mutationtest.engine.gregor.mutators.NonVoidMethodCallMutator,testParser,344,NO_COVERAGE,none
JSJshop.java,umd.cs.shop.JSJshop,org.pitest.mutationtest.engine.gregor.mutators.NonVoidMethodCallMutator,testParser,352,KILLED,umd.cs.shop.JSJshop_ESTest.test02
JSJshop.java,umd.cs.shop.JSJshop,org.pitest.mutationtest.engine.gregor.mutators.NonVoidMethodCallMutator,testParser,352,KILLED,umd.cs.shop.JSJshop_ESTest.test02
JSJshop.java,umd.cs.shop.JSJshop,org.pitest.mutationtest.engine.gregor.mutators.NonVoidMethodCallMutator,testParser,352,KILLED,umd.cs.shop.JSJshop_ESTest.test02
JSJshop.java,umd.cs.shop.JSJshop,org.pitest.mutationtest.engine.gregor.mutators.RemoveConditionalMutator_EQUAL_ELSE,testParser,279,NO_COVERAGE,none
JSJshop.java,umd.cs.shop.JSJshop,org.pitest.mutationtest.engine.gregor.mutators.RemoveConditionalMutator_EQUAL_ELSE,testParser,280,NO_COVERAGE,none
JSJshop.java,umd.cs.shop.JSJshop,org.pitest.mutationtest.engine.gregor.mutators.RemoveConditionalMutator_EQUAL_ELSE,testParser,284,NO_COVERAGE,none
JSJshop.java,umd.cs.shop.JSJshop,org.pitest.mutationtest.engine.gregor.mutators.RemoveConditionalMutator_EQUAL_ELSE,testParser,287,NO_COVERAGE,none
JSJshop.java,umd.cs.shop.JSJshop,org.pitest.mutationtest.engine.gregor.mutators.RemoveConditionalMutator_EQUAL_ELSE,testParser,290,NO_COVERAGE,none
JSJshop.java,umd.cs.shop.JSJshop,org.pitest.mutationtest.engine.gregor.mutators.RemoveConditionalMutator_EQUAL_ELSE,testParser,293,NO_COVERAGE,none
JSJshop.java,umd.cs.shop.JSJshop,org.pitest.mutationtest.engine.gregor.mutators.RemoveConditionalMutator_EQUAL_ELSE,testParser,296,NO_COVERAGE,none
JSJshop.java,umd.cs.shop.JSJshop,org.pitest.mutationtest.engine.gregor.mutators.RemoveConditionalMutator_EQUAL_ELSE,testParser,299,NO_COVERAGE,none
JSJshop.java,umd.cs.shop.JSJshop,org.pitest.mutationtest.engine.gregor.mutators.RemoveConditionalMutator_EQUAL_ELSE,testParser,302,NO_COVERAGE,none
JSJshop.java,umd.cs.shop.JSJshop,org.pitest.mutationtest.engine.gregor.mutators.RemoveConditionalMutator_EQUAL_ELSE,testParser,305,NO_COVERAGE,none
JSJshop.java,umd.cs.shop.JSJshop,org.pitest.mutationtest.engine.gregor.mutators.RemoveConditionalMutator_EQUAL_ELSE,testParser,308,NO_COVERAGE,none
JSJshop.java,umd.cs.shop.JSJshop,org.pitest.mutationtest.engine.gregor.mutators.RemoveConditionalMutator_EQUAL_ELSE,testParser,311,NO_COVERAGE,none
JSJshop.java,umd.cs.shop.JSJshop,org.pitest.mutationtest.engine.gregor.mutators.RemoveConditionalMutator_EQUAL_ELSE,testParser,314,NO_COVERAGE,none
JSJshop.java,umd.cs.shop.JSJshop,org.pitest.mutationtest.engine.gregor.mutators.RemoveConditionalMutator_EQUAL_ELSE,testParser,317,NO_COVERAGE,none
JSJshop.java,umd.cs.shop.JSJshop,org.pitest.mutationtest.engine.gregor.mutators.RemoveConditionalMutator_EQUAL_ELSE,testParser,321,NO_COVERAGE,none
JSJshop.java,umd.cs.shop.JSJshop,org.pitest.mutationtest.engine.gregor.mutators.RemoveConditionalMutator_EQUAL_ELSE,testParser,325,NO_COVERAGE,none
JSJshop.java,umd.cs.shop.JSJshop,org.pitest.mutationtest.engine.gregor.mutators.RemoveConditionalMutator_EQUAL_ELSE,testParser,328,NO_COVERAGE,none
JSJshop.java,umd.cs.shop.JSJshop,org.pitest.mutationtest.engine.gregor.mutators.RemoveConditionalMutator_EQUAL_ELSE,testParser,331,NO_COVERAGE,none
JSJshop.java,umd.cs.shop.JSJshop,org.pitest.mutationtest.engine.gregor.mutators.RemoveConditionalMutator_EQUAL_ELSE,testParser,334,NO_COVERAGE,none
JSJshop.java,umd.cs.shop.JSJshop,org.pitest.mutationtest.engine.gregor.mutators.RemoveConditionalMutator_EQUAL_ELSE,testParser,337,NO_COVERAGE,none
JSJshop.java,umd.cs.shop.JSJshop,org.pitest.mutationtest.engine.gregor.mutators.RemoveConditionalMutator_EQUAL_ELSE,testParser,340,NO_COVERAGE,none
JSJshop.java,umd.cs.shop.JSJshop,org.pitest.mutationtest.engine.gregor.mutators.RemoveConditionalMutator_EQUAL_ELSE,testParser,343,NO_COVERAGE,none
JSJshop.java,umd.cs.shop.JSJshop,org.pitest.mutationtest.engine.gregor.mutators.RemoveConditionalMutator_EQUAL_IF,testParser,279,NO_COVERAGE,none
JSJshop.java,umd.cs.shop.JSJshop,org.pitest.mutationtest.engine.gregor.mutators.RemoveConditionalMutator_EQUAL_IF,testParser,280,NO_COVERAGE,none
JSJshop.java,umd.cs.shop.JSJshop,org.pitest.mutationtest.engine.gregor.mutators.RemoveConditionalMutator_EQUAL_IF,testParser,284,NO_COVERAGE,none
JSJshop.java,umd.cs.shop.JSJshop,org.pitest.mutationtest.engine.gregor.mutators.RemoveConditionalMutator_EQUAL_IF,testParser,287,NO_COVERAGE,none
JSJshop.java,umd.cs.shop.JSJshop,org.pitest.mutationtest.engine.gregor.mutators.RemoveConditionalMutator_EQUAL_IF,testParser,290,NO_COVERAGE,none
JSJshop.java,umd.cs.shop.JSJshop,org.pitest.mutationtest.engine.gregor.mutators.RemoveConditionalMutator_EQUAL_IF,testParser,293,NO_COVERAGE,none
JSJshop.java,umd.cs.shop.JSJshop,org.pitest.mutationtest.engine.gregor.mutators.RemoveConditionalMutator_EQUAL_IF,testParser,296,NO_COVERAGE,none
JSJshop.java,umd.cs.shop.JSJshop,org.pitest.mutationtest.engine.gregor.mutators.RemoveConditionalMutator_EQUAL_IF,testParser,299,NO_COVERAGE,none
JSJshop.java,umd.cs.shop.JSJshop,org.pitest.mutationtest.engine.gregor.mutators.RemoveConditionalMutator_EQUAL_IF,testParser,302,NO_COVERAGE,none
JSJshop.java,umd.cs.shop.JSJshop,org.pitest.mutationtest.engine.gregor.mutators.RemoveConditionalMutator_EQUAL_IF,testParser,305,NO_COVERAGE,none
JSJshop.java,umd.cs.shop.JSJshop,org.pitest.mutationtest.engine.gregor.mutators.RemoveConditionalMutator_EQUAL_IF,testParser,308,NO_COVERAGE,none
JSJshop.java,umd.cs.shop.JSJshop,org.pitest.mutationtest.engine.gregor.mutators.RemoveConditionalMutator_EQUAL_IF,testParser,311,NO_COVERAGE,none
JSJshop.java,umd.cs.shop.JSJshop,org.pitest.mutationtest.engine.gregor.mutators.RemoveConditionalMutator_EQUAL_IF,testParser,314,NO_COVERAGE,none
JSJshop.java,umd.cs.shop.JSJshop,org.pitest.mutationtest.engine.gregor.mutators.RemoveConditionalMutator_EQUAL_IF,testParser,317,NO_COVERAGE,none
JSJshop.java,umd.cs.shop.JSJshop,org.pitest.mutationtest.engine.gregor.mutators.RemoveConditionalMutator_EQUAL_IF,testParser,321,NO_COVERAGE,none
JSJshop.java,umd.cs.shop.JSJshop,org.pitest.mutationtest.engine.gregor.mutators.RemoveConditionalMutator_EQUAL_IF,testParser,325,NO_COVERAGE,none
JSJshop.java,umd.cs.shop.JSJshop,org.pitest.mutationtest.engine.gregor.mutators.RemoveConditionalMutator_EQUAL_IF,testParser,328,NO_COVERAGE,none
JSJshop.java,umd.cs.shop.JSJshop,org.pitest.mutationtest.engine.gregor.mutators.RemoveConditionalMutator_EQUAL_IF,testParser,331,NO_COVERAGE,none
JSJshop.java,umd.cs.shop.JSJshop,org.pitest.mutationtest.engine.gregor.mutators.RemoveConditionalMutator_EQUAL_IF,testParser,334,NO_COVERAGE,none
JSJshop.java,umd.cs.shop.JSJshop,org.pitest.mutationtest.engine.gregor.mutators.RemoveConditionalMutator_EQUAL_IF,testParser,337,NO_COVERAGE,none
JSJshop.java,umd.cs.shop.JSJshop,org.pitest.mutationtest.engine.gregor.mutators.RemoveConditionalMutator_EQUAL_IF,testParser,340,NO_COVERAGE,none
JSJshop.java,umd.cs.shop.JSJshop,org.pitest.mutationtest.engine.gregor.mutators.RemoveConditionalMutator_EQUAL_IF,testParser,343,NO_COVERAGE,none
JSJshop.java,umd.cs.shop.JSJshop,org.pitest.mutationtest.engine.gregor.mutators.VoidMethodCallMutator,testParser,278,KILLED,umd.cs.shop.JSJshop_ESTest.test02
JSJshop.java,umd.cs.shop.JSJshop,org.pitest.mutationtest.engine.gregor.mutators.VoidMethodCallMutator,testParser,281,NO_COVERAGE,none
JSJshop.java,umd.cs.shop.JSJshop,org.pitest.mutationtest.engine.gregor.mutators.VoidMethodCallMutator,testParser,285,NO_COVERAGE,none
JSJshop.java,umd.cs.shop.JSJshop,org.pitest.mutationtest.engine.gregor.mutators.VoidMethodCallMutator,testParser,288,NO_COVERAGE,none
JSJshop.java,umd.cs.shop.JSJshop,org.pitest.mutationtest.engine.gregor.mutators.VoidMethodCallMutator,testParser,291,NO_COVERAGE,none
JSJshop.java,umd.cs.shop.JSJshop,org.pitest.mutationtest.engine.gregor.mutators.VoidMethodCallMutator,testParser,294,NO_COVERAGE,none
JSJshop.java,umd.cs.shop.JSJshop,org.pitest.mutationtest.engine.gregor.mutators.VoidMethodCallMutator,testParser,297,NO_COVERAGE,none
JSJshop.java,umd.cs.shop.JSJshop,org.pitest.mutationtest.engine.gregor.mutators.VoidMethodCallMutator,testParser,300,NO_COVERAGE,none
JSJshop.java,umd.cs.shop.JSJshop,org.pitest.mutationtest.engine.gregor.mutators.VoidMethodCallMutator,testParser,303,NO_COVERAGE,none
JSJshop.java,umd.cs.shop.JSJshop,org.pitest.mutationtest.engine.gregor.mutators.VoidMethodCallMutator,testParser,306,NO_COVERAGE,none
JSJshop.java,umd.cs.shop.JSJshop,org.pitest.mutationtest.engine.gregor.mutators.VoidMethodCallMutator,testParser,309,NO_COVERAGE,none
JSJshop.java,umd.cs.shop.JSJshop,org.pitest.mutationtest.engine.gregor.mutators.VoidMethodCallMutator,testParser,312,NO_COVERAGE,none
JSJshop.java,umd.cs.shop.JSJshop,org.pitest.mutationtest.engine.gregor.mutators.VoidMethodCallMutator,testParser,315,NO_COVERAGE,none
JSJshop.java,umd.cs.shop.JSJshop,org.pitest.mutationtest.engine.gregor.mutators.VoidMethodCallMutator,testParser,318,NO_COVERAGE,none
JSJshop.java,umd.cs.shop.JSJshop,org.pitest.mutationtest.engine.gregor.mutators.VoidMethodCallMutator,testParser,322,NO_COVERAGE,none
JSJshop.java,umd.cs.shop.JSJshop,org.pitest.mutationtest.engine.gregor.mutators.VoidMethodCallMutator,testParser,326,NO_COVERAGE,none
JSJshop.java,umd.cs.shop.JSJshop,org.pitest.mutationtest.engine.gregor.mutators.VoidMethodCallMutator,testParser,329,NO_COVERAGE,none
JSJshop.java,umd.cs.shop.JSJshop,org.pitest.mutationtest.engine.gregor.mutators.VoidMethodCallMutator,testParser,332,NO_COVERAGE,none
JSJshop.java,umd.cs.shop.JSJshop,org.pitest.mutationtest.engine.gregor.mutators.VoidMethodCallMutator,testParser,335,NO_COVERAGE,none
JSJshop.java,umd.cs.shop.JSJshop,org.pitest.mutationtest.engine.gregor.mutators.VoidMethodCallMutator,testParser,338,NO_COVERAGE,none
JSJshop.java,umd.cs.shop.JSJshop,org.pitest.mutationtest.engine.gregor.mutators.VoidMethodCallMutator,testParser,341,NO_COVERAGE,none
JSJshop.java,umd.cs.shop.JSJshop,org.pitest.mutationtest.engine.gregor.mutators.VoidMethodCallMutator,testParser,344,NO_COVERAGE,none
JSJshop.java,umd.cs.shop.JSJshop,org.pitest.mutationtest.engine.gregor.mutators.VoidMethodCallMutator,testParser,348,NO_COVERAGE,none
JSJshop.java,umd.cs.shop.JSJshop,org.pitest.mutationtest.engine.gregor.mutators.VoidMethodCallMutator,testParser,352,KILLED,umd.cs.shop.JSJshop_ESTest.test02
JSJshop.java,umd.cs.shop.JSJshop,org.pitest.mutationtest.engine.gregor.mutators.VoidMethodCallMutator,testParser,353,KILLED,umd.cs.shop.JSJshop_ESTest.test02
JSJshop.java,umd.cs.shop.JSJshop,org.pitest.mutationtest.engine.gregor.mutators.experimental.NakedReceiverMutator,testParser,281,NO_COVERAGE,none
JSJshop.java,umd.cs.shop.JSJshop,org.pitest.mutationtest.engine.gregor.mutators.experimental.NakedReceiverMutator,testParser,281,NO_COVERAGE,none
JSJshop.java,umd.cs.shop.JSJshop,org.pitest.mutationtest.engine.gregor.mutators.experimental.NakedReceiverMutator,testParser,344,NO_COVERAGE,none
JSJshop.java,umd.cs.shop.JSJshop,org.pitest.mutationtest.engine.gregor.mutators.experimental.NakedReceiverMutator,testParser,344,NO_COVERAGE,none
JSJshop.java,umd.cs.shop.JSJshop,org.pitest.mutationtest.engine.gregor.mutators.experimental.NakedReceiverMutator,testParser,352,KILLED,umd.cs.shop.JSJshop_ESTest.test02
JSJshop.java,umd.cs.shop.JSJshop,org.pitest.mutationtest.engine.gregor.mutators.experimental.NakedReceiverMutator,testParser,352,KILLED,umd.cs.shop.JSJshop_ESTest.test02
JSJshop.java,umd.cs.shop.JSJshop,org.pitest.mutationtest.engine.gregor.mutators.NullReturnValsMutator,tree,512,SURVIVED,none
JSJshop.java,umd.cs.shop.JSJshop,org.pitest.mutationtest.engine.gregor.mutators.ReturnValsMutator,tree,512,KILLED,umd.cs.shop.JSJshop_ESTest.test18
