ConnectedComponents.java,jigl.image.ops.ConnectedComponents,org.pitest.mutationtest.engine.gregor.mutators.ConstructorCallMutator,<init>,52,SURVIVED,none
ConnectedComponents.java,jigl.image.ops.ConnectedComponents,org.pitest.mutationtest.engine.gregor.mutators.InlineConstantMutator,<init>,36,SURVIVED,none
ConnectedComponents.java,jigl.image.ops.ConnectedComponents,org.pitest.mutationtest.engine.gregor.mutators.InlineConstantMutator,<init>,38,SURVIVED,none
ConnectedComponents.java,jigl.image.ops.ConnectedComponents,org.pitest.mutationtest.engine.gregor.mutators.InlineConstantMutator,<init>,50,KILLED,jigl.image.ops.ConnectedComponents_ESTest.test5
ConnectedComponents.java,jigl.image.ops.ConnectedComponents,org.pitest.mutationtest.engine.gregor.mutators.InlineConstantMutator,<init>,50,KILLED,jigl.image.ops.ConnectedComponents_ESTest.test4
ConnectedComponents.java,jigl.image.ops.ConnectedComponents,org.pitest.mutationtest.engine.gregor.mutators.NegateConditionalsMutator,<init>,50,KILLED,jigl.image.ops.ConnectedComponents_ESTest.test4
ConnectedComponents.java,jigl.image.ops.ConnectedComponents,org.pitest.mutationtest.engine.gregor.mutators.NegateConditionalsMutator,<init>,50,KILLED,jigl.image.ops.ConnectedComponents_ESTest.test5
ConnectedComponents.java,jigl.image.ops.ConnectedComponents,org.pitest.mutationtest.engine.gregor.mutators.NegateConditionalsMutator,<init>,50,KILLED,jigl.image.ops.ConnectedComponents_ESTest.test4
ConnectedComponents.java,jigl.image.ops.ConnectedComponents,org.pitest.mutationtest.engine.gregor.mutators.NegateConditionalsMutator,<init>,50,KILLED,jigl.image.ops.ConnectedComponents_ESTest.test3
ConnectedComponents.java,jigl.image.ops.ConnectedComponents,org.pitest.mutationtest.engine.gregor.mutators.RemoveConditionalMutator_EQUAL_ELSE,<init>,50,SURVIVED,none
ConnectedComponents.java,jigl.image.ops.ConnectedComponents,org.pitest.mutationtest.engine.gregor.mutators.RemoveConditionalMutator_EQUAL_ELSE,<init>,50,KILLED,jigl.image.ops.ConnectedComponents_ESTest.test5
ConnectedComponents.java,jigl.image.ops.ConnectedComponents,org.pitest.mutationtest.engine.gregor.mutators.RemoveConditionalMutator_EQUAL_ELSE,<init>,50,KILLED,jigl.image.ops.ConnectedComponents_ESTest.test6
ConnectedComponents.java,jigl.image.ops.ConnectedComponents,org.pitest.mutationtest.engine.gregor.mutators.RemoveConditionalMutator_EQUAL_ELSE,<init>,50,KILLED,jigl.image.ops.ConnectedComponents_ESTest.test6
ConnectedComponents.java,jigl.image.ops.ConnectedComponents,org.pitest.mutationtest.engine.gregor.mutators.RemoveConditionalMutator_EQUAL_IF,<init>,50,KILLED,jigl.image.ops.ConnectedComponents_ESTest.test4
ConnectedComponents.java,jigl.image.ops.ConnectedComponents,org.pitest.mutationtest.engine.gregor.mutators.RemoveConditionalMutator_EQUAL_IF,<init>,50,SURVIVED,none
ConnectedComponents.java,jigl.image.ops.ConnectedComponents,org.pitest.mutationtest.engine.gregor.mutators.RemoveConditionalMutator_EQUAL_IF,<init>,50,KILLED,jigl.image.ops.ConnectedComponents_ESTest.test4
ConnectedComponents.java,jigl.image.ops.ConnectedComponents,org.pitest.mutationtest.engine.gregor.mutators.RemoveConditionalMutator_EQUAL_IF,<init>,50,KILLED,jigl.image.ops.ConnectedComponents_ESTest.test3
ConnectedComponents.java,jigl.image.ops.ConnectedComponents,org.pitest.mutationtest.engine.gregor.mutators.experimental.MemberVariableMutator,<init>,36,SURVIVED,none
ConnectedComponents.java,jigl.image.ops.ConnectedComponents,org.pitest.mutationtest.engine.gregor.mutators.experimental.MemberVariableMutator,<init>,38,SURVIVED,none
ConnectedComponents.java,jigl.image.ops.ConnectedComponents,org.pitest.mutationtest.engine.gregor.mutators.experimental.MemberVariableMutator,<init>,48,SURVIVED,none
ConnectedComponents.java,jigl.image.ops.ConnectedComponents,org.pitest.mutationtest.engine.gregor.mutators.experimental.MemberVariableMutator,<init>,49,KILLED,jigl.image.ops.ConnectedComponents_ESTest.test6
ConnectedComponents.java,jigl.image.ops.ConnectedComponents,org.pitest.mutationtest.engine.gregor.mutators.ConditionalsBoundaryMutator,apply,68,SURVIVED,none
ConnectedComponents.java,jigl.image.ops.ConnectedComponents,org.pitest.mutationtest.engine.gregor.mutators.ConditionalsBoundaryMutator,apply,71,KILLED,jigl.image.ops.ConnectedComponents_ESTest.test3
ConnectedComponents.java,jigl.image.ops.ConnectedComponents,org.pitest.mutationtest.engine.gregor.mutators.ConditionalsBoundaryMutator,apply,72,KILLED,jigl.image.ops.ConnectedComponents_ESTest.test3
ConnectedComponents.java,jigl.image.ops.ConnectedComponents,org.pitest.mutationtest.engine.gregor.mutators.ConditionalsBoundaryMutator,apply,84,SURVIVED,none
ConnectedComponents.java,jigl.image.ops.ConnectedComponents,org.pitest.mutationtest.engine.gregor.mutators.ConditionalsBoundaryMutator,apply,97,KILLED,jigl.image.ops.ConnectedComponents_ESTest.test3
ConnectedComponents.java,jigl.image.ops.ConnectedComponents,org.pitest.mutationtest.engine.gregor.mutators.ConditionalsBoundaryMutator,apply,105,KILLED,jigl.image.ops.ConnectedComponents_ESTest.test3
ConnectedComponents.java,jigl.image.ops.ConnectedComponents,org.pitest.mutationtest.engine.gregor.mutators.ConditionalsBoundaryMutator,apply,105,SURVIVED,none
ConnectedComponents.java,jigl.image.ops.ConnectedComponents,org.pitest.mutationtest.engine.gregor.mutators.ConditionalsBoundaryMutator,apply,108,KILLED,jigl.image.ops.ConnectedComponents_ESTest.test3
ConnectedComponents.java,jigl.image.ops.ConnectedComponents,org.pitest.mutationtest.engine.gregor.mutators.ConditionalsBoundaryMutator,apply,111,SURVIVED,none
ConnectedComponents.java,jigl.image.ops.ConnectedComponents,org.pitest.mutationtest.engine.gregor.mutators.ConditionalsBoundaryMutator,apply,114,NO_COVERAGE,none
ConnectedComponents.java,jigl.image.ops.ConnectedComponents,org.pitest.mutationtest.engine.gregor.mutators.ConditionalsBoundaryMutator,apply,124,SURVIVED,none
ConnectedComponents.java,jigl.image.ops.ConnectedComponents,org.pitest.mutationtest.engine.gregor.mutators.ConditionalsBoundaryMutator,apply,124,SURVIVED,none
ConnectedComponents.java,jigl.image.ops.ConnectedComponents,org.pitest.mutationtest.engine.gregor.mutators.ConditionalsBoundaryMutator,apply,124,SURVIVED,none
ConnectedComponents.java,jigl.image.ops.ConnectedComponents,org.pitest.mutationtest.engine.gregor.mutators.ConditionalsBoundaryMutator,apply,124,SURVIVED,none
ConnectedComponents.java,jigl.image.ops.ConnectedComponents,org.pitest.mutationtest.engine.gregor.mutators.ConditionalsBoundaryMutator,apply,130,KILLED,jigl.image.ops.ConnectedComponents_ESTest.test5
ConnectedComponents.java,jigl.image.ops.ConnectedComponents,org.pitest.mutationtest.engine.gregor.mutators.ConditionalsBoundaryMutator,apply,131,SURVIVED,none
ConnectedComponents.java,jigl.image.ops.ConnectedComponents,org.pitest.mutationtest.engine.gregor.mutators.ConditionalsBoundaryMutator,apply,137,KILLED,jigl.image.ops.ConnectedComponents_ESTest.test5
ConnectedComponents.java,jigl.image.ops.ConnectedComponents,org.pitest.mutationtest.engine.gregor.mutators.ConditionalsBoundaryMutator,apply,150,KILLED,jigl.image.ops.ConnectedComponents_ESTest.test3
ConnectedComponents.java,jigl.image.ops.ConnectedComponents,org.pitest.mutationtest.engine.gregor.mutators.ConditionalsBoundaryMutator,apply,151,KILLED,jigl.image.ops.ConnectedComponents_ESTest.test3
ConnectedComponents.java,jigl.image.ops.ConnectedComponents,org.pitest.mutationtest.engine.gregor.mutators.ConstructorCallMutator,apply,67,KILLED,jigl.image.ops.ConnectedComponents_ESTest.test3
ConnectedComponents.java,jigl.image.ops.ConnectedComponents,org.pitest.mutationtest.engine.gregor.mutators.IncrementsMutator,apply,68,KILLED,jigl.image.ops.ConnectedComponents_ESTest.test4
ConnectedComponents.java,jigl.image.ops.ConnectedComponents,org.pitest.mutationtest.engine.gregor.mutators.IncrementsMutator,apply,78,SURVIVED,none
ConnectedComponents.java,jigl.image.ops.ConnectedComponents,org.pitest.mutationtest.engine.gregor.mutators.IncrementsMutator,apply,107,SURVIVED,none
ConnectedComponents.java,jigl.image.ops.ConnectedComponents,org.pitest.mutationtest.engine.gregor.mutators.IncrementsMutator,apply,127,NO_COVERAGE,none
ConnectedComponents.java,jigl.image.ops.ConnectedComponents,org.pitest.mutationtest.engine.gregor.mutators.IncrementsMutator,apply,130,KILLED,jigl.image.ops.ConnectedComponents_ESTest.test5
ConnectedComponents.java,jigl.image.ops.ConnectedComponents,org.pitest.mutationtest.engine.gregor.mutators.IncrementsMutator,apply,137,KILLED,jigl.image.ops.ConnectedComponents_ESTest.test5
ConnectedComponents.java,jigl.image.ops.ConnectedComponents,org.pitest.mutationtest.engine.gregor.mutators.IncrementsMutator,apply,72,KILLED,jigl.image.ops.ConnectedComponents_ESTest.test4
ConnectedComponents.java,jigl.image.ops.ConnectedComponents,org.pitest.mutationtest.engine.gregor.mutators.IncrementsMutator,apply,71,KILLED,jigl.image.ops.ConnectedComponents_ESTest.test3
ConnectedComponents.java,jigl.image.ops.ConnectedComponents,org.pitest.mutationtest.engine.gregor.mutators.IncrementsMutator,apply,151,KILLED,jigl.image.ops.ConnectedComponents_ESTest.test3
ConnectedComponents.java,jigl.image.ops.ConnectedComponents,org.pitest.mutationtest.engine.gregor.mutators.IncrementsMutator,apply,150,KILLED,jigl.image.ops.ConnectedComponents_ESTest.test3
ConnectedComponents.java,jigl.image.ops.ConnectedComponents,org.pitest.mutationtest.engine.gregor.mutators.InlineConstantMutator,apply,63,SURVIVED,none
ConnectedComponents.java,jigl.image.ops.ConnectedComponents,org.pitest.mutationtest.engine.gregor.mutators.InlineConstantMutator,apply,64,KILLED,jigl.image.ops.ConnectedComponents_ESTest.test3
ConnectedComponents.java,jigl.image.ops.ConnectedComponents,org.pitest.mutationtest.engine.gregor.mutators.InlineConstantMutator,apply,65,SURVIVED,none
ConnectedComponents.java,jigl.image.ops.ConnectedComponents,org.pitest.mutationtest.engine.gregor.mutators.InlineConstantMutator,apply,66,SURVIVED,none
ConnectedComponents.java,jigl.image.ops.ConnectedComponents,org.pitest.mutationtest.engine.gregor.mutators.InlineConstantMutator,apply,68,KILLED,jigl.image.ops.ConnectedComponents_ESTest.test3
ConnectedComponents.java,jigl.image.ops.ConnectedComponents,org.pitest.mutationtest.engine.gregor.mutators.InlineConstantMutator,apply,68,SURVIVED,none
ConnectedComponents.java,jigl.image.ops.ConnectedComponents,org.pitest.mutationtest.engine.gregor.mutators.InlineConstantMutator,apply,69,TIMED_OUT,none
ConnectedComponents.java,jigl.image.ops.ConnectedComponents,org.pitest.mutationtest.engine.gregor.mutators.InlineConstantMutator,apply,71,KILLED,jigl.image.ops.ConnectedComponents_ESTest.test3
ConnectedComponents.java,jigl.image.ops.ConnectedComponents,org.pitest.mutationtest.engine.gregor.mutators.InlineConstantMutator,apply,72,KILLED,jigl.image.ops.ConnectedComponents_ESTest.test3
ConnectedComponents.java,jigl.image.ops.ConnectedComponents,org.pitest.mutationtest.engine.gregor.mutators.InlineConstantMutator,apply,74,KILLED,jigl.image.ops.ConnectedComponents_ESTest.test3
ConnectedComponents.java,jigl.image.ops.ConnectedComponents,org.pitest.mutationtest.engine.gregor.mutators.InlineConstantMutator,apply,77,KILLED,jigl.image.ops.ConnectedComponents_ESTest.test2
ConnectedComponents.java,jigl.image.ops.ConnectedComponents,org.pitest.mutationtest.engine.gregor.mutators.InlineConstantMutator,apply,77,KILLED,jigl.image.ops.ConnectedComponents_ESTest.test2
ConnectedComponents.java,jigl.image.ops.ConnectedComponents,org.pitest.mutationtest.engine.gregor.mutators.InlineConstantMutator,apply,80,KILLED,jigl.image.ops.ConnectedComponents_ESTest.test4
ConnectedComponents.java,jigl.image.ops.ConnectedComponents,org.pitest.mutationtest.engine.gregor.mutators.InlineConstantMutator,apply,80,KILLED,jigl.image.ops.ConnectedComponents_ESTest.test4
ConnectedComponents.java,jigl.image.ops.ConnectedComponents,org.pitest.mutationtest.engine.gregor.mutators.InlineConstantMutator,apply,81,SURVIVED,none
ConnectedComponents.java,jigl.image.ops.ConnectedComponents,org.pitest.mutationtest.engine.gregor.mutators.InlineConstantMutator,apply,81,SURVIVED,none
ConnectedComponents.java,jigl.image.ops.ConnectedComponents,org.pitest.mutationtest.engine.gregor.mutators.InlineConstantMutator,apply,82,SURVIVED,none
ConnectedComponents.java,jigl.image.ops.ConnectedComponents,org.pitest.mutationtest.engine.gregor.mutators.InlineConstantMutator,apply,82,SURVIVED,none
ConnectedComponents.java,jigl.image.ops.ConnectedComponents,org.pitest.mutationtest.engine.gregor.mutators.InlineConstantMutator,apply,83,SURVIVED,none
ConnectedComponents.java,jigl.image.ops.ConnectedComponents,org.pitest.mutationtest.engine.gregor.mutators.InlineConstantMutator,apply,83,SURVIVED,none
ConnectedComponents.java,jigl.image.ops.ConnectedComponents,org.pitest.mutationtest.engine.gregor.mutators.InlineConstantMutator,apply,84,SURVIVED,none
ConnectedComponents.java,jigl.image.ops.ConnectedComponents,org.pitest.mutationtest.engine.gregor.mutators.InlineConstantMutator,apply,85,NO_COVERAGE,none
ConnectedComponents.java,jigl.image.ops.ConnectedComponents,org.pitest.mutationtest.engine.gregor.mutators.InlineConstantMutator,apply,85,NO_COVERAGE,none
ConnectedComponents.java,jigl.image.ops.ConnectedComponents,org.pitest.mutationtest.engine.gregor.mutators.InlineConstantMutator,apply,87,SURVIVED,none
ConnectedComponents.java,jigl.image.ops.ConnectedComponents,org.pitest.mutationtest.engine.gregor.mutators.InlineConstantMutator,apply,87,SURVIVED,none
ConnectedComponents.java,jigl.image.ops.ConnectedComponents,org.pitest.mutationtest.engine.gregor.mutators.InlineConstantMutator,apply,87,SURVIVED,none
ConnectedComponents.java,jigl.image.ops.ConnectedComponents,org.pitest.mutationtest.engine.gregor.mutators.InlineConstantMutator,apply,88,KILLED,jigl.image.ops.ConnectedComponents_ESTest.test3
ConnectedComponents.java,jigl.image.ops.ConnectedComponents,org.pitest.mutationtest.engine.gregor.mutators.InlineConstantMutator,apply,88,KILLED,jigl.image.ops.ConnectedComponents_ESTest.test3
ConnectedComponents.java,jigl.image.ops.ConnectedComponents,org.pitest.mutationtest.engine.gregor.mutators.InlineConstantMutator,apply,89,KILLED,jigl.image.ops.ConnectedComponents_ESTest.test2
ConnectedComponents.java,jigl.image.ops.ConnectedComponents,org.pitest.mutationtest.engine.gregor.mutators.InlineConstantMutator,apply,89,KILLED,jigl.image.ops.ConnectedComponents_ESTest.test3
ConnectedComponents.java,jigl.image.ops.ConnectedComponents,org.pitest.mutationtest.engine.gregor.mutators.InlineConstantMutator,apply,90,KILLED,jigl.image.ops.ConnectedComponents_ESTest.test2
ConnectedComponents.java,jigl.image.ops.ConnectedComponents,org.pitest.mutationtest.engine.gregor.mutators.InlineConstantMutator,apply,90,SURVIVED,none
ConnectedComponents.java,jigl.image.ops.ConnectedComponents,org.pitest.mutationtest.engine.gregor.mutators.InlineConstantMutator,apply,91,SURVIVED,none
ConnectedComponents.java,jigl.image.ops.ConnectedComponents,org.pitest.mutationtest.engine.gregor.mutators.InlineConstantMutator,apply,91,SURVIVED,none
ConnectedComponents.java,jigl.image.ops.ConnectedComponents,org.pitest.mutationtest.engine.gregor.mutators.InlineConstantMutator,apply,92,KILLED,jigl.image.ops.ConnectedComponents_ESTest.test3
ConnectedComponents.java,jigl.image.ops.ConnectedComponents,org.pitest.mutationtest.engine.gregor.mutators.InlineConstantMutator,apply,92,SURVIVED,none
ConnectedComponents.java,jigl.image.ops.ConnectedComponents,org.pitest.mutationtest.engine.gregor.mutators.InlineConstantMutator,apply,94,SURVIVED,none
ConnectedComponents.java,jigl.image.ops.ConnectedComponents,org.pitest.mutationtest.engine.gregor.mutators.InlineConstantMutator,apply,94,KILLED,jigl.image.ops.ConnectedComponents_ESTest.test3
ConnectedComponents.java,jigl.image.ops.ConnectedComponents,org.pitest.mutationtest.engine.gregor.mutators.InlineConstantMutator,apply,95,SURVIVED,none
ConnectedComponents.java,jigl.image.ops.ConnectedComponents,org.pitest.mutationtest.engine.gregor.mutators.InlineConstantMutator,apply,95,SURVIVED,none
ConnectedComponents.java,jigl.image.ops.ConnectedComponents,org.pitest.mutationtest.engine.gregor.mutators.InlineConstantMutator,apply,95,SURVIVED,none
ConnectedComponents.java,jigl.image.ops.ConnectedComponents,org.pitest.mutationtest.engine.gregor.mutators.InlineConstantMutator,apply,96,KILLED,jigl.image.ops.ConnectedComponents_ESTest.test3
ConnectedComponents.java,jigl.image.ops.ConnectedComponents,org.pitest.mutationtest.engine.gregor.mutators.InlineConstantMutator,apply,96,KILLED,jigl.image.ops.ConnectedComponents_ESTest.test3
ConnectedComponents.java,jigl.image.ops.ConnectedComponents,org.pitest.mutationtest.engine.gregor.mutators.InlineConstantMutator,apply,97,KILLED,jigl.image.ops.ConnectedComponents_ESTest.test3
ConnectedComponents.java,jigl.image.ops.ConnectedComponents,org.pitest.mutationtest.engine.gregor.mutators.InlineConstantMutator,apply,98,KILLED,jigl.image.ops.ConnectedComponents_ESTest.test3
ConnectedComponents.java,jigl.image.ops.ConnectedComponents,org.pitest.mutationtest.engine.gregor.mutators.InlineConstantMutator,apply,98,SURVIVED,none
ConnectedComponents.java,jigl.image.ops.ConnectedComponents,org.pitest.mutationtest.engine.gregor.mutators.InlineConstantMutator,apply,100,NO_COVERAGE,none
ConnectedComponents.java,jigl.image.ops.ConnectedComponents,org.pitest.mutationtest.engine.gregor.mutators.InlineConstantMutator,apply,100,NO_COVERAGE,none
ConnectedComponents.java,jigl.image.ops.ConnectedComponents,org.pitest.mutationtest.engine.gregor.mutators.InlineConstantMutator,apply,100,NO_COVERAGE,none
ConnectedComponents.java,jigl.image.ops.ConnectedComponents,org.pitest.mutationtest.engine.gregor.mutators.InlineConstantMutator,apply,105,KILLED,jigl.image.ops.ConnectedComponents_ESTest.test2
ConnectedComponents.java,jigl.image.ops.ConnectedComponents,org.pitest.mutationtest.engine.gregor.mutators.InlineConstantMutator,apply,105,KILLED,jigl.image.ops.ConnectedComponents_ESTest.test3
ConnectedComponents.java,jigl.image.ops.ConnectedComponents,org.pitest.mutationtest.engine.gregor.mutators.InlineConstantMutator,apply,108,KILLED,jigl.image.ops.ConnectedComponents_ESTest.test2
ConnectedComponents.java,jigl.image.ops.ConnectedComponents,org.pitest.mutationtest.engine.gregor.mutators.InlineConstantMutator,apply,109,SURVIVED,none
ConnectedComponents.java,jigl.image.ops.ConnectedComponents,org.pitest.mutationtest.engine.gregor.mutators.InlineConstantMutator,apply,111,SURVIVED,none
ConnectedComponents.java,jigl.image.ops.ConnectedComponents,org.pitest.mutationtest.engine.gregor.mutators.InlineConstantMutator,apply,112,KILLED,jigl.image.ops.ConnectedComponents_ESTest.test2
ConnectedComponents.java,jigl.image.ops.ConnectedComponents,org.pitest.mutationtest.engine.gregor.mutators.InlineConstantMutator,apply,114,NO_COVERAGE,none
ConnectedComponents.java,jigl.image.ops.ConnectedComponents,org.pitest.mutationtest.engine.gregor.mutators.InlineConstantMutator,apply,114,NO_COVERAGE,none
ConnectedComponents.java,jigl.image.ops.ConnectedComponents,org.pitest.mutationtest.engine.gregor.mutators.InlineConstantMutator,apply,115,NO_COVERAGE,none
ConnectedComponents.java,jigl.image.ops.ConnectedComponents,org.pitest.mutationtest.engine.gregor.mutators.InlineConstantMutator,apply,116,NO_COVERAGE,none
ConnectedComponents.java,jigl.image.ops.ConnectedComponents,org.pitest.mutationtest.engine.gregor.mutators.InlineConstantMutator,apply,116,NO_COVERAGE,none
ConnectedComponents.java,jigl.image.ops.ConnectedComponents,org.pitest.mutationtest.engine.gregor.mutators.InlineConstantMutator,apply,119,NO_COVERAGE,none
ConnectedComponents.java,jigl.image.ops.ConnectedComponents,org.pitest.mutationtest.engine.gregor.mutators.InlineConstantMutator,apply,120,NO_COVERAGE,none
ConnectedComponents.java,jigl.image.ops.ConnectedComponents,org.pitest.mutationtest.engine.gregor.mutators.InlineConstantMutator,apply,120,NO_COVERAGE,none
ConnectedComponents.java,jigl.image.ops.ConnectedComponents,org.pitest.mutationtest.engine.gregor.mutators.InlineConstantMutator,apply,121,NO_COVERAGE,none
ConnectedComponents.java,jigl.image.ops.ConnectedComponents,org.pitest.mutationtest.engine.gregor.mutators.InlineConstantMutator,apply,121,NO_COVERAGE,none
ConnectedComponents.java,jigl.image.ops.ConnectedComponents,org.pitest.mutationtest.engine.gregor.mutators.InlineConstantMutator,apply,123,KILLED,jigl.image.ops.ConnectedComponents_ESTest.test5
ConnectedComponents.java,jigl.image.ops.ConnectedComponents,org.pitest.mutationtest.engine.gregor.mutators.InlineConstantMutator,apply,124,KILLED,jigl.image.ops.ConnectedComponents_ESTest.test5
ConnectedComponents.java,jigl.image.ops.ConnectedComponents,org.pitest.mutationtest.engine.gregor.mutators.InlineConstantMutator,apply,124,SURVIVED,none
ConnectedComponents.java,jigl.image.ops.ConnectedComponents,org.pitest.mutationtest.engine.gregor.mutators.InlineConstantMutator,apply,124,SURVIVED,none
ConnectedComponents.java,jigl.image.ops.ConnectedComponents,org.pitest.mutationtest.engine.gregor.mutators.InlineConstantMutator,apply,124,SURVIVED,none
ConnectedComponents.java,jigl.image.ops.ConnectedComponents,org.pitest.mutationtest.engine.gregor.mutators.InlineConstantMutator,apply,129,SURVIVED,none
ConnectedComponents.java,jigl.image.ops.ConnectedComponents,org.pitest.mutationtest.engine.gregor.mutators.InlineConstantMutator,apply,130,KILLED,jigl.image.ops.ConnectedComponents_ESTest.test5
ConnectedComponents.java,jigl.image.ops.ConnectedComponents,org.pitest.mutationtest.engine.gregor.mutators.InlineConstantMutator,apply,130,KILLED,jigl.image.ops.ConnectedComponents_ESTest.test5
ConnectedComponents.java,jigl.image.ops.ConnectedComponents,org.pitest.mutationtest.engine.gregor.mutators.InlineConstantMutator,apply,131,KILLED,jigl.image.ops.ConnectedComponents_ESTest.test5
ConnectedComponents.java,jigl.image.ops.ConnectedComponents,org.pitest.mutationtest.engine.gregor.mutators.InlineConstantMutator,apply,137,SURVIVED,none
ConnectedComponents.java,jigl.image.ops.ConnectedComponents,org.pitest.mutationtest.engine.gregor.mutators.InlineConstantMutator,apply,137,KILLED,jigl.image.ops.ConnectedComponents_ESTest.test5
ConnectedComponents.java,jigl.image.ops.ConnectedComponents,org.pitest.mutationtest.engine.gregor.mutators.InlineConstantMutator,apply,138,KILLED,jigl.image.ops.ConnectedComponents_ESTest.test5
ConnectedComponents.java,jigl.image.ops.ConnectedComponents,org.pitest.mutationtest.engine.gregor.mutators.InlineConstantMutator,apply,149,SURVIVED,none
ConnectedComponents.java,jigl.image.ops.ConnectedComponents,org.pitest.mutationtest.engine.gregor.mutators.InlineConstantMutator,apply,150,SURVIVED,none
ConnectedComponents.java,jigl.image.ops.ConnectedComponents,org.pitest.mutationtest.engine.gregor.mutators.InlineConstantMutator,apply,151,SURVIVED,none
ConnectedComponents.java,jigl.image.ops.ConnectedComponents,org.pitest.mutationtest.engine.gregor.mutators.InlineConstantMutator,apply,153,KILLED,jigl.image.ops.ConnectedComponents_ESTest.test3
ConnectedComponents.java,jigl.image.ops.ConnectedComponents,org.pitest.mutationtest.engine.gregor.mutators.MathMutator,apply,80,KILLED,jigl.image.ops.ConnectedComponents_ESTest.test4
ConnectedComponents.java,jigl.image.ops.ConnectedComponents,org.pitest.mutationtest.engine.gregor.mutators.MathMutator,apply,83,SURVIVED,none
ConnectedComponents.java,jigl.image.ops.ConnectedComponents,org.pitest.mutationtest.engine.gregor.mutators.MathMutator,apply,84,SURVIVED,none
ConnectedComponents.java,jigl.image.ops.ConnectedComponents,org.pitest.mutationtest.engine.gregor.mutators.MathMutator,apply,87,KILLED,jigl.image.ops.ConnectedComponents_ESTest.test4
ConnectedComponents.java,jigl.image.ops.ConnectedComponents,org.pitest.mutationtest.engine.gregor.mutators.MathMutator,apply,87,SURVIVED,none
ConnectedComponents.java,jigl.image.ops.ConnectedComponents,org.pitest.mutationtest.engine.gregor.mutators.MathMutator,apply,88,KILLED,jigl.image.ops.ConnectedComponents_ESTest.test3
ConnectedComponents.java,jigl.image.ops.ConnectedComponents,org.pitest.mutationtest.engine.gregor.mutators.MathMutator,apply,89,KILLED,jigl.image.ops.ConnectedComponents_ESTest.test3
ConnectedComponents.java,jigl.image.ops.ConnectedComponents,org.pitest.mutationtest.engine.gregor.mutators.MathMutator,apply,94,KILLED,jigl.image.ops.ConnectedComponents_ESTest.test3
ConnectedComponents.java,jigl.image.ops.ConnectedComponents,org.pitest.mutationtest.engine.gregor.mutators.MathMutator,apply,95,KILLED,jigl.image.ops.ConnectedComponents_ESTest.test3
ConnectedComponents.java,jigl.image.ops.ConnectedComponents,org.pitest.mutationtest.engine.gregor.mutators.MathMutator,apply,95,KILLED,jigl.image.ops.ConnectedComponents_ESTest.test3
ConnectedComponents.java,jigl.image.ops.ConnectedComponents,org.pitest.mutationtest.engine.gregor.mutators.MathMutator,apply,96,KILLED,jigl.image.ops.ConnectedComponents_ESTest.test3
ConnectedComponents.java,jigl.image.ops.ConnectedComponents,org.pitest.mutationtest.engine.gregor.mutators.MathMutator,apply,97,KILLED,jigl.image.ops.ConnectedComponents_ESTest.test3
ConnectedComponents.java,jigl.image.ops.ConnectedComponents,org.pitest.mutationtest.engine.gregor.mutators.MathMutator,apply,100,NO_COVERAGE,none
ConnectedComponents.java,jigl.image.ops.ConnectedComponents,org.pitest.mutationtest.engine.gregor.mutators.MathMutator,apply,100,NO_COVERAGE,none
ConnectedComponents.java,jigl.image.ops.ConnectedComponents,org.pitest.mutationtest.engine.gregor.mutators.NegateConditionalsMutator,apply,68,TIMED_OUT,none
ConnectedComponents.java,jigl.image.ops.ConnectedComponents,org.pitest.mutationtest.engine.gregor.mutators.NegateConditionalsMutator,apply,71,KILLED,jigl.image.ops.ConnectedComponents_ESTest.test3
ConnectedComponents.java,jigl.image.ops.ConnectedComponents,org.pitest.mutationtest.engine.gregor.mutators.NegateConditionalsMutator,apply,72,KILLED,jigl.image.ops.ConnectedComponents_ESTest.test3
ConnectedComponents.java,jigl.image.ops.ConnectedComponents,org.pitest.mutationtest.engine.gregor.mutators.NegateConditionalsMutator,apply,73,KILLED,jigl.image.ops.ConnectedComponents_ESTest.test3
ConnectedComponents.java,jigl.image.ops.ConnectedComponents,org.pitest.mutationtest.engine.gregor.mutators.NegateConditionalsMutator,apply,76,KILLED,jigl.image.ops.ConnectedComponents_ESTest.test4
ConnectedComponents.java,jigl.image.ops.ConnectedComponents,org.pitest.mutationtest.engine.gregor.mutators.NegateConditionalsMutator,apply,76,KILLED,jigl.image.ops.ConnectedComponents_ESTest.test4
ConnectedComponents.java,jigl.image.ops.ConnectedComponents,org.pitest.mutationtest.engine.gregor.mutators.NegateConditionalsMutator,apply,80,KILLED,jigl.image.ops.ConnectedComponents_ESTest.test4
ConnectedComponents.java,jigl.image.ops.ConnectedComponents,org.pitest.mutationtest.engine.gregor.mutators.NegateConditionalsMutator,apply,84,SURVIVED,none
ConnectedComponents.java,jigl.image.ops.ConnectedComponents,org.pitest.mutationtest.engine.gregor.mutators.NegateConditionalsMutator,apply,88,KILLED,jigl.image.ops.ConnectedComponents_ESTest.test3
ConnectedComponents.java,jigl.image.ops.ConnectedComponents,org.pitest.mutationtest.engine.gregor.mutators.NegateConditionalsMutator,apply,97,KILLED,jigl.image.ops.ConnectedComponents_ESTest.test3
ConnectedComponents.java,jigl.image.ops.ConnectedComponents,org.pitest.mutationtest.engine.gregor.mutators.NegateConditionalsMutator,apply,103,KILLED,jigl.image.ops.ConnectedComponents_ESTest.test3
ConnectedComponents.java,jigl.image.ops.ConnectedComponents,org.pitest.mutationtest.engine.gregor.mutators.NegateConditionalsMutator,apply,105,KILLED,jigl.image.ops.ConnectedComponents_ESTest.test3
ConnectedComponents.java,jigl.image.ops.ConnectedComponents,org.pitest.mutationtest.engine.gregor.mutators.NegateConditionalsMutator,apply,105,KILLED,jigl.image.ops.ConnectedComponents_ESTest.test3
ConnectedComponents.java,jigl.image.ops.ConnectedComponents,org.pitest.mutationtest.engine.gregor.mutators.NegateConditionalsMutator,apply,108,KILLED,jigl.image.ops.ConnectedComponents_ESTest.test3
ConnectedComponents.java,jigl.image.ops.ConnectedComponents,org.pitest.mutationtest.engine.gregor.mutators.NegateConditionalsMutator,apply,111,KILLED,jigl.image.ops.ConnectedComponents_ESTest.test2
ConnectedComponents.java,jigl.image.ops.ConnectedComponents,org.pitest.mutationtest.engine.gregor.mutators.NegateConditionalsMutator,apply,114,NO_COVERAGE,none
ConnectedComponents.java,jigl.image.ops.ConnectedComponents,org.pitest.mutationtest.engine.gregor.mutators.NegateConditionalsMutator,apply,120,NO_COVERAGE,none
ConnectedComponents.java,jigl.image.ops.ConnectedComponents,org.pitest.mutationtest.engine.gregor.mutators.NegateConditionalsMutator,apply,123,KILLED,jigl.image.ops.ConnectedComponents_ESTest.test5
ConnectedComponents.java,jigl.image.ops.ConnectedComponents,org.pitest.mutationtest.engine.gregor.mutators.NegateConditionalsMutator,apply,124,KILLED,jigl.image.ops.ConnectedComponents_ESTest.test5
ConnectedComponents.java,jigl.image.ops.ConnectedComponents,org.pitest.mutationtest.engine.gregor.mutators.NegateConditionalsMutator,apply,124,SURVIVED,none
ConnectedComponents.java,jigl.image.ops.ConnectedComponents,org.pitest.mutationtest.engine.gregor.mutators.NegateConditionalsMutator,apply,124,SURVIVED,none
ConnectedComponents.java,jigl.image.ops.ConnectedComponents,org.pitest.mutationtest.engine.gregor.mutators.NegateConditionalsMutator,apply,124,SURVIVED,none
ConnectedComponents.java,jigl.image.ops.ConnectedComponents,org.pitest.mutationtest.engine.gregor.mutators.NegateConditionalsMutator,apply,130,KILLED,jigl.image.ops.ConnectedComponents_ESTest.test5
ConnectedComponents.java,jigl.image.ops.ConnectedComponents,org.pitest.mutationtest.engine.gregor.mutators.NegateConditionalsMutator,apply,131,KILLED,jigl.image.ops.ConnectedComponents_ESTest.test5
ConnectedComponents.java,jigl.image.ops.ConnectedComponents,org.pitest.mutationtest.engine.gregor.mutators.NegateConditionalsMutator,apply,131,KILLED,jigl.image.ops.ConnectedComponents_ESTest.test5
ConnectedComponents.java,jigl.image.ops.ConnectedComponents,org.pitest.mutationtest.engine.gregor.mutators.NegateConditionalsMutator,apply,131,KILLED,jigl.image.ops.ConnectedComponents_ESTest.test5
ConnectedComponents.java,jigl.image.ops.ConnectedComponents,org.pitest.mutationtest.engine.gregor.mutators.NegateConditionalsMutator,apply,137,SURVIVED,none
ConnectedComponents.java,jigl.image.ops.ConnectedComponents,org.pitest.mutationtest.engine.gregor.mutators.NegateConditionalsMutator,apply,138,TIMED_OUT,none
ConnectedComponents.java,jigl.image.ops.ConnectedComponents,org.pitest.mutationtest.engine.gregor.mutators.NegateConditionalsMutator,apply,138,SURVIVED,none
ConnectedComponents.java,jigl.image.ops.ConnectedComponents,org.pitest.mutationtest.engine.gregor.mutators.NegateConditionalsMutator,apply,138,KILLED,jigl.image.ops.ConnectedComponents_ESTest.test5
ConnectedComponents.java,jigl.image.ops.ConnectedComponents,org.pitest.mutationtest.engine.gregor.mutators.NegateConditionalsMutator,apply,150,SURVIVED,none
ConnectedComponents.java,jigl.image.ops.ConnectedComponents,org.pitest.mutationtest.engine.gregor.mutators.NegateConditionalsMutator,apply,151,SURVIVED,none
ConnectedComponents.java,jigl.image.ops.ConnectedComponents,org.pitest.mutationtest.engine.gregor.mutators.NegateConditionalsMutator,apply,153,KILLED,jigl.image.ops.ConnectedComponents_ESTest.test3
ConnectedComponents.java,jigl.image.ops.ConnectedComponents,org.pitest.mutationtest.engine.gregor.mutators.NonVoidMethodCallMutator,apply,67,KILLED,jigl.image.ops.ConnectedComponents_ESTest.test4
ConnectedComponents.java,jigl.image.ops.ConnectedComponents,org.pitest.mutationtest.engine.gregor.mutators.NonVoidMethodCallMutator,apply,67,KILLED,jigl.image.ops.ConnectedComponents_ESTest.test4
ConnectedComponents.java,jigl.image.ops.ConnectedComponents,org.pitest.mutationtest.engine.gregor.mutators.NonVoidMethodCallMutator,apply,71,KILLED,jigl.image.ops.ConnectedComponents_ESTest.test3
ConnectedComponents.java,jigl.image.ops.ConnectedComponents,org.pitest.mutationtest.engine.gregor.mutators.NonVoidMethodCallMutator,apply,72,KILLED,jigl.image.ops.ConnectedComponents_ESTest.test3
ConnectedComponents.java,jigl.image.ops.ConnectedComponents,org.pitest.mutationtest.engine.gregor.mutators.NonVoidMethodCallMutator,apply,73,KILLED,jigl.image.ops.ConnectedComponents_ESTest.test3
ConnectedComponents.java,jigl.image.ops.ConnectedComponents,org.pitest.mutationtest.engine.gregor.mutators.NonVoidMethodCallMutator,apply,73,KILLED,jigl.image.ops.ConnectedComponents_ESTest.test3
ConnectedComponents.java,jigl.image.ops.ConnectedComponents,org.pitest.mutationtest.engine.gregor.mutators.NonVoidMethodCallMutator,apply,74,KILLED,jigl.image.ops.ConnectedComponents_ESTest.test3
ConnectedComponents.java,jigl.image.ops.ConnectedComponents,org.pitest.mutationtest.engine.gregor.mutators.NonVoidMethodCallMutator,apply,77,KILLED,jigl.image.ops.ConnectedComponents_ESTest.test2
ConnectedComponents.java,jigl.image.ops.ConnectedComponents,org.pitest.mutationtest.engine.gregor.mutators.NonVoidMethodCallMutator,apply,83,SURVIVED,none
ConnectedComponents.java,jigl.image.ops.ConnectedComponents,org.pitest.mutationtest.engine.gregor.mutators.NonVoidMethodCallMutator,apply,83,SURVIVED,none
ConnectedComponents.java,jigl.image.ops.ConnectedComponents,org.pitest.mutationtest.engine.gregor.mutators.NonVoidMethodCallMutator,apply,84,SURVIVED,none
ConnectedComponents.java,jigl.image.ops.ConnectedComponents,org.pitest.mutationtest.engine.gregor.mutators.NonVoidMethodCallMutator,apply,87,SURVIVED,none
ConnectedComponents.java,jigl.image.ops.ConnectedComponents,org.pitest.mutationtest.engine.gregor.mutators.NonVoidMethodCallMutator,apply,87,SURVIVED,none
ConnectedComponents.java,jigl.image.ops.ConnectedComponents,org.pitest.mutationtest.engine.gregor.mutators.NonVoidMethodCallMutator,apply,89,KILLED,jigl.image.ops.ConnectedComponents_ESTest.test3
ConnectedComponents.java,jigl.image.ops.ConnectedComponents,org.pitest.mutationtest.engine.gregor.mutators.NonVoidMethodCallMutator,apply,89,KILLED,jigl.image.ops.ConnectedComponents_ESTest.test2
ConnectedComponents.java,jigl.image.ops.ConnectedComponents,org.pitest.mutationtest.engine.gregor.mutators.NonVoidMethodCallMutator,apply,94,KILLED,jigl.image.ops.ConnectedComponents_ESTest.test3
ConnectedComponents.java,jigl.image.ops.ConnectedComponents,org.pitest.mutationtest.engine.gregor.mutators.NonVoidMethodCallMutator,apply,94,SURVIVED,none
ConnectedComponents.java,jigl.image.ops.ConnectedComponents,org.pitest.mutationtest.engine.gregor.mutators.NonVoidMethodCallMutator,apply,95,KILLED,jigl.image.ops.ConnectedComponents_ESTest.test3
ConnectedComponents.java,jigl.image.ops.ConnectedComponents,org.pitest.mutationtest.engine.gregor.mutators.NonVoidMethodCallMutator,apply,95,SURVIVED,none
ConnectedComponents.java,jigl.image.ops.ConnectedComponents,org.pitest.mutationtest.engine.gregor.mutators.NonVoidMethodCallMutator,apply,96,KILLED,jigl.image.ops.ConnectedComponents_ESTest.test3
ConnectedComponents.java,jigl.image.ops.ConnectedComponents,org.pitest.mutationtest.engine.gregor.mutators.NonVoidMethodCallMutator,apply,96,KILLED,jigl.image.ops.ConnectedComponents_ESTest.test3
ConnectedComponents.java,jigl.image.ops.ConnectedComponents,org.pitest.mutationtest.engine.gregor.mutators.NonVoidMethodCallMutator,apply,97,SURVIVED,none
ConnectedComponents.java,jigl.image.ops.ConnectedComponents,org.pitest.mutationtest.engine.gregor.mutators.NonVoidMethodCallMutator,apply,100,NO_COVERAGE,none
ConnectedComponents.java,jigl.image.ops.ConnectedComponents,org.pitest.mutationtest.engine.gregor.mutators.NonVoidMethodCallMutator,apply,100,NO_COVERAGE,none
ConnectedComponents.java,jigl.image.ops.ConnectedComponents,org.pitest.mutationtest.engine.gregor.mutators.NonVoidMethodCallMutator,apply,106,KILLED,jigl.image.ops.ConnectedComponents_ESTest.test3
ConnectedComponents.java,jigl.image.ops.ConnectedComponents,org.pitest.mutationtest.engine.gregor.mutators.NonVoidMethodCallMutator,apply,109,KILLED,jigl.image.ops.ConnectedComponents_ESTest.test3
ConnectedComponents.java,jigl.image.ops.ConnectedComponents,org.pitest.mutationtest.engine.gregor.mutators.NonVoidMethodCallMutator,apply,112,KILLED,jigl.image.ops.ConnectedComponents_ESTest.test2
ConnectedComponents.java,jigl.image.ops.ConnectedComponents,org.pitest.mutationtest.engine.gregor.mutators.NonVoidMethodCallMutator,apply,115,NO_COVERAGE,none
ConnectedComponents.java,jigl.image.ops.ConnectedComponents,org.pitest.mutationtest.engine.gregor.mutators.NonVoidMethodCallMutator,apply,119,NO_COVERAGE,none
ConnectedComponents.java,jigl.image.ops.ConnectedComponents,org.pitest.mutationtest.engine.gregor.mutators.NonVoidMethodCallMutator,apply,126,NO_COVERAGE,none
ConnectedComponents.java,jigl.image.ops.ConnectedComponents,org.pitest.mutationtest.engine.gregor.mutators.NonVoidMethodCallMutator,apply,136,KILLED,jigl.image.ops.ConnectedComponents_ESTest.test5
ConnectedComponents.java,jigl.image.ops.ConnectedComponents,org.pitest.mutationtest.engine.gregor.mutators.NonVoidMethodCallMutator,apply,150,SURVIVED,none
ConnectedComponents.java,jigl.image.ops.ConnectedComponents,org.pitest.mutationtest.engine.gregor.mutators.NonVoidMethodCallMutator,apply,151,SURVIVED,none
ConnectedComponents.java,jigl.image.ops.ConnectedComponents,org.pitest.mutationtest.engine.gregor.mutators.NonVoidMethodCallMutator,apply,152,KILLED,jigl.image.ops.ConnectedComponents_ESTest.test3
ConnectedComponents.java,jigl.image.ops.ConnectedComponents,org.pitest.mutationtest.engine.gregor.mutators.NonVoidMethodCallMutator,apply,152,KILLED,jigl.image.ops.ConnectedComponents_ESTest.test3
ConnectedComponents.java,jigl.image.ops.ConnectedComponents,org.pitest.mutationtest.engine.gregor.mutators.NonVoidMethodCallMutator,apply,156,KILLED,jigl.image.ops.ConnectedComponents_ESTest.test3
ConnectedComponents.java,jigl.image.ops.ConnectedComponents,org.pitest.mutationtest.engine.gregor.mutators.NullReturnValsMutator,apply,158,KILLED,jigl.image.ops.ConnectedComponents_ESTest.test3
ConnectedComponents.java,jigl.image.ops.ConnectedComponents,org.pitest.mutationtest.engine.gregor.mutators.RemoveConditionalMutator_EQUAL_ELSE,apply,73,KILLED,jigl.image.ops.ConnectedComponents_ESTest.test3
ConnectedComponents.java,jigl.image.ops.ConnectedComponents,org.pitest.mutationtest.engine.gregor.mutators.RemoveConditionalMutator_EQUAL_ELSE,apply,76,KILLED,jigl.image.ops.ConnectedComponents_ESTest.test4
ConnectedComponents.java,jigl.image.ops.ConnectedComponents,org.pitest.mutationtest.engine.gregor.mutators.RemoveConditionalMutator_EQUAL_ELSE,apply,76,KILLED,jigl.image.ops.ConnectedComponents_ESTest.test4
ConnectedComponents.java,jigl.image.ops.ConnectedComponents,org.pitest.mutationtest.engine.gregor.mutators.RemoveConditionalMutator_EQUAL_ELSE,apply,80,KILLED,jigl.image.ops.ConnectedComponents_ESTest.test4
ConnectedComponents.java,jigl.image.ops.ConnectedComponents,org.pitest.mutationtest.engine.gregor.mutators.RemoveConditionalMutator_EQUAL_ELSE,apply,88,KILLED,jigl.image.ops.ConnectedComponents_ESTest.test3
ConnectedComponents.java,jigl.image.ops.ConnectedComponents,org.pitest.mutationtest.engine.gregor.mutators.RemoveConditionalMutator_EQUAL_ELSE,apply,103,KILLED,jigl.image.ops.ConnectedComponents_ESTest.test3
ConnectedComponents.java,jigl.image.ops.ConnectedComponents,org.pitest.mutationtest.engine.gregor.mutators.RemoveConditionalMutator_EQUAL_ELSE,apply,120,NO_COVERAGE,none
ConnectedComponents.java,jigl.image.ops.ConnectedComponents,org.pitest.mutationtest.engine.gregor.mutators.RemoveConditionalMutator_EQUAL_ELSE,apply,123,KILLED,jigl.image.ops.ConnectedComponents_ESTest.test5
ConnectedComponents.java,jigl.image.ops.ConnectedComponents,org.pitest.mutationtest.engine.gregor.mutators.RemoveConditionalMutator_EQUAL_ELSE,apply,131,KILLED,jigl.image.ops.ConnectedComponents_ESTest.test5
ConnectedComponents.java,jigl.image.ops.ConnectedComponents,org.pitest.mutationtest.engine.gregor.mutators.RemoveConditionalMutator_EQUAL_ELSE,apply,131,KILLED,jigl.image.ops.ConnectedComponents_ESTest.test5
ConnectedComponents.java,jigl.image.ops.ConnectedComponents,org.pitest.mutationtest.engine.gregor.mutators.RemoveConditionalMutator_EQUAL_ELSE,apply,138,SURVIVED,none
ConnectedComponents.java,jigl.image.ops.ConnectedComponents,org.pitest.mutationtest.engine.gregor.mutators.RemoveConditionalMutator_EQUAL_ELSE,apply,138,SURVIVED,none
ConnectedComponents.java,jigl.image.ops.ConnectedComponents,org.pitest.mutationtest.engine.gregor.mutators.RemoveConditionalMutator_EQUAL_ELSE,apply,138,SURVIVED,none
ConnectedComponents.java,jigl.image.ops.ConnectedComponents,org.pitest.mutationtest.engine.gregor.mutators.RemoveConditionalMutator_EQUAL_ELSE,apply,153,SURVIVED,none
ConnectedComponents.java,jigl.image.ops.ConnectedComponents,org.pitest.mutationtest.engine.gregor.mutators.RemoveConditionalMutator_EQUAL_IF,apply,73,KILLED,jigl.image.ops.ConnectedComponents_ESTest.test3
ConnectedComponents.java,jigl.image.ops.ConnectedComponents,org.pitest.mutationtest.engine.gregor.mutators.RemoveConditionalMutator_EQUAL_IF,apply,76,KILLED,jigl.image.ops.ConnectedComponents_ESTest.test3
ConnectedComponents.java,jigl.image.ops.ConnectedComponents,org.pitest.mutationtest.engine.gregor.mutators.RemoveConditionalMutator_EQUAL_IF,apply,76,SURVIVED,none
ConnectedComponents.java,jigl.image.ops.ConnectedComponents,org.pitest.mutationtest.engine.gregor.mutators.RemoveConditionalMutator_EQUAL_IF,apply,80,KILLED,jigl.image.ops.ConnectedComponents_ESTest.test3
ConnectedComponents.java,jigl.image.ops.ConnectedComponents,org.pitest.mutationtest.engine.gregor.mutators.RemoveConditionalMutator_EQUAL_IF,apply,88,KILLED,jigl.image.ops.ConnectedComponents_ESTest.test3
ConnectedComponents.java,jigl.image.ops.ConnectedComponents,org.pitest.mutationtest.engine.gregor.mutators.RemoveConditionalMutator_EQUAL_IF,apply,103,SURVIVED,none
ConnectedComponents.java,jigl.image.ops.ConnectedComponents,org.pitest.mutationtest.engine.gregor.mutators.RemoveConditionalMutator_EQUAL_IF,apply,120,NO_COVERAGE,none
ConnectedComponents.java,jigl.image.ops.ConnectedComponents,org.pitest.mutationtest.engine.gregor.mutators.RemoveConditionalMutator_EQUAL_IF,apply,123,SURVIVED,none
ConnectedComponents.java,jigl.image.ops.ConnectedComponents,org.pitest.mutationtest.engine.gregor.mutators.RemoveConditionalMutator_EQUAL_IF,apply,131,SURVIVED,none
ConnectedComponents.java,jigl.image.ops.ConnectedComponents,org.pitest.mutationtest.engine.gregor.mutators.RemoveConditionalMutator_EQUAL_IF,apply,131,KILLED,jigl.image.ops.ConnectedComponents_ESTest.test5
ConnectedComponents.java,jigl.image.ops.ConnectedComponents,org.pitest.mutationtest.engine.gregor.mutators.RemoveConditionalMutator_EQUAL_IF,apply,138,KILLED,jigl.image.ops.ConnectedComponents_ESTest.test5
ConnectedComponents.java,jigl.image.ops.ConnectedComponents,org.pitest.mutationtest.engine.gregor.mutators.RemoveConditionalMutator_EQUAL_IF,apply,138,SURVIVED,none
ConnectedComponents.java,jigl.image.ops.ConnectedComponents,org.pitest.mutationtest.engine.gregor.mutators.RemoveConditionalMutator_EQUAL_IF,apply,138,KILLED,jigl.image.ops.ConnectedComponents_ESTest.test5
ConnectedComponents.java,jigl.image.ops.ConnectedComponents,org.pitest.mutationtest.engine.gregor.mutators.RemoveConditionalMutator_EQUAL_IF,apply,153,KILLED,jigl.image.ops.ConnectedComponents_ESTest.test3
ConnectedComponents.java,jigl.image.ops.ConnectedComponents,org.pitest.mutationtest.engine.gregor.mutators.RemoveConditionalMutator_ORDER_ELSE,apply,68,KILLED,jigl.image.ops.ConnectedComponents_ESTest.test3
ConnectedComponents.java,jigl.image.ops.ConnectedComponents,org.pitest.mutationtest.engine.gregor.mutators.RemoveConditionalMutator_ORDER_ELSE,apply,71,KILLED,jigl.image.ops.ConnectedComponents_ESTest.test3
ConnectedComponents.java,jigl.image.ops.ConnectedComponents,org.pitest.mutationtest.engine.gregor.mutators.RemoveConditionalMutator_ORDER_ELSE,apply,72,KILLED,jigl.image.ops.ConnectedComponents_ESTest.test3
ConnectedComponents.java,jigl.image.ops.ConnectedComponents,org.pitest.mutationtest.engine.gregor.mutators.RemoveConditionalMutator_ORDER_ELSE,apply,84,SURVIVED,none
ConnectedComponents.java,jigl.image.ops.ConnectedComponents,org.pitest.mutationtest.engine.gregor.mutators.RemoveConditionalMutator_ORDER_ELSE,apply,97,KILLED,jigl.image.ops.ConnectedComponents_ESTest.test3
ConnectedComponents.java,jigl.image.ops.ConnectedComponents,org.pitest.mutationtest.engine.gregor.mutators.RemoveConditionalMutator_ORDER_ELSE,apply,105,KILLED,jigl.image.ops.ConnectedComponents_ESTest.test3
ConnectedComponents.java,jigl.image.ops.ConnectedComponents,org.pitest.mutationtest.engine.gregor.mutators.RemoveConditionalMutator_ORDER_ELSE,apply,105,KILLED,jigl.image.ops.ConnectedComponents_ESTest.test3
ConnectedComponents.java,jigl.image.ops.ConnectedComponents,org.pitest.mutationtest.engine.gregor.mutators.RemoveConditionalMutator_ORDER_ELSE,apply,108,KILLED,jigl.image.ops.ConnectedComponents_ESTest.test3
ConnectedComponents.java,jigl.image.ops.ConnectedComponents,org.pitest.mutationtest.engine.gregor.mutators.RemoveConditionalMutator_ORDER_ELSE,apply,111,KILLED,jigl.image.ops.ConnectedComponents_ESTest.test2
ConnectedComponents.java,jigl.image.ops.ConnectedComponents,org.pitest.mutationtest.engine.gregor.mutators.RemoveConditionalMutator_ORDER_ELSE,apply,114,NO_COVERAGE,none
ConnectedComponents.java,jigl.image.ops.ConnectedComponents,org.pitest.mutationtest.engine.gregor.mutators.RemoveConditionalMutator_ORDER_ELSE,apply,124,SURVIVED,none
ConnectedComponents.java,jigl.image.ops.ConnectedComponents,org.pitest.mutationtest.engine.gregor.mutators.RemoveConditionalMutator_ORDER_ELSE,apply,124,SURVIVED,none
ConnectedComponents.java,jigl.image.ops.ConnectedComponents,org.pitest.mutationtest.engine.gregor.mutators.RemoveConditionalMutator_ORDER_ELSE,apply,124,SURVIVED,none
ConnectedComponents.java,jigl.image.ops.ConnectedComponents,org.pitest.mutationtest.engine.gregor.mutators.RemoveConditionalMutator_ORDER_ELSE,apply,124,SURVIVED,none
ConnectedComponents.java,jigl.image.ops.ConnectedComponents,org.pitest.mutationtest.engine.gregor.mutators.RemoveConditionalMutator_ORDER_ELSE,apply,130,KILLED,jigl.image.ops.ConnectedComponents_ESTest.test5
ConnectedComponents.java,jigl.image.ops.ConnectedComponents,org.pitest.mutationtest.engine.gregor.mutators.RemoveConditionalMutator_ORDER_ELSE,apply,131,KILLED,jigl.image.ops.ConnectedComponents_ESTest.test5
ConnectedComponents.java,jigl.image.ops.ConnectedComponents,org.pitest.mutationtest.engine.gregor.mutators.RemoveConditionalMutator_ORDER_ELSE,apply,137,SURVIVED,none
ConnectedComponents.java,jigl.image.ops.ConnectedComponents,org.pitest.mutationtest.engine.gregor.mutators.RemoveConditionalMutator_ORDER_ELSE,apply,150,SURVIVED,none
ConnectedComponents.java,jigl.image.ops.ConnectedComponents,org.pitest.mutationtest.engine.gregor.mutators.RemoveConditionalMutator_ORDER_ELSE,apply,151,SURVIVED,none
ConnectedComponents.java,jigl.image.ops.ConnectedComponents,org.pitest.mutationtest.engine.gregor.mutators.RemoveConditionalMutator_ORDER_IF,apply,68,KILLED,jigl.image.ops.ConnectedComponents_ESTest.test4
ConnectedComponents.java,jigl.image.ops.ConnectedComponents,org.pitest.mutationtest.engine.gregor.mutators.RemoveConditionalMutator_ORDER_IF,apply,71,KILLED,jigl.image.ops.ConnectedComponents_ESTest.test3
ConnectedComponents.java,jigl.image.ops.ConnectedComponents,org.pitest.mutationtest.engine.gregor.mutators.RemoveConditionalMutator_ORDER_IF,apply,72,KILLED,jigl.image.ops.ConnectedComponents_ESTest.test3
ConnectedComponents.java,jigl.image.ops.ConnectedComponents,org.pitest.mutationtest.engine.gregor.mutators.RemoveConditionalMutator_ORDER_IF,apply,84,SURVIVED,none
ConnectedComponents.java,jigl.image.ops.ConnectedComponents,org.pitest.mutationtest.engine.gregor.mutators.RemoveConditionalMutator_ORDER_IF,apply,97,SURVIVED,none
ConnectedComponents.java,jigl.image.ops.ConnectedComponents,org.pitest.mutationtest.engine.gregor.mutators.RemoveConditionalMutator_ORDER_IF,apply,105,KILLED,jigl.image.ops.ConnectedComponents_ESTest.test2
ConnectedComponents.java,jigl.image.ops.ConnectedComponents,org.pitest.mutationtest.engine.gregor.mutators.RemoveConditionalMutator_ORDER_IF,apply,105,KILLED,jigl.image.ops.ConnectedComponents_ESTest.test3
ConnectedComponents.java,jigl.image.ops.ConnectedComponents,org.pitest.mutationtest.engine.gregor.mutators.RemoveConditionalMutator_ORDER_IF,apply,108,KILLED,jigl.image.ops.ConnectedComponents_ESTest.test2
ConnectedComponents.java,jigl.image.ops.ConnectedComponents,org.pitest.mutationtest.engine.gregor.mutators.RemoveConditionalMutator_ORDER_IF,apply,111,SURVIVED,none
ConnectedComponents.java,jigl.image.ops.ConnectedComponents,org.pitest.mutationtest.engine.gregor.mutators.RemoveConditionalMutator_ORDER_IF,apply,114,NO_COVERAGE,none
ConnectedComponents.java,jigl.image.ops.ConnectedComponents,org.pitest.mutationtest.engine.gregor.mutators.RemoveConditionalMutator_ORDER_IF,apply,124,KILLED,jigl.image.ops.ConnectedComponents_ESTest.test5
ConnectedComponents.java,jigl.image.ops.ConnectedComponents,org.pitest.mutationtest.engine.gregor.mutators.RemoveConditionalMutator_ORDER_IF,apply,124,SURVIVED,none
ConnectedComponents.java,jigl.image.ops.ConnectedComponents,org.pitest.mutationtest.engine.gregor.mutators.RemoveConditionalMutator_ORDER_IF,apply,124,SURVIVED,none
ConnectedComponents.java,jigl.image.ops.ConnectedComponents,org.pitest.mutationtest.engine.gregor.mutators.RemoveConditionalMutator_ORDER_IF,apply,124,SURVIVED,none
ConnectedComponents.java,jigl.image.ops.ConnectedComponents,org.pitest.mutationtest.engine.gregor.mutators.RemoveConditionalMutator_ORDER_IF,apply,130,KILLED,jigl.image.ops.ConnectedComponents_ESTest.test5
ConnectedComponents.java,jigl.image.ops.ConnectedComponents,org.pitest.mutationtest.engine.gregor.mutators.RemoveConditionalMutator_ORDER_IF,apply,131,SURVIVED,none
ConnectedComponents.java,jigl.image.ops.ConnectedComponents,org.pitest.mutationtest.engine.gregor.mutators.RemoveConditionalMutator_ORDER_IF,apply,137,KILLED,jigl.image.ops.ConnectedComponents_ESTest.test5
ConnectedComponents.java,jigl.image.ops.ConnectedComponents,org.pitest.mutationtest.engine.gregor.mutators.RemoveConditionalMutator_ORDER_IF,apply,150,KILLED,jigl.image.ops.ConnectedComponents_ESTest.test3
ConnectedComponents.java,jigl.image.ops.ConnectedComponents,org.pitest.mutationtest.engine.gregor.mutators.RemoveConditionalMutator_ORDER_IF,apply,151,KILLED,jigl.image.ops.ConnectedComponents_ESTest.test3
ConnectedComponents.java,jigl.image.ops.ConnectedComponents,org.pitest.mutationtest.engine.gregor.mutators.ReturnValsMutator,apply,158,KILLED,jigl.image.ops.ConnectedComponents_ESTest.test3
ConnectedComponents.java,jigl.image.ops.ConnectedComponents,org.pitest.mutationtest.engine.gregor.mutators.VoidMethodCallMutator,apply,74,KILLED,jigl.image.ops.ConnectedComponents_ESTest.test3
ConnectedComponents.java,jigl.image.ops.ConnectedComponents,org.pitest.mutationtest.engine.gregor.mutators.VoidMethodCallMutator,apply,77,KILLED,jigl.image.ops.ConnectedComponents_ESTest.test2
ConnectedComponents.java,jigl.image.ops.ConnectedComponents,org.pitest.mutationtest.engine.gregor.mutators.VoidMethodCallMutator,apply,106,KILLED,jigl.image.ops.ConnectedComponents_ESTest.test3
ConnectedComponents.java,jigl.image.ops.ConnectedComponents,org.pitest.mutationtest.engine.gregor.mutators.VoidMethodCallMutator,apply,109,KILLED,jigl.image.ops.ConnectedComponents_ESTest.test3
ConnectedComponents.java,jigl.image.ops.ConnectedComponents,org.pitest.mutationtest.engine.gregor.mutators.VoidMethodCallMutator,apply,112,KILLED,jigl.image.ops.ConnectedComponents_ESTest.test2
ConnectedComponents.java,jigl.image.ops.ConnectedComponents,org.pitest.mutationtest.engine.gregor.mutators.VoidMethodCallMutator,apply,115,NO_COVERAGE,none
ConnectedComponents.java,jigl.image.ops.ConnectedComponents,org.pitest.mutationtest.engine.gregor.mutators.VoidMethodCallMutator,apply,119,NO_COVERAGE,none
ConnectedComponents.java,jigl.image.ops.ConnectedComponents,org.pitest.mutationtest.engine.gregor.mutators.VoidMethodCallMutator,apply,126,NO_COVERAGE,none
ConnectedComponents.java,jigl.image.ops.ConnectedComponents,org.pitest.mutationtest.engine.gregor.mutators.VoidMethodCallMutator,apply,136,KILLED,jigl.image.ops.ConnectedComponents_ESTest.test5
ConnectedComponents.java,jigl.image.ops.ConnectedComponents,org.pitest.mutationtest.engine.gregor.mutators.VoidMethodCallMutator,apply,156,SURVIVED,none
ConnectedComponents.java,jigl.image.ops.ConnectedComponents,org.pitest.mutationtest.engine.gregor.mutators.experimental.RemoveIncrementsMutator,apply,78,SURVIVED,none
ConnectedComponents.java,jigl.image.ops.ConnectedComponents,org.pitest.mutationtest.engine.gregor.mutators.experimental.RemoveIncrementsMutator,apply,107,SURVIVED,none
ConnectedComponents.java,jigl.image.ops.ConnectedComponents,org.pitest.mutationtest.engine.gregor.mutators.experimental.RemoveIncrementsMutator,apply,127,NO_COVERAGE,none
ConnectedComponents.java,jigl.image.ops.ConnectedComponents,org.pitest.mutationtest.engine.gregor.mutators.experimental.RemoveIncrementsMutator,apply,72,SURVIVED,none
ConnectedComponents.java,jigl.image.ops.ConnectedComponents,org.pitest.mutationtest.engine.gregor.mutators.experimental.RemoveIncrementsMutator,apply,71,SURVIVED,none
ConnectedComponents.java,jigl.image.ops.ConnectedComponents,org.pitest.mutationtest.engine.gregor.mutators.experimental.RemoveIncrementsMutator,apply,150,SURVIVED,none
