BaseSingleFieldPeriod.java,org.joda.time.base.BaseSingleFieldPeriod,org.pitest.mutationtest.engine.gregor.mutators.experimental.MemberVariableMutator,<init>,158,SURVIVED,none
BaseSingleFieldPeriod.java,org.joda.time.base.BaseSingleFieldPeriod,org.pitest.mutationtest.engine.gregor.mutators.ConstructorCallMutator,between,69,KILLED,org.joda.time.base.BaseSingleFieldPeriod_ESTest.test17
BaseSingleFieldPeriod.java,org.joda.time.base.BaseSingleFieldPeriod,org.pitest.mutationtest.engine.gregor.mutators.NegateConditionalsMutator,between,68,KILLED,org.joda.time.base.BaseSingleFieldPeriod_ESTest.test16
BaseSingleFieldPeriod.java,org.joda.time.base.BaseSingleFieldPeriod,org.pitest.mutationtest.engine.gregor.mutators.NegateConditionalsMutator,between,68,KILLED,org.joda.time.base.BaseSingleFieldPeriod_ESTest.test17
BaseSingleFieldPeriod.java,org.joda.time.base.BaseSingleFieldPeriod,org.pitest.mutationtest.engine.gregor.mutators.NonVoidMethodCallMutator,between,71,SURVIVED,none
BaseSingleFieldPeriod.java,org.joda.time.base.BaseSingleFieldPeriod,org.pitest.mutationtest.engine.gregor.mutators.NonVoidMethodCallMutator,between,72,KILLED,org.joda.time.base.BaseSingleFieldPeriod_ESTest.test16
BaseSingleFieldPeriod.java,org.joda.time.base.BaseSingleFieldPeriod,org.pitest.mutationtest.engine.gregor.mutators.NonVoidMethodCallMutator,between,72,SURVIVED,none
BaseSingleFieldPeriod.java,org.joda.time.base.BaseSingleFieldPeriod,org.pitest.mutationtest.engine.gregor.mutators.NonVoidMethodCallMutator,between,72,SURVIVED,none
BaseSingleFieldPeriod.java,org.joda.time.base.BaseSingleFieldPeriod,org.pitest.mutationtest.engine.gregor.mutators.NonVoidMethodCallMutator,between,72,SURVIVED,none
BaseSingleFieldPeriod.java,org.joda.time.base.BaseSingleFieldPeriod,org.pitest.mutationtest.engine.gregor.mutators.PrimitiveReturnsMutator,between,73,SURVIVED,none
BaseSingleFieldPeriod.java,org.joda.time.base.BaseSingleFieldPeriod,org.pitest.mutationtest.engine.gregor.mutators.RemoveConditionalMutator_EQUAL_ELSE,between,68,KILLED,org.joda.time.base.BaseSingleFieldPeriod_ESTest.test16
BaseSingleFieldPeriod.java,org.joda.time.base.BaseSingleFieldPeriod,org.pitest.mutationtest.engine.gregor.mutators.RemoveConditionalMutator_EQUAL_ELSE,between,68,KILLED,org.joda.time.base.BaseSingleFieldPeriod_ESTest.test17
BaseSingleFieldPeriod.java,org.joda.time.base.BaseSingleFieldPeriod,org.pitest.mutationtest.engine.gregor.mutators.RemoveConditionalMutator_EQUAL_IF,between,68,SURVIVED,none
BaseSingleFieldPeriod.java,org.joda.time.base.BaseSingleFieldPeriod,org.pitest.mutationtest.engine.gregor.mutators.RemoveConditionalMutator_EQUAL_IF,between,68,KILLED,org.joda.time.base.BaseSingleFieldPeriod_ESTest.test16
BaseSingleFieldPeriod.java,org.joda.time.base.BaseSingleFieldPeriod,org.pitest.mutationtest.engine.gregor.mutators.ReturnValsMutator,between,73,KILLED,org.joda.time.base.BaseSingleFieldPeriod_ESTest.test16
BaseSingleFieldPeriod.java,org.joda.time.base.BaseSingleFieldPeriod,org.pitest.mutationtest.engine.gregor.mutators.ArgumentPropagationMutator,between,104,NO_COVERAGE,none
BaseSingleFieldPeriod.java,org.joda.time.base.BaseSingleFieldPeriod,org.pitest.mutationtest.engine.gregor.mutators.ArgumentPropagationMutator,between,105,NO_COVERAGE,none
BaseSingleFieldPeriod.java,org.joda.time.base.BaseSingleFieldPeriod,org.pitest.mutationtest.engine.gregor.mutators.ArgumentPropagationMutator,between,105,NO_COVERAGE,none
BaseSingleFieldPeriod.java,org.joda.time.base.BaseSingleFieldPeriod,org.pitest.mutationtest.engine.gregor.mutators.ConditionalsBoundaryMutator,between,96,NO_COVERAGE,none
BaseSingleFieldPeriod.java,org.joda.time.base.BaseSingleFieldPeriod,org.pitest.mutationtest.engine.gregor.mutators.ConstructorCallMutator,between,91,KILLED,org.joda.time.base.BaseSingleFieldPeriod_ESTest.test15
BaseSingleFieldPeriod.java,org.joda.time.base.BaseSingleFieldPeriod,org.pitest.mutationtest.engine.gregor.mutators.ConstructorCallMutator,between,94,NO_COVERAGE,none
BaseSingleFieldPeriod.java,org.joda.time.base.BaseSingleFieldPeriod,org.pitest.mutationtest.engine.gregor.mutators.ConstructorCallMutator,between,98,NO_COVERAGE,none
BaseSingleFieldPeriod.java,org.joda.time.base.BaseSingleFieldPeriod,org.pitest.mutationtest.engine.gregor.mutators.ConstructorCallMutator,between,102,NO_COVERAGE,none
BaseSingleFieldPeriod.java,org.joda.time.base.BaseSingleFieldPeriod,org.pitest.mutationtest.engine.gregor.mutators.IncrementsMutator,between,96,NO_COVERAGE,none
BaseSingleFieldPeriod.java,org.joda.time.base.BaseSingleFieldPeriod,org.pitest.mutationtest.engine.gregor.mutators.InlineConstantMutator,between,96,NO_COVERAGE,none
BaseSingleFieldPeriod.java,org.joda.time.base.BaseSingleFieldPeriod,org.pitest.mutationtest.engine.gregor.mutators.InlineConstantMutator,between,105,NO_COVERAGE,none
BaseSingleFieldPeriod.java,org.joda.time.base.BaseSingleFieldPeriod,org.pitest.mutationtest.engine.gregor.mutators.InlineConstantMutator,between,105,NO_COVERAGE,none
BaseSingleFieldPeriod.java,org.joda.time.base.BaseSingleFieldPeriod,org.pitest.mutationtest.engine.gregor.mutators.InlineConstantMutator,between,106,NO_COVERAGE,none
BaseSingleFieldPeriod.java,org.joda.time.base.BaseSingleFieldPeriod,org.pitest.mutationtest.engine.gregor.mutators.NegateConditionalsMutator,between,90,SURVIVED,none
BaseSingleFieldPeriod.java,org.joda.time.base.BaseSingleFieldPeriod,org.pitest.mutationtest.engine.gregor.mutators.NegateConditionalsMutator,between,90,SURVIVED,none
BaseSingleFieldPeriod.java,org.joda.time.base.BaseSingleFieldPeriod,org.pitest.mutationtest.engine.gregor.mutators.NegateConditionalsMutator,between,93,NO_COVERAGE,none
BaseSingleFieldPeriod.java,org.joda.time.base.BaseSingleFieldPeriod,org.pitest.mutationtest.engine.gregor.mutators.NegateConditionalsMutator,between,96,NO_COVERAGE,none
BaseSingleFieldPeriod.java,org.joda.time.base.BaseSingleFieldPeriod,org.pitest.mutationtest.engine.gregor.mutators.NegateConditionalsMutator,between,97,NO_COVERAGE,none
BaseSingleFieldPeriod.java,org.joda.time.base.BaseSingleFieldPeriod,org.pitest.mutationtest.engine.gregor.mutators.NegateConditionalsMutator,between,101,NO_COVERAGE,none
BaseSingleFieldPeriod.java,org.joda.time.base.BaseSingleFieldPeriod,org.pitest.mutationtest.engine.gregor.mutators.NonVoidMethodCallMutator,between,93,NO_COVERAGE,none
BaseSingleFieldPeriod.java,org.joda.time.base.BaseSingleFieldPeriod,org.pitest.mutationtest.engine.gregor.mutators.NonVoidMethodCallMutator,between,93,NO_COVERAGE,none
BaseSingleFieldPeriod.java,org.joda.time.base.BaseSingleFieldPeriod,org.pitest.mutationtest.engine.gregor.mutators.NonVoidMethodCallMutator,between,96,NO_COVERAGE,none
BaseSingleFieldPeriod.java,org.joda.time.base.BaseSingleFieldPeriod,org.pitest.mutationtest.engine.gregor.mutators.NonVoidMethodCallMutator,between,97,NO_COVERAGE,none
BaseSingleFieldPeriod.java,org.joda.time.base.BaseSingleFieldPeriod,org.pitest.mutationtest.engine.gregor.mutators.NonVoidMethodCallMutator,between,97,NO_COVERAGE,none
BaseSingleFieldPeriod.java,org.joda.time.base.BaseSingleFieldPeriod,org.pitest.mutationtest.engine.gregor.mutators.NonVoidMethodCallMutator,between,101,NO_COVERAGE,none
BaseSingleFieldPeriod.java,org.joda.time.base.BaseSingleFieldPeriod,org.pitest.mutationtest.engine.gregor.mutators.NonVoidMethodCallMutator,between,104,NO_COVERAGE,none
BaseSingleFieldPeriod.java,org.joda.time.base.BaseSingleFieldPeriod,org.pitest.mutationtest.engine.gregor.mutators.NonVoidMethodCallMutator,between,104,NO_COVERAGE,none
BaseSingleFieldPeriod.java,org.joda.time.base.BaseSingleFieldPeriod,org.pitest.mutationtest.engine.gregor.mutators.NonVoidMethodCallMutator,between,104,NO_COVERAGE,none
BaseSingleFieldPeriod.java,org.joda.time.base.BaseSingleFieldPeriod,org.pitest.mutationtest.engine.gregor.mutators.NonVoidMethodCallMutator,between,105,NO_COVERAGE,none
BaseSingleFieldPeriod.java,org.joda.time.base.BaseSingleFieldPeriod,org.pitest.mutationtest.engine.gregor.mutators.NonVoidMethodCallMutator,between,105,NO_COVERAGE,none
BaseSingleFieldPeriod.java,org.joda.time.base.BaseSingleFieldPeriod,org.pitest.mutationtest.engine.gregor.mutators.NonVoidMethodCallMutator,between,105,NO_COVERAGE,none
BaseSingleFieldPeriod.java,org.joda.time.base.BaseSingleFieldPeriod,org.pitest.mutationtest.engine.gregor.mutators.PrimitiveReturnsMutator,between,106,NO_COVERAGE,none
BaseSingleFieldPeriod.java,org.joda.time.base.BaseSingleFieldPeriod,org.pitest.mutationtest.engine.gregor.mutators.RemoveConditionalMutator_EQUAL_ELSE,between,90,SURVIVED,none
BaseSingleFieldPeriod.java,org.joda.time.base.BaseSingleFieldPeriod,org.pitest.mutationtest.engine.gregor.mutators.RemoveConditionalMutator_EQUAL_ELSE,between,90,SURVIVED,none
BaseSingleFieldPeriod.java,org.joda.time.base.BaseSingleFieldPeriod,org.pitest.mutationtest.engine.gregor.mutators.RemoveConditionalMutator_EQUAL_ELSE,between,93,NO_COVERAGE,none
BaseSingleFieldPeriod.java,org.joda.time.base.BaseSingleFieldPeriod,org.pitest.mutationtest.engine.gregor.mutators.RemoveConditionalMutator_EQUAL_ELSE,between,97,NO_COVERAGE,none
BaseSingleFieldPeriod.java,org.joda.time.base.BaseSingleFieldPeriod,org.pitest.mutationtest.engine.gregor.mutators.RemoveConditionalMutator_EQUAL_ELSE,between,101,NO_COVERAGE,none
BaseSingleFieldPeriod.java,org.joda.time.base.BaseSingleFieldPeriod,org.pitest.mutationtest.engine.gregor.mutators.RemoveConditionalMutator_EQUAL_IF,between,90,SURVIVED,none
BaseSingleFieldPeriod.java,org.joda.time.base.BaseSingleFieldPeriod,org.pitest.mutationtest.engine.gregor.mutators.RemoveConditionalMutator_EQUAL_IF,between,90,SURVIVED,none
BaseSingleFieldPeriod.java,org.joda.time.base.BaseSingleFieldPeriod,org.pitest.mutationtest.engine.gregor.mutators.RemoveConditionalMutator_EQUAL_IF,between,93,NO_COVERAGE,none
BaseSingleFieldPeriod.java,org.joda.time.base.BaseSingleFieldPeriod,org.pitest.mutationtest.engine.gregor.mutators.RemoveConditionalMutator_EQUAL_IF,between,97,NO_COVERAGE,none
BaseSingleFieldPeriod.java,org.joda.time.base.BaseSingleFieldPeriod,org.pitest.mutationtest.engine.gregor.mutators.RemoveConditionalMutator_EQUAL_IF,between,101,NO_COVERAGE,none
BaseSingleFieldPeriod.java,org.joda.time.base.BaseSingleFieldPeriod,org.pitest.mutationtest.engine.gregor.mutators.RemoveConditionalMutator_ORDER_ELSE,between,96,NO_COVERAGE,none
BaseSingleFieldPeriod.java,org.joda.time.base.BaseSingleFieldPeriod,org.pitest.mutationtest.engine.gregor.mutators.RemoveConditionalMutator_ORDER_IF,between,96,NO_COVERAGE,none
BaseSingleFieldPeriod.java,org.joda.time.base.BaseSingleFieldPeriod,org.pitest.mutationtest.engine.gregor.mutators.ReturnValsMutator,between,106,NO_COVERAGE,none
BaseSingleFieldPeriod.java,org.joda.time.base.BaseSingleFieldPeriod,org.pitest.mutationtest.engine.gregor.mutators.experimental.NakedReceiverMutator,between,104,NO_COVERAGE,none
BaseSingleFieldPeriod.java,org.joda.time.base.BaseSingleFieldPeriod,org.pitest.mutationtest.engine.gregor.mutators.ConditionalsBoundaryMutator,compareTo,337,KILLED,org.joda.time.base.BaseSingleFieldPeriod_ESTest.test23
BaseSingleFieldPeriod.java,org.joda.time.base.BaseSingleFieldPeriod,org.pitest.mutationtest.engine.gregor.mutators.ConditionalsBoundaryMutator,compareTo,340,KILLED,org.joda.time.base.BaseSingleFieldPeriod_ESTest.test23
BaseSingleFieldPeriod.java,org.joda.time.base.BaseSingleFieldPeriod,org.pitest.mutationtest.engine.gregor.mutators.ConstructorCallMutator,compareTo,333,KILLED,org.joda.time.base.BaseSingleFieldPeriod_ESTest.test02
BaseSingleFieldPeriod.java,org.joda.time.base.BaseSingleFieldPeriod,org.pitest.mutationtest.engine.gregor.mutators.ConstructorCallMutator,compareTo,333,KILLED,org.joda.time.base.BaseSingleFieldPeriod_ESTest.test02
BaseSingleFieldPeriod.java,org.joda.time.base.BaseSingleFieldPeriod,org.pitest.mutationtest.engine.gregor.mutators.InlineConstantMutator,compareTo,338,KILLED,org.joda.time.base.BaseSingleFieldPeriod_ESTest.test01
BaseSingleFieldPeriod.java,org.joda.time.base.BaseSingleFieldPeriod,org.pitest.mutationtest.engine.gregor.mutators.InlineConstantMutator,compareTo,341,KILLED,org.joda.time.base.BaseSingleFieldPeriod_ESTest.test00
BaseSingleFieldPeriod.java,org.joda.time.base.BaseSingleFieldPeriod,org.pitest.mutationtest.engine.gregor.mutators.InlineConstantMutator,compareTo,343,KILLED,org.joda.time.base.BaseSingleFieldPeriod_ESTest.test23
BaseSingleFieldPeriod.java,org.joda.time.base.BaseSingleFieldPeriod,org.pitest.mutationtest.engine.gregor.mutators.NegateConditionalsMutator,compareTo,332,KILLED,org.joda.time.base.BaseSingleFieldPeriod_ESTest.test02
BaseSingleFieldPeriod.java,org.joda.time.base.BaseSingleFieldPeriod,org.pitest.mutationtest.engine.gregor.mutators.NegateConditionalsMutator,compareTo,337,KILLED,org.joda.time.base.BaseSingleFieldPeriod_ESTest.test23
BaseSingleFieldPeriod.java,org.joda.time.base.BaseSingleFieldPeriod,org.pitest.mutationtest.engine.gregor.mutators.NegateConditionalsMutator,compareTo,340,KILLED,org.joda.time.base.BaseSingleFieldPeriod_ESTest.test23
BaseSingleFieldPeriod.java,org.joda.time.base.BaseSingleFieldPeriod,org.pitest.mutationtest.engine.gregor.mutators.NonVoidMethodCallMutator,compareTo,332,KILLED,org.joda.time.base.BaseSingleFieldPeriod_ESTest.test23
BaseSingleFieldPeriod.java,org.joda.time.base.BaseSingleFieldPeriod,org.pitest.mutationtest.engine.gregor.mutators.NonVoidMethodCallMutator,compareTo,332,KILLED,org.joda.time.base.BaseSingleFieldPeriod_ESTest.test23
BaseSingleFieldPeriod.java,org.joda.time.base.BaseSingleFieldPeriod,org.pitest.mutationtest.engine.gregor.mutators.NonVoidMethodCallMutator,compareTo,333,SURVIVED,none
BaseSingleFieldPeriod.java,org.joda.time.base.BaseSingleFieldPeriod,org.pitest.mutationtest.engine.gregor.mutators.NonVoidMethodCallMutator,compareTo,333,KILLED,org.joda.time.base.BaseSingleFieldPeriod_ESTest.test02
BaseSingleFieldPeriod.java,org.joda.time.base.BaseSingleFieldPeriod,org.pitest.mutationtest.engine.gregor.mutators.NonVoidMethodCallMutator,compareTo,333,KILLED,org.joda.time.base.BaseSingleFieldPeriod_ESTest.test02
BaseSingleFieldPeriod.java,org.joda.time.base.BaseSingleFieldPeriod,org.pitest.mutationtest.engine.gregor.mutators.NonVoidMethodCallMutator,compareTo,333,SURVIVED,none
BaseSingleFieldPeriod.java,org.joda.time.base.BaseSingleFieldPeriod,org.pitest.mutationtest.engine.gregor.mutators.NonVoidMethodCallMutator,compareTo,333,KILLED,org.joda.time.base.BaseSingleFieldPeriod_ESTest.test02
BaseSingleFieldPeriod.java,org.joda.time.base.BaseSingleFieldPeriod,org.pitest.mutationtest.engine.gregor.mutators.NonVoidMethodCallMutator,compareTo,333,SURVIVED,none
BaseSingleFieldPeriod.java,org.joda.time.base.BaseSingleFieldPeriod,org.pitest.mutationtest.engine.gregor.mutators.NonVoidMethodCallMutator,compareTo,335,KILLED,org.joda.time.base.BaseSingleFieldPeriod_ESTest.test23
BaseSingleFieldPeriod.java,org.joda.time.base.BaseSingleFieldPeriod,org.pitest.mutationtest.engine.gregor.mutators.NonVoidMethodCallMutator,compareTo,336,KILLED,org.joda.time.base.BaseSingleFieldPeriod_ESTest.test23
BaseSingleFieldPeriod.java,org.joda.time.base.BaseSingleFieldPeriod,org.pitest.mutationtest.engine.gregor.mutators.PrimitiveReturnsMutator,compareTo,338,KILLED,org.joda.time.base.BaseSingleFieldPeriod_ESTest.test01
BaseSingleFieldPeriod.java,org.joda.time.base.BaseSingleFieldPeriod,org.pitest.mutationtest.engine.gregor.mutators.PrimitiveReturnsMutator,compareTo,341,KILLED,org.joda.time.base.BaseSingleFieldPeriod_ESTest.test00
BaseSingleFieldPeriod.java,org.joda.time.base.BaseSingleFieldPeriod,org.pitest.mutationtest.engine.gregor.mutators.RemoveConditionalMutator_EQUAL_ELSE,compareTo,332,KILLED,org.joda.time.base.BaseSingleFieldPeriod_ESTest.test02
BaseSingleFieldPeriod.java,org.joda.time.base.BaseSingleFieldPeriod,org.pitest.mutationtest.engine.gregor.mutators.RemoveConditionalMutator_EQUAL_IF,compareTo,332,KILLED,org.joda.time.base.BaseSingleFieldPeriod_ESTest.test23
BaseSingleFieldPeriod.java,org.joda.time.base.BaseSingleFieldPeriod,org.pitest.mutationtest.engine.gregor.mutators.RemoveConditionalMutator_ORDER_ELSE,compareTo,337,KILLED,org.joda.time.base.BaseSingleFieldPeriod_ESTest.test01
BaseSingleFieldPeriod.java,org.joda.time.base.BaseSingleFieldPeriod,org.pitest.mutationtest.engine.gregor.mutators.RemoveConditionalMutator_ORDER_ELSE,compareTo,340,KILLED,org.joda.time.base.BaseSingleFieldPeriod_ESTest.test00
BaseSingleFieldPeriod.java,org.joda.time.base.BaseSingleFieldPeriod,org.pitest.mutationtest.engine.gregor.mutators.RemoveConditionalMutator_ORDER_IF,compareTo,337,KILLED,org.joda.time.base.BaseSingleFieldPeriod_ESTest.test23
BaseSingleFieldPeriod.java,org.joda.time.base.BaseSingleFieldPeriod,org.pitest.mutationtest.engine.gregor.mutators.RemoveConditionalMutator_ORDER_IF,compareTo,340,KILLED,org.joda.time.base.BaseSingleFieldPeriod_ESTest.test23
BaseSingleFieldPeriod.java,org.joda.time.base.BaseSingleFieldPeriod,org.pitest.mutationtest.engine.gregor.mutators.ReturnValsMutator,compareTo,338,KILLED,org.joda.time.base.BaseSingleFieldPeriod_ESTest.test01
BaseSingleFieldPeriod.java,org.joda.time.base.BaseSingleFieldPeriod,org.pitest.mutationtest.engine.gregor.mutators.ReturnValsMutator,compareTo,341,KILLED,org.joda.time.base.BaseSingleFieldPeriod_ESTest.test00
BaseSingleFieldPeriod.java,org.joda.time.base.BaseSingleFieldPeriod,org.pitest.mutationtest.engine.gregor.mutators.ReturnValsMutator,compareTo,343,KILLED,org.joda.time.base.BaseSingleFieldPeriod_ESTest.test23
BaseSingleFieldPeriod.java,org.joda.time.base.BaseSingleFieldPeriod,org.pitest.mutationtest.engine.gregor.mutators.experimental.NakedReceiverMutator,compareTo,333,SURVIVED,none
BaseSingleFieldPeriod.java,org.joda.time.base.BaseSingleFieldPeriod,org.pitest.mutationtest.engine.gregor.mutators.experimental.NakedReceiverMutator,compareTo,333,SURVIVED,none
BaseSingleFieldPeriod.java,org.joda.time.base.BaseSingleFieldPeriod,org.pitest.mutationtest.engine.gregor.mutators.experimental.NakedReceiverMutator,compareTo,333,SURVIVED,none
BaseSingleFieldPeriod.java,org.joda.time.base.BaseSingleFieldPeriod,org.pitest.mutationtest.engine.gregor.mutators.ArgumentPropagationMutator,equals,308,SURVIVED,none
BaseSingleFieldPeriod.java,org.joda.time.base.BaseSingleFieldPeriod,org.pitest.mutationtest.engine.gregor.mutators.BooleanFalseReturnValsMutator,equals,302,KILLED,org.joda.time.base.BaseSingleFieldPeriod_ESTest.test05
BaseSingleFieldPeriod.java,org.joda.time.base.BaseSingleFieldPeriod,org.pitest.mutationtest.engine.gregor.mutators.BooleanTrueReturnValsMutator,equals,305,KILLED,org.joda.time.base.BaseSingleFieldPeriod_ESTest.test04
BaseSingleFieldPeriod.java,org.joda.time.base.BaseSingleFieldPeriod,org.pitest.mutationtest.engine.gregor.mutators.BooleanTrueReturnValsMutator,equals,308,KILLED,org.joda.time.base.BaseSingleFieldPeriod_ESTest.test11
BaseSingleFieldPeriod.java,org.joda.time.base.BaseSingleFieldPeriod,org.pitest.mutationtest.engine.gregor.mutators.InlineConstantMutator,equals,302,KILLED,org.joda.time.base.BaseSingleFieldPeriod_ESTest.test05
BaseSingleFieldPeriod.java,org.joda.time.base.BaseSingleFieldPeriod,org.pitest.mutationtest.engine.gregor.mutators.InlineConstantMutator,equals,305,KILLED,org.joda.time.base.BaseSingleFieldPeriod_ESTest.test04
BaseSingleFieldPeriod.java,org.joda.time.base.BaseSingleFieldPeriod,org.pitest.mutationtest.engine.gregor.mutators.InlineConstantMutator,equals,308,KILLED,org.joda.time.base.BaseSingleFieldPeriod_ESTest.test11
BaseSingleFieldPeriod.java,org.joda.time.base.BaseSingleFieldPeriod,org.pitest.mutationtest.engine.gregor.mutators.InlineConstantMutator,equals,308,SURVIVED,none
BaseSingleFieldPeriod.java,org.joda.time.base.BaseSingleFieldPeriod,org.pitest.mutationtest.engine.gregor.mutators.InlineConstantMutator,equals,308,KILLED,org.joda.time.base.BaseSingleFieldPeriod_ESTest.test11
BaseSingleFieldPeriod.java,org.joda.time.base.BaseSingleFieldPeriod,org.pitest.mutationtest.engine.gregor.mutators.NegateConditionalsMutator,equals,301,KILLED,org.joda.time.base.BaseSingleFieldPeriod_ESTest.test11
BaseSingleFieldPeriod.java,org.joda.time.base.BaseSingleFieldPeriod,org.pitest.mutationtest.engine.gregor.mutators.NegateConditionalsMutator,equals,304,KILLED,org.joda.time.base.BaseSingleFieldPeriod_ESTest.test04
BaseSingleFieldPeriod.java,org.joda.time.base.BaseSingleFieldPeriod,org.pitest.mutationtest.engine.gregor.mutators.NegateConditionalsMutator,equals,308,SURVIVED,none
BaseSingleFieldPeriod.java,org.joda.time.base.BaseSingleFieldPeriod,org.pitest.mutationtest.engine.gregor.mutators.NegateConditionalsMutator,equals,308,KILLED,org.joda.time.base.BaseSingleFieldPeriod_ESTest.test11
BaseSingleFieldPeriod.java,org.joda.time.base.BaseSingleFieldPeriod,org.pitest.mutationtest.engine.gregor.mutators.NonVoidMethodCallMutator,equals,308,SURVIVED,none
BaseSingleFieldPeriod.java,org.joda.time.base.BaseSingleFieldPeriod,org.pitest.mutationtest.engine.gregor.mutators.NonVoidMethodCallMutator,equals,308,SURVIVED,none
BaseSingleFieldPeriod.java,org.joda.time.base.BaseSingleFieldPeriod,org.pitest.mutationtest.engine.gregor.mutators.NonVoidMethodCallMutator,equals,308,SURVIVED,none
BaseSingleFieldPeriod.java,org.joda.time.base.BaseSingleFieldPeriod,org.pitest.mutationtest.engine.gregor.mutators.NonVoidMethodCallMutator,equals,308,SURVIVED,none
BaseSingleFieldPeriod.java,org.joda.time.base.BaseSingleFieldPeriod,org.pitest.mutationtest.engine.gregor.mutators.RemoveConditionalMutator_EQUAL_ELSE,equals,304,KILLED,org.joda.time.base.BaseSingleFieldPeriod_ESTest.test04
BaseSingleFieldPeriod.java,org.joda.time.base.BaseSingleFieldPeriod,org.pitest.mutationtest.engine.gregor.mutators.RemoveConditionalMutator_EQUAL_ELSE,equals,308,SURVIVED,none
BaseSingleFieldPeriod.java,org.joda.time.base.BaseSingleFieldPeriod,org.pitest.mutationtest.engine.gregor.mutators.RemoveConditionalMutator_EQUAL_ELSE,equals,308,SURVIVED,none
BaseSingleFieldPeriod.java,org.joda.time.base.BaseSingleFieldPeriod,org.pitest.mutationtest.engine.gregor.mutators.RemoveConditionalMutator_EQUAL_IF,equals,301,KILLED,org.joda.time.base.BaseSingleFieldPeriod_ESTest.test11
BaseSingleFieldPeriod.java,org.joda.time.base.BaseSingleFieldPeriod,org.pitest.mutationtest.engine.gregor.mutators.RemoveConditionalMutator_EQUAL_IF,equals,304,SURVIVED,none
BaseSingleFieldPeriod.java,org.joda.time.base.BaseSingleFieldPeriod,org.pitest.mutationtest.engine.gregor.mutators.RemoveConditionalMutator_EQUAL_IF,equals,308,SURVIVED,none
BaseSingleFieldPeriod.java,org.joda.time.base.BaseSingleFieldPeriod,org.pitest.mutationtest.engine.gregor.mutators.RemoveConditionalMutator_EQUAL_IF,equals,308,KILLED,org.joda.time.base.BaseSingleFieldPeriod_ESTest.test11
BaseSingleFieldPeriod.java,org.joda.time.base.BaseSingleFieldPeriod,org.pitest.mutationtest.engine.gregor.mutators.ReturnValsMutator,equals,302,KILLED,org.joda.time.base.BaseSingleFieldPeriod_ESTest.test05
BaseSingleFieldPeriod.java,org.joda.time.base.BaseSingleFieldPeriod,org.pitest.mutationtest.engine.gregor.mutators.ReturnValsMutator,equals,305,KILLED,org.joda.time.base.BaseSingleFieldPeriod_ESTest.test04
BaseSingleFieldPeriod.java,org.joda.time.base.BaseSingleFieldPeriod,org.pitest.mutationtest.engine.gregor.mutators.ReturnValsMutator,equals,308,KILLED,org.joda.time.base.BaseSingleFieldPeriod_ESTest.test11
BaseSingleFieldPeriod.java,org.joda.time.base.BaseSingleFieldPeriod,org.pitest.mutationtest.engine.gregor.mutators.InlineConstantMutator,get,252,KILLED,org.joda.time.base.BaseSingleFieldPeriod_ESTest.test09
BaseSingleFieldPeriod.java,org.joda.time.base.BaseSingleFieldPeriod,org.pitest.mutationtest.engine.gregor.mutators.NegateConditionalsMutator,get,249,KILLED,org.joda.time.base.BaseSingleFieldPeriod_ESTest.test09
BaseSingleFieldPeriod.java,org.joda.time.base.BaseSingleFieldPeriod,org.pitest.mutationtest.engine.gregor.mutators.NonVoidMethodCallMutator,get,249,KILLED,org.joda.time.base.BaseSingleFieldPeriod_ESTest.test08
BaseSingleFieldPeriod.java,org.joda.time.base.BaseSingleFieldPeriod,org.pitest.mutationtest.engine.gregor.mutators.NonVoidMethodCallMutator,get,250,KILLED,org.joda.time.base.BaseSingleFieldPeriod_ESTest.test08
BaseSingleFieldPeriod.java,org.joda.time.base.BaseSingleFieldPeriod,org.pitest.mutationtest.engine.gregor.mutators.PrimitiveReturnsMutator,get,250,KILLED,org.joda.time.base.BaseSingleFieldPeriod_ESTest.test08
BaseSingleFieldPeriod.java,org.joda.time.base.BaseSingleFieldPeriod,org.pitest.mutationtest.engine.gregor.mutators.RemoveConditionalMutator_EQUAL_ELSE,get,249,KILLED,org.joda.time.base.BaseSingleFieldPeriod_ESTest.test08
BaseSingleFieldPeriod.java,org.joda.time.base.BaseSingleFieldPeriod,org.pitest.mutationtest.engine.gregor.mutators.RemoveConditionalMutator_EQUAL_IF,get,249,KILLED,org.joda.time.base.BaseSingleFieldPeriod_ESTest.test09
BaseSingleFieldPeriod.java,org.joda.time.base.BaseSingleFieldPeriod,org.pitest.mutationtest.engine.gregor.mutators.ReturnValsMutator,get,250,KILLED,org.joda.time.base.BaseSingleFieldPeriod_ESTest.test08
BaseSingleFieldPeriod.java,org.joda.time.base.BaseSingleFieldPeriod,org.pitest.mutationtest.engine.gregor.mutators.ReturnValsMutator,get,252,KILLED,org.joda.time.base.BaseSingleFieldPeriod_ESTest.test09
BaseSingleFieldPeriod.java,org.joda.time.base.BaseSingleFieldPeriod,org.pitest.mutationtest.engine.gregor.mutators.ConstructorCallMutator,getFieldType,218,KILLED,org.joda.time.base.BaseSingleFieldPeriod_ESTest.test12
BaseSingleFieldPeriod.java,org.joda.time.base.BaseSingleFieldPeriod,org.pitest.mutationtest.engine.gregor.mutators.NegateConditionalsMutator,getFieldType,217,KILLED,org.joda.time.base.BaseSingleFieldPeriod_ESTest.test19
BaseSingleFieldPeriod.java,org.joda.time.base.BaseSingleFieldPeriod,org.pitest.mutationtest.engine.gregor.mutators.NonVoidMethodCallMutator,getFieldType,218,SURVIVED,none
BaseSingleFieldPeriod.java,org.joda.time.base.BaseSingleFieldPeriod,org.pitest.mutationtest.engine.gregor.mutators.NonVoidMethodCallMutator,getFieldType,220,KILLED,org.joda.time.base.BaseSingleFieldPeriod_ESTest.test19
BaseSingleFieldPeriod.java,org.joda.time.base.BaseSingleFieldPeriod,org.pitest.mutationtest.engine.gregor.mutators.NullReturnValsMutator,getFieldType,220,KILLED,org.joda.time.base.BaseSingleFieldPeriod_ESTest.test19
BaseSingleFieldPeriod.java,org.joda.time.base.BaseSingleFieldPeriod,org.pitest.mutationtest.engine.gregor.mutators.RemoveConditionalMutator_EQUAL_ELSE,getFieldType,217,KILLED,org.joda.time.base.BaseSingleFieldPeriod_ESTest.test12
BaseSingleFieldPeriod.java,org.joda.time.base.BaseSingleFieldPeriod,org.pitest.mutationtest.engine.gregor.mutators.RemoveConditionalMutator_EQUAL_IF,getFieldType,217,KILLED,org.joda.time.base.BaseSingleFieldPeriod_ESTest.test19
BaseSingleFieldPeriod.java,org.joda.time.base.BaseSingleFieldPeriod,org.pitest.mutationtest.engine.gregor.mutators.ReturnValsMutator,getFieldType,220,KILLED,org.joda.time.base.BaseSingleFieldPeriod_ESTest.test19
BaseSingleFieldPeriod.java,org.joda.time.base.BaseSingleFieldPeriod,org.pitest.mutationtest.engine.gregor.mutators.PrimitiveReturnsMutator,getValue,168,KILLED,org.joda.time.base.BaseSingleFieldPeriod_ESTest.test22
BaseSingleFieldPeriod.java,org.joda.time.base.BaseSingleFieldPeriod,org.pitest.mutationtest.engine.gregor.mutators.ReturnValsMutator,getValue,168,KILLED,org.joda.time.base.BaseSingleFieldPeriod_ESTest.test22
BaseSingleFieldPeriod.java,org.joda.time.base.BaseSingleFieldPeriod,org.pitest.mutationtest.engine.gregor.mutators.ConstructorCallMutator,getValue,234,KILLED,org.joda.time.base.BaseSingleFieldPeriod_ESTest.test10
BaseSingleFieldPeriod.java,org.joda.time.base.BaseSingleFieldPeriod,org.pitest.mutationtest.engine.gregor.mutators.NegateConditionalsMutator,getValue,233,KILLED,org.joda.time.base.BaseSingleFieldPeriod_ESTest.test19
BaseSingleFieldPeriod.java,org.joda.time.base.BaseSingleFieldPeriod,org.pitest.mutationtest.engine.gregor.mutators.NonVoidMethodCallMutator,getValue,234,SURVIVED,none
BaseSingleFieldPeriod.java,org.joda.time.base.BaseSingleFieldPeriod,org.pitest.mutationtest.engine.gregor.mutators.NonVoidMethodCallMutator,getValue,236,SURVIVED,none
BaseSingleFieldPeriod.java,org.joda.time.base.BaseSingleFieldPeriod,org.pitest.mutationtest.engine.gregor.mutators.PrimitiveReturnsMutator,getValue,236,SURVIVED,none
BaseSingleFieldPeriod.java,org.joda.time.base.BaseSingleFieldPeriod,org.pitest.mutationtest.engine.gregor.mutators.RemoveConditionalMutator_EQUAL_ELSE,getValue,233,KILLED,org.joda.time.base.BaseSingleFieldPeriod_ESTest.test10
BaseSingleFieldPeriod.java,org.joda.time.base.BaseSingleFieldPeriod,org.pitest.mutationtest.engine.gregor.mutators.RemoveConditionalMutator_EQUAL_IF,getValue,233,KILLED,org.joda.time.base.BaseSingleFieldPeriod_ESTest.test19
BaseSingleFieldPeriod.java,org.joda.time.base.BaseSingleFieldPeriod,org.pitest.mutationtest.engine.gregor.mutators.ReturnValsMutator,getValue,236,SURVIVED,none
BaseSingleFieldPeriod.java,org.joda.time.base.BaseSingleFieldPeriod,org.pitest.mutationtest.engine.gregor.mutators.InlineConstantMutator,hashCode,317,SURVIVED,none
BaseSingleFieldPeriod.java,org.joda.time.base.BaseSingleFieldPeriod,org.pitest.mutationtest.engine.gregor.mutators.InlineConstantMutator,hashCode,318,SURVIVED,none
BaseSingleFieldPeriod.java,org.joda.time.base.BaseSingleFieldPeriod,org.pitest.mutationtest.engine.gregor.mutators.InlineConstantMutator,hashCode,319,SURVIVED,none
BaseSingleFieldPeriod.java,org.joda.time.base.BaseSingleFieldPeriod,org.pitest.mutationtest.engine.gregor.mutators.MathMutator,hashCode,318,SURVIVED,none
BaseSingleFieldPeriod.java,org.joda.time.base.BaseSingleFieldPeriod,org.pitest.mutationtest.engine.gregor.mutators.MathMutator,hashCode,318,SURVIVED,none
BaseSingleFieldPeriod.java,org.joda.time.base.BaseSingleFieldPeriod,org.pitest.mutationtest.engine.gregor.mutators.MathMutator,hashCode,319,SURVIVED,none
BaseSingleFieldPeriod.java,org.joda.time.base.BaseSingleFieldPeriod,org.pitest.mutationtest.engine.gregor.mutators.MathMutator,hashCode,319,SURVIVED,none
BaseSingleFieldPeriod.java,org.joda.time.base.BaseSingleFieldPeriod,org.pitest.mutationtest.engine.gregor.mutators.NonVoidMethodCallMutator,hashCode,318,SURVIVED,none
BaseSingleFieldPeriod.java,org.joda.time.base.BaseSingleFieldPeriod,org.pitest.mutationtest.engine.gregor.mutators.NonVoidMethodCallMutator,hashCode,319,KILLED,org.joda.time.base.BaseSingleFieldPeriod_ESTest.test22
BaseSingleFieldPeriod.java,org.joda.time.base.BaseSingleFieldPeriod,org.pitest.mutationtest.engine.gregor.mutators.NonVoidMethodCallMutator,hashCode,319,SURVIVED,none
BaseSingleFieldPeriod.java,org.joda.time.base.BaseSingleFieldPeriod,org.pitest.mutationtest.engine.gregor.mutators.PrimitiveReturnsMutator,hashCode,320,SURVIVED,none
BaseSingleFieldPeriod.java,org.joda.time.base.BaseSingleFieldPeriod,org.pitest.mutationtest.engine.gregor.mutators.ReturnValsMutator,hashCode,320,SURVIVED,none
BaseSingleFieldPeriod.java,org.joda.time.base.BaseSingleFieldPeriod,org.pitest.mutationtest.engine.gregor.mutators.BooleanTrueReturnValsMutator,isSupported,262,KILLED,org.joda.time.base.BaseSingleFieldPeriod_ESTest.test07
BaseSingleFieldPeriod.java,org.joda.time.base.BaseSingleFieldPeriod,org.pitest.mutationtest.engine.gregor.mutators.InlineConstantMutator,isSupported,262,KILLED,org.joda.time.base.BaseSingleFieldPeriod_ESTest.test06
BaseSingleFieldPeriod.java,org.joda.time.base.BaseSingleFieldPeriod,org.pitest.mutationtest.engine.gregor.mutators.InlineConstantMutator,isSupported,262,KILLED,org.joda.time.base.BaseSingleFieldPeriod_ESTest.test07
BaseSingleFieldPeriod.java,org.joda.time.base.BaseSingleFieldPeriod,org.pitest.mutationtest.engine.gregor.mutators.NegateConditionalsMutator,isSupported,262,KILLED,org.joda.time.base.BaseSingleFieldPeriod_ESTest.test06
BaseSingleFieldPeriod.java,org.joda.time.base.BaseSingleFieldPeriod,org.pitest.mutationtest.engine.gregor.mutators.NonVoidMethodCallMutator,isSupported,262,KILLED,org.joda.time.base.BaseSingleFieldPeriod_ESTest.test06
BaseSingleFieldPeriod.java,org.joda.time.base.BaseSingleFieldPeriod,org.pitest.mutationtest.engine.gregor.mutators.RemoveConditionalMutator_EQUAL_ELSE,isSupported,262,KILLED,org.joda.time.base.BaseSingleFieldPeriod_ESTest.test06
BaseSingleFieldPeriod.java,org.joda.time.base.BaseSingleFieldPeriod,org.pitest.mutationtest.engine.gregor.mutators.RemoveConditionalMutator_EQUAL_IF,isSupported,262,KILLED,org.joda.time.base.BaseSingleFieldPeriod_ESTest.test07
BaseSingleFieldPeriod.java,org.joda.time.base.BaseSingleFieldPeriod,org.pitest.mutationtest.engine.gregor.mutators.ReturnValsMutator,isSupported,262,KILLED,org.joda.time.base.BaseSingleFieldPeriod_ESTest.test06
BaseSingleFieldPeriod.java,org.joda.time.base.BaseSingleFieldPeriod,org.pitest.mutationtest.engine.gregor.mutators.experimental.MemberVariableMutator,setValue,178,NO_COVERAGE,none
BaseSingleFieldPeriod.java,org.joda.time.base.BaseSingleFieldPeriod,org.pitest.mutationtest.engine.gregor.mutators.InlineConstantMutator,size,203,KILLED,org.joda.time.base.BaseSingleFieldPeriod_ESTest.test19
BaseSingleFieldPeriod.java,org.joda.time.base.BaseSingleFieldPeriod,org.pitest.mutationtest.engine.gregor.mutators.PrimitiveReturnsMutator,size,203,KILLED,org.joda.time.base.BaseSingleFieldPeriod_ESTest.test19
BaseSingleFieldPeriod.java,org.joda.time.base.BaseSingleFieldPeriod,org.pitest.mutationtest.engine.gregor.mutators.ReturnValsMutator,size,203,KILLED,org.joda.time.base.BaseSingleFieldPeriod_ESTest.test19
BaseSingleFieldPeriod.java,org.joda.time.base.BaseSingleFieldPeriod,org.pitest.mutationtest.engine.gregor.mutators.ArgumentPropagationMutator,standardPeriodIn,136,NO_COVERAGE,none
BaseSingleFieldPeriod.java,org.joda.time.base.BaseSingleFieldPeriod,org.pitest.mutationtest.engine.gregor.mutators.ArgumentPropagationMutator,standardPeriodIn,144,NO_COVERAGE,none
BaseSingleFieldPeriod.java,org.joda.time.base.BaseSingleFieldPeriod,org.pitest.mutationtest.engine.gregor.mutators.ArgumentPropagationMutator,standardPeriodIn,144,NO_COVERAGE,none
BaseSingleFieldPeriod.java,org.joda.time.base.BaseSingleFieldPeriod,org.pitest.mutationtest.engine.gregor.mutators.ConditionalsBoundaryMutator,standardPeriodIn,135,NO_COVERAGE,none
BaseSingleFieldPeriod.java,org.joda.time.base.BaseSingleFieldPeriod,org.pitest.mutationtest.engine.gregor.mutators.ConstructorCallMutator,standardPeriodIn,140,NO_COVERAGE,none
BaseSingleFieldPeriod.java,org.joda.time.base.BaseSingleFieldPeriod,org.pitest.mutationtest.engine.gregor.mutators.ConstructorCallMutator,standardPeriodIn,141,NO_COVERAGE,none
BaseSingleFieldPeriod.java,org.joda.time.base.BaseSingleFieldPeriod,org.pitest.mutationtest.engine.gregor.mutators.IncrementsMutator,standardPeriodIn,135,NO_COVERAGE,none
BaseSingleFieldPeriod.java,org.joda.time.base.BaseSingleFieldPeriod,org.pitest.mutationtest.engine.gregor.mutators.InlineConstantMutator,standardPeriodIn,131,KILLED,org.joda.time.base.BaseSingleFieldPeriod_ESTest.test14
BaseSingleFieldPeriod.java,org.joda.time.base.BaseSingleFieldPeriod,org.pitest.mutationtest.engine.gregor.mutators.InlineConstantMutator,standardPeriodIn,134,NO_COVERAGE,none
BaseSingleFieldPeriod.java,org.joda.time.base.BaseSingleFieldPeriod,org.pitest.mutationtest.engine.gregor.mutators.InlineConstantMutator,standardPeriodIn,135,NO_COVERAGE,none
BaseSingleFieldPeriod.java,org.joda.time.base.BaseSingleFieldPeriod,org.pitest.mutationtest.engine.gregor.mutators.MathMutator,standardPeriodIn,147,NO_COVERAGE,none
BaseSingleFieldPeriod.java,org.joda.time.base.BaseSingleFieldPeriod,org.pitest.mutationtest.engine.gregor.mutators.NegateConditionalsMutator,standardPeriodIn,130,KILLED,org.joda.time.base.BaseSingleFieldPeriod_ESTest.test14
BaseSingleFieldPeriod.java,org.joda.time.base.BaseSingleFieldPeriod,org.pitest.mutationtest.engine.gregor.mutators.NegateConditionalsMutator,standardPeriodIn,135,NO_COVERAGE,none
BaseSingleFieldPeriod.java,org.joda.time.base.BaseSingleFieldPeriod,org.pitest.mutationtest.engine.gregor.mutators.NegateConditionalsMutator,standardPeriodIn,137,NO_COVERAGE,none
BaseSingleFieldPeriod.java,org.joda.time.base.BaseSingleFieldPeriod,org.pitest.mutationtest.engine.gregor.mutators.NegateConditionalsMutator,standardPeriodIn,139,NO_COVERAGE,none
BaseSingleFieldPeriod.java,org.joda.time.base.BaseSingleFieldPeriod,org.pitest.mutationtest.engine.gregor.mutators.NonVoidMethodCallMutator,standardPeriodIn,133,NO_COVERAGE,none
BaseSingleFieldPeriod.java,org.joda.time.base.BaseSingleFieldPeriod,org.pitest.mutationtest.engine.gregor.mutators.NonVoidMethodCallMutator,standardPeriodIn,135,NO_COVERAGE,none
BaseSingleFieldPeriod.java,org.joda.time.base.BaseSingleFieldPeriod,org.pitest.mutationtest.engine.gregor.mutators.NonVoidMethodCallMutator,standardPeriodIn,136,NO_COVERAGE,none
BaseSingleFieldPeriod.java,org.joda.time.base.BaseSingleFieldPeriod,org.pitest.mutationtest.engine.gregor.mutators.NonVoidMethodCallMutator,standardPeriodIn,138,NO_COVERAGE,none
BaseSingleFieldPeriod.java,org.joda.time.base.BaseSingleFieldPeriod,org.pitest.mutationtest.engine.gregor.mutators.NonVoidMethodCallMutator,standardPeriodIn,138,NO_COVERAGE,none
BaseSingleFieldPeriod.java,org.joda.time.base.BaseSingleFieldPeriod,org.pitest.mutationtest.engine.gregor.mutators.NonVoidMethodCallMutator,standardPeriodIn,139,NO_COVERAGE,none
BaseSingleFieldPeriod.java,org.joda.time.base.BaseSingleFieldPeriod,org.pitest.mutationtest.engine.gregor.mutators.NonVoidMethodCallMutator,standardPeriodIn,140,NO_COVERAGE,none
BaseSingleFieldPeriod.java,org.joda.time.base.BaseSingleFieldPeriod,org.pitest.mutationtest.engine.gregor.mutators.NonVoidMethodCallMutator,standardPeriodIn,141,NO_COVERAGE,none
BaseSingleFieldPeriod.java,org.joda.time.base.BaseSingleFieldPeriod,org.pitest.mutationtest.engine.gregor.mutators.NonVoidMethodCallMutator,standardPeriodIn,141,NO_COVERAGE,none
BaseSingleFieldPeriod.java,org.joda.time.base.BaseSingleFieldPeriod,org.pitest.mutationtest.engine.gregor.mutators.NonVoidMethodCallMutator,standardPeriodIn,141,NO_COVERAGE,none
BaseSingleFieldPeriod.java,org.joda.time.base.BaseSingleFieldPeriod,org.pitest.mutationtest.engine.gregor.mutators.NonVoidMethodCallMutator,standardPeriodIn,141,NO_COVERAGE,none
BaseSingleFieldPeriod.java,org.joda.time.base.BaseSingleFieldPeriod,org.pitest.mutationtest.engine.gregor.mutators.NonVoidMethodCallMutator,standardPeriodIn,141,NO_COVERAGE,none
BaseSingleFieldPeriod.java,org.joda.time.base.BaseSingleFieldPeriod,org.pitest.mutationtest.engine.gregor.mutators.NonVoidMethodCallMutator,standardPeriodIn,144,NO_COVERAGE,none
BaseSingleFieldPeriod.java,org.joda.time.base.BaseSingleFieldPeriod,org.pitest.mutationtest.engine.gregor.mutators.NonVoidMethodCallMutator,standardPeriodIn,144,NO_COVERAGE,none
BaseSingleFieldPeriod.java,org.joda.time.base.BaseSingleFieldPeriod,org.pitest.mutationtest.engine.gregor.mutators.NonVoidMethodCallMutator,standardPeriodIn,144,NO_COVERAGE,none
BaseSingleFieldPeriod.java,org.joda.time.base.BaseSingleFieldPeriod,org.pitest.mutationtest.engine.gregor.mutators.NonVoidMethodCallMutator,standardPeriodIn,147,NO_COVERAGE,none
BaseSingleFieldPeriod.java,org.joda.time.base.BaseSingleFieldPeriod,org.pitest.mutationtest.engine.gregor.mutators.PrimitiveReturnsMutator,standardPeriodIn,147,NO_COVERAGE,none
BaseSingleFieldPeriod.java,org.joda.time.base.BaseSingleFieldPeriod,org.pitest.mutationtest.engine.gregor.mutators.RemoveConditionalMutator_EQUAL_ELSE,standardPeriodIn,130,KILLED,org.joda.time.base.BaseSingleFieldPeriod_ESTest.test14
BaseSingleFieldPeriod.java,org.joda.time.base.BaseSingleFieldPeriod,org.pitest.mutationtest.engine.gregor.mutators.RemoveConditionalMutator_EQUAL_ELSE,standardPeriodIn,137,NO_COVERAGE,none
BaseSingleFieldPeriod.java,org.joda.time.base.BaseSingleFieldPeriod,org.pitest.mutationtest.engine.gregor.mutators.RemoveConditionalMutator_EQUAL_ELSE,standardPeriodIn,139,NO_COVERAGE,none
BaseSingleFieldPeriod.java,org.joda.time.base.BaseSingleFieldPeriod,org.pitest.mutationtest.engine.gregor.mutators.RemoveConditionalMutator_EQUAL_IF,standardPeriodIn,130,SURVIVED,none
BaseSingleFieldPeriod.java,org.joda.time.base.BaseSingleFieldPeriod,org.pitest.mutationtest.engine.gregor.mutators.RemoveConditionalMutator_EQUAL_IF,standardPeriodIn,137,NO_COVERAGE,none
BaseSingleFieldPeriod.java,org.joda.time.base.BaseSingleFieldPeriod,org.pitest.mutationtest.engine.gregor.mutators.RemoveConditionalMutator_EQUAL_IF,standardPeriodIn,139,NO_COVERAGE,none
BaseSingleFieldPeriod.java,org.joda.time.base.BaseSingleFieldPeriod,org.pitest.mutationtest.engine.gregor.mutators.RemoveConditionalMutator_ORDER_ELSE,standardPeriodIn,135,NO_COVERAGE,none
BaseSingleFieldPeriod.java,org.joda.time.base.BaseSingleFieldPeriod,org.pitest.mutationtest.engine.gregor.mutators.RemoveConditionalMutator_ORDER_IF,standardPeriodIn,135,NO_COVERAGE,none
BaseSingleFieldPeriod.java,org.joda.time.base.BaseSingleFieldPeriod,org.pitest.mutationtest.engine.gregor.mutators.ReturnValsMutator,standardPeriodIn,131,KILLED,org.joda.time.base.BaseSingleFieldPeriod_ESTest.test14
BaseSingleFieldPeriod.java,org.joda.time.base.BaseSingleFieldPeriod,org.pitest.mutationtest.engine.gregor.mutators.ReturnValsMutator,standardPeriodIn,147,NO_COVERAGE,none
BaseSingleFieldPeriod.java,org.joda.time.base.BaseSingleFieldPeriod,org.pitest.mutationtest.engine.gregor.mutators.experimental.NakedReceiverMutator,standardPeriodIn,140,NO_COVERAGE,none
BaseSingleFieldPeriod.java,org.joda.time.base.BaseSingleFieldPeriod,org.pitest.mutationtest.engine.gregor.mutators.experimental.NakedReceiverMutator,standardPeriodIn,141,NO_COVERAGE,none
BaseSingleFieldPeriod.java,org.joda.time.base.BaseSingleFieldPeriod,org.pitest.mutationtest.engine.gregor.mutators.experimental.NakedReceiverMutator,standardPeriodIn,141,NO_COVERAGE,none
BaseSingleFieldPeriod.java,org.joda.time.base.BaseSingleFieldPeriod,org.pitest.mutationtest.engine.gregor.mutators.experimental.NakedReceiverMutator,standardPeriodIn,141,NO_COVERAGE,none
BaseSingleFieldPeriod.java,org.joda.time.base.BaseSingleFieldPeriod,org.pitest.mutationtest.engine.gregor.mutators.ConstructorCallMutator,toMutablePeriod,285,KILLED,org.joda.time.base.BaseSingleFieldPeriod_ESTest.test19
BaseSingleFieldPeriod.java,org.joda.time.base.BaseSingleFieldPeriod,org.pitest.mutationtest.engine.gregor.mutators.NullReturnValsMutator,toMutablePeriod,287,SURVIVED,none
BaseSingleFieldPeriod.java,org.joda.time.base.BaseSingleFieldPeriod,org.pitest.mutationtest.engine.gregor.mutators.ReturnValsMutator,toMutablePeriod,287,SURVIVED,none
BaseSingleFieldPeriod.java,org.joda.time.base.BaseSingleFieldPeriod,org.pitest.mutationtest.engine.gregor.mutators.VoidMethodCallMutator,toMutablePeriod,286,SURVIVED,none
BaseSingleFieldPeriod.java,org.joda.time.base.BaseSingleFieldPeriod,org.pitest.mutationtest.engine.gregor.mutators.NonVoidMethodCallMutator,toPeriod,273,SURVIVED,none
BaseSingleFieldPeriod.java,org.joda.time.base.BaseSingleFieldPeriod,org.pitest.mutationtest.engine.gregor.mutators.NullReturnValsMutator,toPeriod,273,SURVIVED,none
BaseSingleFieldPeriod.java,org.joda.time.base.BaseSingleFieldPeriod,org.pitest.mutationtest.engine.gregor.mutators.ReturnValsMutator,toPeriod,273,SURVIVED,none
BaseSingleFieldPeriod.java,org.joda.time.base.BaseSingleFieldPeriod,org.pitest.mutationtest.engine.gregor.mutators.experimental.NakedReceiverMutator,toPeriod,273,SURVIVED,none
