NaOpNuDaoService.java,ch.bfh.egov.nutzenportfolio.service.fragebogen.NaOpNuDaoService,org.pitest.mutationtest.engine.gregor.mutators.experimental.MemberVariableMutator,<init>,78,KILLED,ch.bfh.egov.nutzenportfolio.service.fragebogen.NaOpNuDaoService_ESTest.test7
NaOpNuDaoService.java,ch.bfh.egov.nutzenportfolio.service.fragebogen.NaOpNuDaoService,org.pitest.mutationtest.engine.gregor.mutators.experimental.MemberVariableMutator,<init>,79,SURVIVED,none
NaOpNuDaoService.java,ch.bfh.egov.nutzenportfolio.service.fragebogen.NaOpNuDaoService,org.pitest.mutationtest.engine.gregor.mutators.experimental.MemberVariableMutator,<init>,80,SURVIVED,none
NaOpNuDaoService.java,ch.bfh.egov.nutzenportfolio.service.fragebogen.NaOpNuDaoService,org.pitest.mutationtest.engine.gregor.mutators.experimental.MemberVariableMutator,<init>,81,SURVIVED,none
NaOpNuDaoService.java,ch.bfh.egov.nutzenportfolio.service.fragebogen.NaOpNuDaoService,org.pitest.mutationtest.engine.gregor.mutators.experimental.MemberVariableMutator,<init>,82,SURVIVED,none
NaOpNuDaoService.java,ch.bfh.egov.nutzenportfolio.service.fragebogen.NaOpNuDaoService,org.pitest.mutationtest.engine.gregor.mutators.VoidMethodCallMutator,deleteAssignments,103,KILLED,ch.bfh.egov.nutzenportfolio.service.fragebogen.NaOpNuDaoService_ESTest.test6
NaOpNuDaoService.java,ch.bfh.egov.nutzenportfolio.service.fragebogen.NaOpNuDaoService,org.pitest.mutationtest.engine.gregor.mutators.ArgumentPropagationMutator,getNaOpNuResultat,89,KILLED,ch.bfh.egov.nutzenportfolio.service.fragebogen.NaOpNuDaoService_ESTest.test7
NaOpNuDaoService.java,ch.bfh.egov.nutzenportfolio.service.fragebogen.NaOpNuDaoService,org.pitest.mutationtest.engine.gregor.mutators.NonVoidMethodCallMutator,getNaOpNuResultat,89,KILLED,ch.bfh.egov.nutzenportfolio.service.fragebogen.NaOpNuDaoService_ESTest.test7
NaOpNuDaoService.java,ch.bfh.egov.nutzenportfolio.service.fragebogen.NaOpNuDaoService,org.pitest.mutationtest.engine.gregor.mutators.NullReturnValsMutator,getNaOpNuResultat,89,SURVIVED,none
NaOpNuDaoService.java,ch.bfh.egov.nutzenportfolio.service.fragebogen.NaOpNuDaoService,org.pitest.mutationtest.engine.gregor.mutators.ReturnValsMutator,getNaOpNuResultat,89,SURVIVED,none
NaOpNuDaoService.java,ch.bfh.egov.nutzenportfolio.service.fragebogen.NaOpNuDaoService,org.pitest.mutationtest.engine.gregor.mutators.ArgumentPropagationMutator,getPaResultat,96,KILLED,ch.bfh.egov.nutzenportfolio.service.fragebogen.NaOpNuDaoService_ESTest.test3
NaOpNuDaoService.java,ch.bfh.egov.nutzenportfolio.service.fragebogen.NaOpNuDaoService,org.pitest.mutationtest.engine.gregor.mutators.NonVoidMethodCallMutator,getPaResultat,96,KILLED,ch.bfh.egov.nutzenportfolio.service.fragebogen.NaOpNuDaoService_ESTest.test3
NaOpNuDaoService.java,ch.bfh.egov.nutzenportfolio.service.fragebogen.NaOpNuDaoService,org.pitest.mutationtest.engine.gregor.mutators.NullReturnValsMutator,getPaResultat,96,SURVIVED,none
NaOpNuDaoService.java,ch.bfh.egov.nutzenportfolio.service.fragebogen.NaOpNuDaoService,org.pitest.mutationtest.engine.gregor.mutators.ReturnValsMutator,getPaResultat,96,SURVIVED,none
NaOpNuDaoService.java,ch.bfh.egov.nutzenportfolio.service.fragebogen.NaOpNuDaoService,org.pitest.mutationtest.engine.gregor.mutators.EmptyObjectReturnValsMutator,getProjektId,408,NO_COVERAGE,none
NaOpNuDaoService.java,ch.bfh.egov.nutzenportfolio.service.fragebogen.NaOpNuDaoService,org.pitest.mutationtest.engine.gregor.mutators.EmptyObjectReturnValsMutator,getProjektId,410,NO_COVERAGE,none
NaOpNuDaoService.java,ch.bfh.egov.nutzenportfolio.service.fragebogen.NaOpNuDaoService,org.pitest.mutationtest.engine.gregor.mutators.NegateConditionalsMutator,getProjektId,401,SURVIVED,none
NaOpNuDaoService.java,ch.bfh.egov.nutzenportfolio.service.fragebogen.NaOpNuDaoService,org.pitest.mutationtest.engine.gregor.mutators.NegateConditionalsMutator,getProjektId,407,NO_COVERAGE,none
NaOpNuDaoService.java,ch.bfh.egov.nutzenportfolio.service.fragebogen.NaOpNuDaoService,org.pitest.mutationtest.engine.gregor.mutators.NonVoidMethodCallMutator,getProjektId,402,SURVIVED,none
NaOpNuDaoService.java,ch.bfh.egov.nutzenportfolio.service.fragebogen.NaOpNuDaoService,org.pitest.mutationtest.engine.gregor.mutators.NonVoidMethodCallMutator,getProjektId,406,NO_COVERAGE,none
NaOpNuDaoService.java,ch.bfh.egov.nutzenportfolio.service.fragebogen.NaOpNuDaoService,org.pitest.mutationtest.engine.gregor.mutators.NonVoidMethodCallMutator,getProjektId,410,NO_COVERAGE,none
NaOpNuDaoService.java,ch.bfh.egov.nutzenportfolio.service.fragebogen.NaOpNuDaoService,org.pitest.mutationtest.engine.gregor.mutators.RemoveConditionalMutator_EQUAL_ELSE,getProjektId,401,SURVIVED,none
NaOpNuDaoService.java,ch.bfh.egov.nutzenportfolio.service.fragebogen.NaOpNuDaoService,org.pitest.mutationtest.engine.gregor.mutators.RemoveConditionalMutator_EQUAL_ELSE,getProjektId,407,NO_COVERAGE,none
NaOpNuDaoService.java,ch.bfh.egov.nutzenportfolio.service.fragebogen.NaOpNuDaoService,org.pitest.mutationtest.engine.gregor.mutators.RemoveConditionalMutator_EQUAL_IF,getProjektId,401,SURVIVED,none
NaOpNuDaoService.java,ch.bfh.egov.nutzenportfolio.service.fragebogen.NaOpNuDaoService,org.pitest.mutationtest.engine.gregor.mutators.RemoveConditionalMutator_EQUAL_IF,getProjektId,407,NO_COVERAGE,none
NaOpNuDaoService.java,ch.bfh.egov.nutzenportfolio.service.fragebogen.NaOpNuDaoService,org.pitest.mutationtest.engine.gregor.mutators.ReturnValsMutator,getProjektId,408,NO_COVERAGE,none
NaOpNuDaoService.java,ch.bfh.egov.nutzenportfolio.service.fragebogen.NaOpNuDaoService,org.pitest.mutationtest.engine.gregor.mutators.ReturnValsMutator,getProjektId,410,NO_COVERAGE,none
NaOpNuDaoService.java,ch.bfh.egov.nutzenportfolio.service.fragebogen.NaOpNuDaoService,org.pitest.mutationtest.engine.gregor.mutators.ArgumentPropagationMutator,login,345,SURVIVED,none
NaOpNuDaoService.java,ch.bfh.egov.nutzenportfolio.service.fragebogen.NaOpNuDaoService,org.pitest.mutationtest.engine.gregor.mutators.ArgumentPropagationMutator,login,372,NO_COVERAGE,none
NaOpNuDaoService.java,ch.bfh.egov.nutzenportfolio.service.fragebogen.NaOpNuDaoService,org.pitest.mutationtest.engine.gregor.mutators.BooleanFalseReturnValsMutator,login,381,NO_COVERAGE,none
NaOpNuDaoService.java,ch.bfh.egov.nutzenportfolio.service.fragebogen.NaOpNuDaoService,org.pitest.mutationtest.engine.gregor.mutators.BooleanTrueReturnValsMutator,login,386,NO_COVERAGE,none
NaOpNuDaoService.java,ch.bfh.egov.nutzenportfolio.service.fragebogen.NaOpNuDaoService,org.pitest.mutationtest.engine.gregor.mutators.ConstructorCallMutator,login,356,SURVIVED,none
NaOpNuDaoService.java,ch.bfh.egov.nutzenportfolio.service.fragebogen.NaOpNuDaoService,org.pitest.mutationtest.engine.gregor.mutators.InlineConstantMutator,login,361,SURVIVED,none
NaOpNuDaoService.java,ch.bfh.egov.nutzenportfolio.service.fragebogen.NaOpNuDaoService,org.pitest.mutationtest.engine.gregor.mutators.InlineConstantMutator,login,362,NO_COVERAGE,none
NaOpNuDaoService.java,ch.bfh.egov.nutzenportfolio.service.fragebogen.NaOpNuDaoService,org.pitest.mutationtest.engine.gregor.mutators.InlineConstantMutator,login,363,NO_COVERAGE,none
NaOpNuDaoService.java,ch.bfh.egov.nutzenportfolio.service.fragebogen.NaOpNuDaoService,org.pitest.mutationtest.engine.gregor.mutators.InlineConstantMutator,login,366,NO_COVERAGE,none
NaOpNuDaoService.java,ch.bfh.egov.nutzenportfolio.service.fragebogen.NaOpNuDaoService,org.pitest.mutationtest.engine.gregor.mutators.InlineConstantMutator,login,367,NO_COVERAGE,none
NaOpNuDaoService.java,ch.bfh.egov.nutzenportfolio.service.fragebogen.NaOpNuDaoService,org.pitest.mutationtest.engine.gregor.mutators.InlineConstantMutator,login,381,NO_COVERAGE,none
NaOpNuDaoService.java,ch.bfh.egov.nutzenportfolio.service.fragebogen.NaOpNuDaoService,org.pitest.mutationtest.engine.gregor.mutators.InlineConstantMutator,login,386,NO_COVERAGE,none
NaOpNuDaoService.java,ch.bfh.egov.nutzenportfolio.service.fragebogen.NaOpNuDaoService,org.pitest.mutationtest.engine.gregor.mutators.NegateConditionalsMutator,login,361,SURVIVED,none
NaOpNuDaoService.java,ch.bfh.egov.nutzenportfolio.service.fragebogen.NaOpNuDaoService,org.pitest.mutationtest.engine.gregor.mutators.NegateConditionalsMutator,login,361,SURVIVED,none
NaOpNuDaoService.java,ch.bfh.egov.nutzenportfolio.service.fragebogen.NaOpNuDaoService,org.pitest.mutationtest.engine.gregor.mutators.NegateConditionalsMutator,login,373,NO_COVERAGE,none
NaOpNuDaoService.java,ch.bfh.egov.nutzenportfolio.service.fragebogen.NaOpNuDaoService,org.pitest.mutationtest.engine.gregor.mutators.NonVoidMethodCallMutator,login,345,SURVIVED,none
NaOpNuDaoService.java,ch.bfh.egov.nutzenportfolio.service.fragebogen.NaOpNuDaoService,org.pitest.mutationtest.engine.gregor.mutators.NonVoidMethodCallMutator,login,346,SURVIVED,none
NaOpNuDaoService.java,ch.bfh.egov.nutzenportfolio.service.fragebogen.NaOpNuDaoService,org.pitest.mutationtest.engine.gregor.mutators.NonVoidMethodCallMutator,login,347,SURVIVED,none
NaOpNuDaoService.java,ch.bfh.egov.nutzenportfolio.service.fragebogen.NaOpNuDaoService,org.pitest.mutationtest.engine.gregor.mutators.NonVoidMethodCallMutator,login,348,SURVIVED,none
NaOpNuDaoService.java,ch.bfh.egov.nutzenportfolio.service.fragebogen.NaOpNuDaoService,org.pitest.mutationtest.engine.gregor.mutators.NonVoidMethodCallMutator,login,355,SURVIVED,none
NaOpNuDaoService.java,ch.bfh.egov.nutzenportfolio.service.fragebogen.NaOpNuDaoService,org.pitest.mutationtest.engine.gregor.mutators.NonVoidMethodCallMutator,login,357,SURVIVED,none
NaOpNuDaoService.java,ch.bfh.egov.nutzenportfolio.service.fragebogen.NaOpNuDaoService,org.pitest.mutationtest.engine.gregor.mutators.NonVoidMethodCallMutator,login,361,SURVIVED,none
NaOpNuDaoService.java,ch.bfh.egov.nutzenportfolio.service.fragebogen.NaOpNuDaoService,org.pitest.mutationtest.engine.gregor.mutators.NonVoidMethodCallMutator,login,362,NO_COVERAGE,none
NaOpNuDaoService.java,ch.bfh.egov.nutzenportfolio.service.fragebogen.NaOpNuDaoService,org.pitest.mutationtest.engine.gregor.mutators.NonVoidMethodCallMutator,login,363,NO_COVERAGE,none
NaOpNuDaoService.java,ch.bfh.egov.nutzenportfolio.service.fragebogen.NaOpNuDaoService,org.pitest.mutationtest.engine.gregor.mutators.NonVoidMethodCallMutator,login,366,NO_COVERAGE,none
NaOpNuDaoService.java,ch.bfh.egov.nutzenportfolio.service.fragebogen.NaOpNuDaoService,org.pitest.mutationtest.engine.gregor.mutators.NonVoidMethodCallMutator,login,367,NO_COVERAGE,none
NaOpNuDaoService.java,ch.bfh.egov.nutzenportfolio.service.fragebogen.NaOpNuDaoService,org.pitest.mutationtest.engine.gregor.mutators.NonVoidMethodCallMutator,login,372,NO_COVERAGE,none
NaOpNuDaoService.java,ch.bfh.egov.nutzenportfolio.service.fragebogen.NaOpNuDaoService,org.pitest.mutationtest.engine.gregor.mutators.RemoveConditionalMutator_EQUAL_ELSE,login,361,SURVIVED,none
NaOpNuDaoService.java,ch.bfh.egov.nutzenportfolio.service.fragebogen.NaOpNuDaoService,org.pitest.mutationtest.engine.gregor.mutators.RemoveConditionalMutator_EQUAL_ELSE,login,361,SURVIVED,none
NaOpNuDaoService.java,ch.bfh.egov.nutzenportfolio.service.fragebogen.NaOpNuDaoService,org.pitest.mutationtest.engine.gregor.mutators.RemoveConditionalMutator_EQUAL_ELSE,login,373,NO_COVERAGE,none
NaOpNuDaoService.java,ch.bfh.egov.nutzenportfolio.service.fragebogen.NaOpNuDaoService,org.pitest.mutationtest.engine.gregor.mutators.RemoveConditionalMutator_EQUAL_IF,login,361,SURVIVED,none
NaOpNuDaoService.java,ch.bfh.egov.nutzenportfolio.service.fragebogen.NaOpNuDaoService,org.pitest.mutationtest.engine.gregor.mutators.RemoveConditionalMutator_EQUAL_IF,login,361,SURVIVED,none
NaOpNuDaoService.java,ch.bfh.egov.nutzenportfolio.service.fragebogen.NaOpNuDaoService,org.pitest.mutationtest.engine.gregor.mutators.RemoveConditionalMutator_EQUAL_IF,login,373,NO_COVERAGE,none
NaOpNuDaoService.java,ch.bfh.egov.nutzenportfolio.service.fragebogen.NaOpNuDaoService,org.pitest.mutationtest.engine.gregor.mutators.ReturnValsMutator,login,381,NO_COVERAGE,none
NaOpNuDaoService.java,ch.bfh.egov.nutzenportfolio.service.fragebogen.NaOpNuDaoService,org.pitest.mutationtest.engine.gregor.mutators.ReturnValsMutator,login,386,NO_COVERAGE,none
NaOpNuDaoService.java,ch.bfh.egov.nutzenportfolio.service.fragebogen.NaOpNuDaoService,org.pitest.mutationtest.engine.gregor.mutators.VoidMethodCallMutator,login,357,SURVIVED,none
NaOpNuDaoService.java,ch.bfh.egov.nutzenportfolio.service.fragebogen.NaOpNuDaoService,org.pitest.mutationtest.engine.gregor.mutators.VoidMethodCallMutator,login,358,SURVIVED,none
NaOpNuDaoService.java,ch.bfh.egov.nutzenportfolio.service.fragebogen.NaOpNuDaoService,org.pitest.mutationtest.engine.gregor.mutators.VoidMethodCallMutator,login,362,NO_COVERAGE,none
NaOpNuDaoService.java,ch.bfh.egov.nutzenportfolio.service.fragebogen.NaOpNuDaoService,org.pitest.mutationtest.engine.gregor.mutators.VoidMethodCallMutator,login,363,NO_COVERAGE,none
NaOpNuDaoService.java,ch.bfh.egov.nutzenportfolio.service.fragebogen.NaOpNuDaoService,org.pitest.mutationtest.engine.gregor.mutators.VoidMethodCallMutator,login,366,NO_COVERAGE,none
NaOpNuDaoService.java,ch.bfh.egov.nutzenportfolio.service.fragebogen.NaOpNuDaoService,org.pitest.mutationtest.engine.gregor.mutators.VoidMethodCallMutator,login,367,NO_COVERAGE,none
NaOpNuDaoService.java,ch.bfh.egov.nutzenportfolio.service.fragebogen.NaOpNuDaoService,org.pitest.mutationtest.engine.gregor.mutators.VoidMethodCallMutator,login,377,NO_COVERAGE,none
NaOpNuDaoService.java,ch.bfh.egov.nutzenportfolio.service.fragebogen.NaOpNuDaoService,org.pitest.mutationtest.engine.gregor.mutators.VoidMethodCallMutator,login,378,NO_COVERAGE,none
NaOpNuDaoService.java,ch.bfh.egov.nutzenportfolio.service.fragebogen.NaOpNuDaoService,org.pitest.mutationtest.engine.gregor.mutators.VoidMethodCallMutator,login,379,NO_COVERAGE,none
NaOpNuDaoService.java,ch.bfh.egov.nutzenportfolio.service.fragebogen.NaOpNuDaoService,org.pitest.mutationtest.engine.gregor.mutators.VoidMethodCallMutator,login,380,NO_COVERAGE,none
NaOpNuDaoService.java,ch.bfh.egov.nutzenportfolio.service.fragebogen.NaOpNuDaoService,org.pitest.mutationtest.engine.gregor.mutators.BooleanFalseReturnValsMutator,prepare,203,NO_COVERAGE,none
NaOpNuDaoService.java,ch.bfh.egov.nutzenportfolio.service.fragebogen.NaOpNuDaoService,org.pitest.mutationtest.engine.gregor.mutators.BooleanTrueReturnValsMutator,prepare,122,NO_COVERAGE,none
NaOpNuDaoService.java,ch.bfh.egov.nutzenportfolio.service.fragebogen.NaOpNuDaoService,org.pitest.mutationtest.engine.gregor.mutators.ConditionalsBoundaryMutator,prepare,190,NO_COVERAGE,none
NaOpNuDaoService.java,ch.bfh.egov.nutzenportfolio.service.fragebogen.NaOpNuDaoService,org.pitest.mutationtest.engine.gregor.mutators.ConstructorCallMutator,prepare,126,NO_COVERAGE,none
NaOpNuDaoService.java,ch.bfh.egov.nutzenportfolio.service.fragebogen.NaOpNuDaoService,org.pitest.mutationtest.engine.gregor.mutators.ConstructorCallMutator,prepare,156,NO_COVERAGE,none
NaOpNuDaoService.java,ch.bfh.egov.nutzenportfolio.service.fragebogen.NaOpNuDaoService,org.pitest.mutationtest.engine.gregor.mutators.InlineConstantMutator,prepare,122,NO_COVERAGE,none
NaOpNuDaoService.java,ch.bfh.egov.nutzenportfolio.service.fragebogen.NaOpNuDaoService,org.pitest.mutationtest.engine.gregor.mutators.InlineConstantMutator,prepare,129,NO_COVERAGE,none
NaOpNuDaoService.java,ch.bfh.egov.nutzenportfolio.service.fragebogen.NaOpNuDaoService,org.pitest.mutationtest.engine.gregor.mutators.InlineConstantMutator,prepare,130,NO_COVERAGE,none
NaOpNuDaoService.java,ch.bfh.egov.nutzenportfolio.service.fragebogen.NaOpNuDaoService,org.pitest.mutationtest.engine.gregor.mutators.InlineConstantMutator,prepare,131,NO_COVERAGE,none
NaOpNuDaoService.java,ch.bfh.egov.nutzenportfolio.service.fragebogen.NaOpNuDaoService,org.pitest.mutationtest.engine.gregor.mutators.InlineConstantMutator,prepare,132,NO_COVERAGE,none
NaOpNuDaoService.java,ch.bfh.egov.nutzenportfolio.service.fragebogen.NaOpNuDaoService,org.pitest.mutationtest.engine.gregor.mutators.InlineConstantMutator,prepare,133,NO_COVERAGE,none
NaOpNuDaoService.java,ch.bfh.egov.nutzenportfolio.service.fragebogen.NaOpNuDaoService,org.pitest.mutationtest.engine.gregor.mutators.InlineConstantMutator,prepare,138,NO_COVERAGE,none
NaOpNuDaoService.java,ch.bfh.egov.nutzenportfolio.service.fragebogen.NaOpNuDaoService,org.pitest.mutationtest.engine.gregor.mutators.InlineConstantMutator,prepare,139,NO_COVERAGE,none
NaOpNuDaoService.java,ch.bfh.egov.nutzenportfolio.service.fragebogen.NaOpNuDaoService,org.pitest.mutationtest.engine.gregor.mutators.InlineConstantMutator,prepare,140,NO_COVERAGE,none
NaOpNuDaoService.java,ch.bfh.egov.nutzenportfolio.service.fragebogen.NaOpNuDaoService,org.pitest.mutationtest.engine.gregor.mutators.InlineConstantMutator,prepare,172,NO_COVERAGE,none
NaOpNuDaoService.java,ch.bfh.egov.nutzenportfolio.service.fragebogen.NaOpNuDaoService,org.pitest.mutationtest.engine.gregor.mutators.InlineConstantMutator,prepare,173,NO_COVERAGE,none
NaOpNuDaoService.java,ch.bfh.egov.nutzenportfolio.service.fragebogen.NaOpNuDaoService,org.pitest.mutationtest.engine.gregor.mutators.InlineConstantMutator,prepare,184,NO_COVERAGE,none
NaOpNuDaoService.java,ch.bfh.egov.nutzenportfolio.service.fragebogen.NaOpNuDaoService,org.pitest.mutationtest.engine.gregor.mutators.InlineConstantMutator,prepare,185,NO_COVERAGE,none
NaOpNuDaoService.java,ch.bfh.egov.nutzenportfolio.service.fragebogen.NaOpNuDaoService,org.pitest.mutationtest.engine.gregor.mutators.InlineConstantMutator,prepare,203,NO_COVERAGE,none
NaOpNuDaoService.java,ch.bfh.egov.nutzenportfolio.service.fragebogen.NaOpNuDaoService,org.pitest.mutationtest.engine.gregor.mutators.NegateConditionalsMutator,prepare,121,SURVIVED,none
NaOpNuDaoService.java,ch.bfh.egov.nutzenportfolio.service.fragebogen.NaOpNuDaoService,org.pitest.mutationtest.engine.gregor.mutators.NegateConditionalsMutator,prepare,129,NO_COVERAGE,none
NaOpNuDaoService.java,ch.bfh.egov.nutzenportfolio.service.fragebogen.NaOpNuDaoService,org.pitest.mutationtest.engine.gregor.mutators.NegateConditionalsMutator,prepare,129,NO_COVERAGE,none
NaOpNuDaoService.java,ch.bfh.egov.nutzenportfolio.service.fragebogen.NaOpNuDaoService,org.pitest.mutationtest.engine.gregor.mutators.NegateConditionalsMutator,prepare,167,NO_COVERAGE,none
NaOpNuDaoService.java,ch.bfh.egov.nutzenportfolio.service.fragebogen.NaOpNuDaoService,org.pitest.mutationtest.engine.gregor.mutators.NegateConditionalsMutator,prepare,179,NO_COVERAGE,none
NaOpNuDaoService.java,ch.bfh.egov.nutzenportfolio.service.fragebogen.NaOpNuDaoService,org.pitest.mutationtest.engine.gregor.mutators.NegateConditionalsMutator,prepare,190,NO_COVERAGE,none
NaOpNuDaoService.java,ch.bfh.egov.nutzenportfolio.service.fragebogen.NaOpNuDaoService,org.pitest.mutationtest.engine.gregor.mutators.NegateConditionalsMutator,prepare,193,NO_COVERAGE,none
NaOpNuDaoService.java,ch.bfh.egov.nutzenportfolio.service.fragebogen.NaOpNuDaoService,org.pitest.mutationtest.engine.gregor.mutators.NonVoidMethodCallMutator,prepare,115,KILLED,ch.bfh.egov.nutzenportfolio.service.fragebogen.NaOpNuDaoService_ESTest.test1
NaOpNuDaoService.java,ch.bfh.egov.nutzenportfolio.service.fragebogen.NaOpNuDaoService,org.pitest.mutationtest.engine.gregor.mutators.NonVoidMethodCallMutator,prepare,116,SURVIVED,none
NaOpNuDaoService.java,ch.bfh.egov.nutzenportfolio.service.fragebogen.NaOpNuDaoService,org.pitest.mutationtest.engine.gregor.mutators.NonVoidMethodCallMutator,prepare,117,SURVIVED,none
NaOpNuDaoService.java,ch.bfh.egov.nutzenportfolio.service.fragebogen.NaOpNuDaoService,org.pitest.mutationtest.engine.gregor.mutators.NonVoidMethodCallMutator,prepare,121,SURVIVED,none
NaOpNuDaoService.java,ch.bfh.egov.nutzenportfolio.service.fragebogen.NaOpNuDaoService,org.pitest.mutationtest.engine.gregor.mutators.NonVoidMethodCallMutator,prepare,129,NO_COVERAGE,none
NaOpNuDaoService.java,ch.bfh.egov.nutzenportfolio.service.fragebogen.NaOpNuDaoService,org.pitest.mutationtest.engine.gregor.mutators.NonVoidMethodCallMutator,prepare,130,NO_COVERAGE,none
NaOpNuDaoService.java,ch.bfh.egov.nutzenportfolio.service.fragebogen.NaOpNuDaoService,org.pitest.mutationtest.engine.gregor.mutators.NonVoidMethodCallMutator,prepare,131,NO_COVERAGE,none
NaOpNuDaoService.java,ch.bfh.egov.nutzenportfolio.service.fragebogen.NaOpNuDaoService,org.pitest.mutationtest.engine.gregor.mutators.NonVoidMethodCallMutator,prepare,132,NO_COVERAGE,none
NaOpNuDaoService.java,ch.bfh.egov.nutzenportfolio.service.fragebogen.NaOpNuDaoService,org.pitest.mutationtest.engine.gregor.mutators.NonVoidMethodCallMutator,prepare,133,NO_COVERAGE,none
NaOpNuDaoService.java,ch.bfh.egov.nutzenportfolio.service.fragebogen.NaOpNuDaoService,org.pitest.mutationtest.engine.gregor.mutators.NonVoidMethodCallMutator,prepare,138,NO_COVERAGE,none
NaOpNuDaoService.java,ch.bfh.egov.nutzenportfolio.service.fragebogen.NaOpNuDaoService,org.pitest.mutationtest.engine.gregor.mutators.NonVoidMethodCallMutator,prepare,139,NO_COVERAGE,none
NaOpNuDaoService.java,ch.bfh.egov.nutzenportfolio.service.fragebogen.NaOpNuDaoService,org.pitest.mutationtest.engine.gregor.mutators.NonVoidMethodCallMutator,prepare,140,NO_COVERAGE,none
NaOpNuDaoService.java,ch.bfh.egov.nutzenportfolio.service.fragebogen.NaOpNuDaoService,org.pitest.mutationtest.engine.gregor.mutators.NonVoidMethodCallMutator,prepare,146,NO_COVERAGE,none
NaOpNuDaoService.java,ch.bfh.egov.nutzenportfolio.service.fragebogen.NaOpNuDaoService,org.pitest.mutationtest.engine.gregor.mutators.NonVoidMethodCallMutator,prepare,151,NO_COVERAGE,none
NaOpNuDaoService.java,ch.bfh.egov.nutzenportfolio.service.fragebogen.NaOpNuDaoService,org.pitest.mutationtest.engine.gregor.mutators.NonVoidMethodCallMutator,prepare,157,NO_COVERAGE,none
NaOpNuDaoService.java,ch.bfh.egov.nutzenportfolio.service.fragebogen.NaOpNuDaoService,org.pitest.mutationtest.engine.gregor.mutators.NonVoidMethodCallMutator,prepare,158,NO_COVERAGE,none
NaOpNuDaoService.java,ch.bfh.egov.nutzenportfolio.service.fragebogen.NaOpNuDaoService,org.pitest.mutationtest.engine.gregor.mutators.NonVoidMethodCallMutator,prepare,159,NO_COVERAGE,none
NaOpNuDaoService.java,ch.bfh.egov.nutzenportfolio.service.fragebogen.NaOpNuDaoService,org.pitest.mutationtest.engine.gregor.mutators.NonVoidMethodCallMutator,prepare,166,NO_COVERAGE,none
NaOpNuDaoService.java,ch.bfh.egov.nutzenportfolio.service.fragebogen.NaOpNuDaoService,org.pitest.mutationtest.engine.gregor.mutators.NonVoidMethodCallMutator,prepare,167,NO_COVERAGE,none
NaOpNuDaoService.java,ch.bfh.egov.nutzenportfolio.service.fragebogen.NaOpNuDaoService,org.pitest.mutationtest.engine.gregor.mutators.NonVoidMethodCallMutator,prepare,168,NO_COVERAGE,none
NaOpNuDaoService.java,ch.bfh.egov.nutzenportfolio.service.fragebogen.NaOpNuDaoService,org.pitest.mutationtest.engine.gregor.mutators.NonVoidMethodCallMutator,prepare,169,NO_COVERAGE,none
NaOpNuDaoService.java,ch.bfh.egov.nutzenportfolio.service.fragebogen.NaOpNuDaoService,org.pitest.mutationtest.engine.gregor.mutators.NonVoidMethodCallMutator,prepare,172,NO_COVERAGE,none
NaOpNuDaoService.java,ch.bfh.egov.nutzenportfolio.service.fragebogen.NaOpNuDaoService,org.pitest.mutationtest.engine.gregor.mutators.NonVoidMethodCallMutator,prepare,173,NO_COVERAGE,none
NaOpNuDaoService.java,ch.bfh.egov.nutzenportfolio.service.fragebogen.NaOpNuDaoService,org.pitest.mutationtest.engine.gregor.mutators.NonVoidMethodCallMutator,prepare,174,NO_COVERAGE,none
NaOpNuDaoService.java,ch.bfh.egov.nutzenportfolio.service.fragebogen.NaOpNuDaoService,org.pitest.mutationtest.engine.gregor.mutators.NonVoidMethodCallMutator,prepare,180,NO_COVERAGE,none
NaOpNuDaoService.java,ch.bfh.egov.nutzenportfolio.service.fragebogen.NaOpNuDaoService,org.pitest.mutationtest.engine.gregor.mutators.NonVoidMethodCallMutator,prepare,180,NO_COVERAGE,none
NaOpNuDaoService.java,ch.bfh.egov.nutzenportfolio.service.fragebogen.NaOpNuDaoService,org.pitest.mutationtest.engine.gregor.mutators.NonVoidMethodCallMutator,prepare,184,NO_COVERAGE,none
NaOpNuDaoService.java,ch.bfh.egov.nutzenportfolio.service.fragebogen.NaOpNuDaoService,org.pitest.mutationtest.engine.gregor.mutators.NonVoidMethodCallMutator,prepare,185,NO_COVERAGE,none
NaOpNuDaoService.java,ch.bfh.egov.nutzenportfolio.service.fragebogen.NaOpNuDaoService,org.pitest.mutationtest.engine.gregor.mutators.NonVoidMethodCallMutator,prepare,186,NO_COVERAGE,none
NaOpNuDaoService.java,ch.bfh.egov.nutzenportfolio.service.fragebogen.NaOpNuDaoService,org.pitest.mutationtest.engine.gregor.mutators.NonVoidMethodCallMutator,prepare,190,NO_COVERAGE,none
NaOpNuDaoService.java,ch.bfh.egov.nutzenportfolio.service.fragebogen.NaOpNuDaoService,org.pitest.mutationtest.engine.gregor.mutators.NonVoidMethodCallMutator,prepare,194,NO_COVERAGE,none
NaOpNuDaoService.java,ch.bfh.egov.nutzenportfolio.service.fragebogen.NaOpNuDaoService,org.pitest.mutationtest.engine.gregor.mutators.NonVoidMethodCallMutator,prepare,194,NO_COVERAGE,none
NaOpNuDaoService.java,ch.bfh.egov.nutzenportfolio.service.fragebogen.NaOpNuDaoService,org.pitest.mutationtest.engine.gregor.mutators.RemoveConditionalMutator_EQUAL_ELSE,prepare,121,SURVIVED,none
NaOpNuDaoService.java,ch.bfh.egov.nutzenportfolio.service.fragebogen.NaOpNuDaoService,org.pitest.mutationtest.engine.gregor.mutators.RemoveConditionalMutator_EQUAL_ELSE,prepare,129,NO_COVERAGE,none
NaOpNuDaoService.java,ch.bfh.egov.nutzenportfolio.service.fragebogen.NaOpNuDaoService,org.pitest.mutationtest.engine.gregor.mutators.RemoveConditionalMutator_EQUAL_ELSE,prepare,129,NO_COVERAGE,none
NaOpNuDaoService.java,ch.bfh.egov.nutzenportfolio.service.fragebogen.NaOpNuDaoService,org.pitest.mutationtest.engine.gregor.mutators.RemoveConditionalMutator_EQUAL_ELSE,prepare,167,NO_COVERAGE,none
NaOpNuDaoService.java,ch.bfh.egov.nutzenportfolio.service.fragebogen.NaOpNuDaoService,org.pitest.mutationtest.engine.gregor.mutators.RemoveConditionalMutator_EQUAL_ELSE,prepare,179,NO_COVERAGE,none
NaOpNuDaoService.java,ch.bfh.egov.nutzenportfolio.service.fragebogen.NaOpNuDaoService,org.pitest.mutationtest.engine.gregor.mutators.RemoveConditionalMutator_EQUAL_ELSE,prepare,193,NO_COVERAGE,none
NaOpNuDaoService.java,ch.bfh.egov.nutzenportfolio.service.fragebogen.NaOpNuDaoService,org.pitest.mutationtest.engine.gregor.mutators.RemoveConditionalMutator_EQUAL_IF,prepare,121,SURVIVED,none
NaOpNuDaoService.java,ch.bfh.egov.nutzenportfolio.service.fragebogen.NaOpNuDaoService,org.pitest.mutationtest.engine.gregor.mutators.RemoveConditionalMutator_EQUAL_IF,prepare,129,NO_COVERAGE,none
NaOpNuDaoService.java,ch.bfh.egov.nutzenportfolio.service.fragebogen.NaOpNuDaoService,org.pitest.mutationtest.engine.gregor.mutators.RemoveConditionalMutator_EQUAL_IF,prepare,129,NO_COVERAGE,none
NaOpNuDaoService.java,ch.bfh.egov.nutzenportfolio.service.fragebogen.NaOpNuDaoService,org.pitest.mutationtest.engine.gregor.mutators.RemoveConditionalMutator_EQUAL_IF,prepare,167,NO_COVERAGE,none
NaOpNuDaoService.java,ch.bfh.egov.nutzenportfolio.service.fragebogen.NaOpNuDaoService,org.pitest.mutationtest.engine.gregor.mutators.RemoveConditionalMutator_EQUAL_IF,prepare,179,NO_COVERAGE,none
NaOpNuDaoService.java,ch.bfh.egov.nutzenportfolio.service.fragebogen.NaOpNuDaoService,org.pitest.mutationtest.engine.gregor.mutators.RemoveConditionalMutator_EQUAL_IF,prepare,193,NO_COVERAGE,none
NaOpNuDaoService.java,ch.bfh.egov.nutzenportfolio.service.fragebogen.NaOpNuDaoService,org.pitest.mutationtest.engine.gregor.mutators.RemoveConditionalMutator_ORDER_ELSE,prepare,190,NO_COVERAGE,none
NaOpNuDaoService.java,ch.bfh.egov.nutzenportfolio.service.fragebogen.NaOpNuDaoService,org.pitest.mutationtest.engine.gregor.mutators.RemoveConditionalMutator_ORDER_IF,prepare,190,NO_COVERAGE,none
NaOpNuDaoService.java,ch.bfh.egov.nutzenportfolio.service.fragebogen.NaOpNuDaoService,org.pitest.mutationtest.engine.gregor.mutators.ReturnValsMutator,prepare,122,NO_COVERAGE,none
NaOpNuDaoService.java,ch.bfh.egov.nutzenportfolio.service.fragebogen.NaOpNuDaoService,org.pitest.mutationtest.engine.gregor.mutators.ReturnValsMutator,prepare,203,NO_COVERAGE,none
NaOpNuDaoService.java,ch.bfh.egov.nutzenportfolio.service.fragebogen.NaOpNuDaoService,org.pitest.mutationtest.engine.gregor.mutators.VoidMethodCallMutator,prepare,118,SURVIVED,none
NaOpNuDaoService.java,ch.bfh.egov.nutzenportfolio.service.fragebogen.NaOpNuDaoService,org.pitest.mutationtest.engine.gregor.mutators.VoidMethodCallMutator,prepare,130,NO_COVERAGE,none
NaOpNuDaoService.java,ch.bfh.egov.nutzenportfolio.service.fragebogen.NaOpNuDaoService,org.pitest.mutationtest.engine.gregor.mutators.VoidMethodCallMutator,prepare,131,NO_COVERAGE,none
NaOpNuDaoService.java,ch.bfh.egov.nutzenportfolio.service.fragebogen.NaOpNuDaoService,org.pitest.mutationtest.engine.gregor.mutators.VoidMethodCallMutator,prepare,132,NO_COVERAGE,none
NaOpNuDaoService.java,ch.bfh.egov.nutzenportfolio.service.fragebogen.NaOpNuDaoService,org.pitest.mutationtest.engine.gregor.mutators.VoidMethodCallMutator,prepare,133,NO_COVERAGE,none
NaOpNuDaoService.java,ch.bfh.egov.nutzenportfolio.service.fragebogen.NaOpNuDaoService,org.pitest.mutationtest.engine.gregor.mutators.VoidMethodCallMutator,prepare,138,NO_COVERAGE,none
NaOpNuDaoService.java,ch.bfh.egov.nutzenportfolio.service.fragebogen.NaOpNuDaoService,org.pitest.mutationtest.engine.gregor.mutators.VoidMethodCallMutator,prepare,139,NO_COVERAGE,none
NaOpNuDaoService.java,ch.bfh.egov.nutzenportfolio.service.fragebogen.NaOpNuDaoService,org.pitest.mutationtest.engine.gregor.mutators.VoidMethodCallMutator,prepare,140,NO_COVERAGE,none
NaOpNuDaoService.java,ch.bfh.egov.nutzenportfolio.service.fragebogen.NaOpNuDaoService,org.pitest.mutationtest.engine.gregor.mutators.VoidMethodCallMutator,prepare,143,NO_COVERAGE,none
NaOpNuDaoService.java,ch.bfh.egov.nutzenportfolio.service.fragebogen.NaOpNuDaoService,org.pitest.mutationtest.engine.gregor.mutators.VoidMethodCallMutator,prepare,148,NO_COVERAGE,none
NaOpNuDaoService.java,ch.bfh.egov.nutzenportfolio.service.fragebogen.NaOpNuDaoService,org.pitest.mutationtest.engine.gregor.mutators.VoidMethodCallMutator,prepare,157,NO_COVERAGE,none
NaOpNuDaoService.java,ch.bfh.egov.nutzenportfolio.service.fragebogen.NaOpNuDaoService,org.pitest.mutationtest.engine.gregor.mutators.VoidMethodCallMutator,prepare,158,NO_COVERAGE,none
NaOpNuDaoService.java,ch.bfh.egov.nutzenportfolio.service.fragebogen.NaOpNuDaoService,org.pitest.mutationtest.engine.gregor.mutators.VoidMethodCallMutator,prepare,159,NO_COVERAGE,none
NaOpNuDaoService.java,ch.bfh.egov.nutzenportfolio.service.fragebogen.NaOpNuDaoService,org.pitest.mutationtest.engine.gregor.mutators.VoidMethodCallMutator,prepare,169,NO_COVERAGE,none
NaOpNuDaoService.java,ch.bfh.egov.nutzenportfolio.service.fragebogen.NaOpNuDaoService,org.pitest.mutationtest.engine.gregor.mutators.VoidMethodCallMutator,prepare,172,NO_COVERAGE,none
NaOpNuDaoService.java,ch.bfh.egov.nutzenportfolio.service.fragebogen.NaOpNuDaoService,org.pitest.mutationtest.engine.gregor.mutators.VoidMethodCallMutator,prepare,173,NO_COVERAGE,none
NaOpNuDaoService.java,ch.bfh.egov.nutzenportfolio.service.fragebogen.NaOpNuDaoService,org.pitest.mutationtest.engine.gregor.mutators.VoidMethodCallMutator,prepare,178,NO_COVERAGE,none
NaOpNuDaoService.java,ch.bfh.egov.nutzenportfolio.service.fragebogen.NaOpNuDaoService,org.pitest.mutationtest.engine.gregor.mutators.VoidMethodCallMutator,prepare,184,NO_COVERAGE,none
NaOpNuDaoService.java,ch.bfh.egov.nutzenportfolio.service.fragebogen.NaOpNuDaoService,org.pitest.mutationtest.engine.gregor.mutators.VoidMethodCallMutator,prepare,185,NO_COVERAGE,none
NaOpNuDaoService.java,ch.bfh.egov.nutzenportfolio.service.fragebogen.NaOpNuDaoService,org.pitest.mutationtest.engine.gregor.mutators.VoidMethodCallMutator,prepare,191,NO_COVERAGE,none
NaOpNuDaoService.java,ch.bfh.egov.nutzenportfolio.service.fragebogen.NaOpNuDaoService,org.pitest.mutationtest.engine.gregor.mutators.VoidMethodCallMutator,prepare,198,NO_COVERAGE,none
NaOpNuDaoService.java,ch.bfh.egov.nutzenportfolio.service.fragebogen.NaOpNuDaoService,org.pitest.mutationtest.engine.gregor.mutators.VoidMethodCallMutator,prepare,200,NO_COVERAGE,none
NaOpNuDaoService.java,ch.bfh.egov.nutzenportfolio.service.fragebogen.NaOpNuDaoService,org.pitest.mutationtest.engine.gregor.mutators.VoidMethodCallMutator,prepare,201,NO_COVERAGE,none
NaOpNuDaoService.java,ch.bfh.egov.nutzenportfolio.service.fragebogen.NaOpNuDaoService,org.pitest.mutationtest.engine.gregor.mutators.VoidMethodCallMutator,prepare,202,NO_COVERAGE,none
NaOpNuDaoService.java,ch.bfh.egov.nutzenportfolio.service.fragebogen.NaOpNuDaoService,org.pitest.mutationtest.engine.gregor.mutators.ArgumentPropagationMutator,save,297,NO_COVERAGE,none
NaOpNuDaoService.java,ch.bfh.egov.nutzenportfolio.service.fragebogen.NaOpNuDaoService,org.pitest.mutationtest.engine.gregor.mutators.ConstructorCallMutator,save,293,NO_COVERAGE,none
NaOpNuDaoService.java,ch.bfh.egov.nutzenportfolio.service.fragebogen.NaOpNuDaoService,org.pitest.mutationtest.engine.gregor.mutators.InlineConstantMutator,save,232,SURVIVED,none
NaOpNuDaoService.java,ch.bfh.egov.nutzenportfolio.service.fragebogen.NaOpNuDaoService,org.pitest.mutationtest.engine.gregor.mutators.InlineConstantMutator,save,257,NO_COVERAGE,none
NaOpNuDaoService.java,ch.bfh.egov.nutzenportfolio.service.fragebogen.NaOpNuDaoService,org.pitest.mutationtest.engine.gregor.mutators.InlineConstantMutator,save,258,NO_COVERAGE,none
NaOpNuDaoService.java,ch.bfh.egov.nutzenportfolio.service.fragebogen.NaOpNuDaoService,org.pitest.mutationtest.engine.gregor.mutators.InlineConstantMutator,save,268,NO_COVERAGE,none
NaOpNuDaoService.java,ch.bfh.egov.nutzenportfolio.service.fragebogen.NaOpNuDaoService,org.pitest.mutationtest.engine.gregor.mutators.InlineConstantMutator,save,268,NO_COVERAGE,none
NaOpNuDaoService.java,ch.bfh.egov.nutzenportfolio.service.fragebogen.NaOpNuDaoService,org.pitest.mutationtest.engine.gregor.mutators.InlineConstantMutator,save,280,NO_COVERAGE,none
NaOpNuDaoService.java,ch.bfh.egov.nutzenportfolio.service.fragebogen.NaOpNuDaoService,org.pitest.mutationtest.engine.gregor.mutators.InlineConstantMutator,save,281,NO_COVERAGE,none
NaOpNuDaoService.java,ch.bfh.egov.nutzenportfolio.service.fragebogen.NaOpNuDaoService,org.pitest.mutationtest.engine.gregor.mutators.InlineConstantMutator,save,281,NO_COVERAGE,none
NaOpNuDaoService.java,ch.bfh.egov.nutzenportfolio.service.fragebogen.NaOpNuDaoService,org.pitest.mutationtest.engine.gregor.mutators.InlineConstantMutator,save,285,NO_COVERAGE,none
NaOpNuDaoService.java,ch.bfh.egov.nutzenportfolio.service.fragebogen.NaOpNuDaoService,org.pitest.mutationtest.engine.gregor.mutators.InlineConstantMutator,save,309,NO_COVERAGE,none
NaOpNuDaoService.java,ch.bfh.egov.nutzenportfolio.service.fragebogen.NaOpNuDaoService,org.pitest.mutationtest.engine.gregor.mutators.InlineConstantMutator,save,312,NO_COVERAGE,none
NaOpNuDaoService.java,ch.bfh.egov.nutzenportfolio.service.fragebogen.NaOpNuDaoService,org.pitest.mutationtest.engine.gregor.mutators.MathMutator,save,268,NO_COVERAGE,none
NaOpNuDaoService.java,ch.bfh.egov.nutzenportfolio.service.fragebogen.NaOpNuDaoService,org.pitest.mutationtest.engine.gregor.mutators.MathMutator,save,268,NO_COVERAGE,none
NaOpNuDaoService.java,ch.bfh.egov.nutzenportfolio.service.fragebogen.NaOpNuDaoService,org.pitest.mutationtest.engine.gregor.mutators.MathMutator,save,281,NO_COVERAGE,none
NaOpNuDaoService.java,ch.bfh.egov.nutzenportfolio.service.fragebogen.NaOpNuDaoService,org.pitest.mutationtest.engine.gregor.mutators.MathMutator,save,281,NO_COVERAGE,none
NaOpNuDaoService.java,ch.bfh.egov.nutzenportfolio.service.fragebogen.NaOpNuDaoService,org.pitest.mutationtest.engine.gregor.mutators.MathMutator,save,285,NO_COVERAGE,none
NaOpNuDaoService.java,ch.bfh.egov.nutzenportfolio.service.fragebogen.NaOpNuDaoService,org.pitest.mutationtest.engine.gregor.mutators.MathMutator,save,285,NO_COVERAGE,none
NaOpNuDaoService.java,ch.bfh.egov.nutzenportfolio.service.fragebogen.NaOpNuDaoService,org.pitest.mutationtest.engine.gregor.mutators.MathMutator,save,285,NO_COVERAGE,none
NaOpNuDaoService.java,ch.bfh.egov.nutzenportfolio.service.fragebogen.NaOpNuDaoService,org.pitest.mutationtest.engine.gregor.mutators.MathMutator,save,309,NO_COVERAGE,none
NaOpNuDaoService.java,ch.bfh.egov.nutzenportfolio.service.fragebogen.NaOpNuDaoService,org.pitest.mutationtest.engine.gregor.mutators.MathMutator,save,312,NO_COVERAGE,none
NaOpNuDaoService.java,ch.bfh.egov.nutzenportfolio.service.fragebogen.NaOpNuDaoService,org.pitest.mutationtest.engine.gregor.mutators.MathMutator,save,312,NO_COVERAGE,none
NaOpNuDaoService.java,ch.bfh.egov.nutzenportfolio.service.fragebogen.NaOpNuDaoService,org.pitest.mutationtest.engine.gregor.mutators.MathMutator,save,312,NO_COVERAGE,none
NaOpNuDaoService.java,ch.bfh.egov.nutzenportfolio.service.fragebogen.NaOpNuDaoService,org.pitest.mutationtest.engine.gregor.mutators.MathMutator,save,313,NO_COVERAGE,none
NaOpNuDaoService.java,ch.bfh.egov.nutzenportfolio.service.fragebogen.NaOpNuDaoService,org.pitest.mutationtest.engine.gregor.mutators.MathMutator,save,325,NO_COVERAGE,none
NaOpNuDaoService.java,ch.bfh.egov.nutzenportfolio.service.fragebogen.NaOpNuDaoService,org.pitest.mutationtest.engine.gregor.mutators.NegateConditionalsMutator,save,232,SURVIVED,none
NaOpNuDaoService.java,ch.bfh.egov.nutzenportfolio.service.fragebogen.NaOpNuDaoService,org.pitest.mutationtest.engine.gregor.mutators.NegateConditionalsMutator,save,232,SURVIVED,none
NaOpNuDaoService.java,ch.bfh.egov.nutzenportfolio.service.fragebogen.NaOpNuDaoService,org.pitest.mutationtest.engine.gregor.mutators.NegateConditionalsMutator,save,236,NO_COVERAGE,none
NaOpNuDaoService.java,ch.bfh.egov.nutzenportfolio.service.fragebogen.NaOpNuDaoService,org.pitest.mutationtest.engine.gregor.mutators.NegateConditionalsMutator,save,236,NO_COVERAGE,none
NaOpNuDaoService.java,ch.bfh.egov.nutzenportfolio.service.fragebogen.NaOpNuDaoService,org.pitest.mutationtest.engine.gregor.mutators.NegateConditionalsMutator,save,259,NO_COVERAGE,none
NaOpNuDaoService.java,ch.bfh.egov.nutzenportfolio.service.fragebogen.NaOpNuDaoService,org.pitest.mutationtest.engine.gregor.mutators.NegateConditionalsMutator,save,261,NO_COVERAGE,none
NaOpNuDaoService.java,ch.bfh.egov.nutzenportfolio.service.fragebogen.NaOpNuDaoService,org.pitest.mutationtest.engine.gregor.mutators.NegateConditionalsMutator,save,279,NO_COVERAGE,none
NaOpNuDaoService.java,ch.bfh.egov.nutzenportfolio.service.fragebogen.NaOpNuDaoService,org.pitest.mutationtest.engine.gregor.mutators.NegateConditionalsMutator,save,299,NO_COVERAGE,none
NaOpNuDaoService.java,ch.bfh.egov.nutzenportfolio.service.fragebogen.NaOpNuDaoService,org.pitest.mutationtest.engine.gregor.mutators.NegateConditionalsMutator,save,303,NO_COVERAGE,none
NaOpNuDaoService.java,ch.bfh.egov.nutzenportfolio.service.fragebogen.NaOpNuDaoService,org.pitest.mutationtest.engine.gregor.mutators.NegateConditionalsMutator,save,324,NO_COVERAGE,none
NaOpNuDaoService.java,ch.bfh.egov.nutzenportfolio.service.fragebogen.NaOpNuDaoService,org.pitest.mutationtest.engine.gregor.mutators.NonVoidMethodCallMutator,save,215,SURVIVED,none
NaOpNuDaoService.java,ch.bfh.egov.nutzenportfolio.service.fragebogen.NaOpNuDaoService,org.pitest.mutationtest.engine.gregor.mutators.NonVoidMethodCallMutator,save,216,SURVIVED,none
NaOpNuDaoService.java,ch.bfh.egov.nutzenportfolio.service.fragebogen.NaOpNuDaoService,org.pitest.mutationtest.engine.gregor.mutators.NonVoidMethodCallMutator,save,217,SURVIVED,none
NaOpNuDaoService.java,ch.bfh.egov.nutzenportfolio.service.fragebogen.NaOpNuDaoService,org.pitest.mutationtest.engine.gregor.mutators.NonVoidMethodCallMutator,save,218,SURVIVED,none
NaOpNuDaoService.java,ch.bfh.egov.nutzenportfolio.service.fragebogen.NaOpNuDaoService,org.pitest.mutationtest.engine.gregor.mutators.NonVoidMethodCallMutator,save,219,SURVIVED,none
NaOpNuDaoService.java,ch.bfh.egov.nutzenportfolio.service.fragebogen.NaOpNuDaoService,org.pitest.mutationtest.engine.gregor.mutators.NonVoidMethodCallMutator,save,232,SURVIVED,none
NaOpNuDaoService.java,ch.bfh.egov.nutzenportfolio.service.fragebogen.NaOpNuDaoService,org.pitest.mutationtest.engine.gregor.mutators.NonVoidMethodCallMutator,save,235,NO_COVERAGE,none
NaOpNuDaoService.java,ch.bfh.egov.nutzenportfolio.service.fragebogen.NaOpNuDaoService,org.pitest.mutationtest.engine.gregor.mutators.NonVoidMethodCallMutator,save,240,NO_COVERAGE,none
NaOpNuDaoService.java,ch.bfh.egov.nutzenportfolio.service.fragebogen.NaOpNuDaoService,org.pitest.mutationtest.engine.gregor.mutators.NonVoidMethodCallMutator,save,241,NO_COVERAGE,none
NaOpNuDaoService.java,ch.bfh.egov.nutzenportfolio.service.fragebogen.NaOpNuDaoService,org.pitest.mutationtest.engine.gregor.mutators.NonVoidMethodCallMutator,save,250,NO_COVERAGE,none
NaOpNuDaoService.java,ch.bfh.egov.nutzenportfolio.service.fragebogen.NaOpNuDaoService,org.pitest.mutationtest.engine.gregor.mutators.NonVoidMethodCallMutator,save,252,NO_COVERAGE,none
NaOpNuDaoService.java,ch.bfh.egov.nutzenportfolio.service.fragebogen.NaOpNuDaoService,org.pitest.mutationtest.engine.gregor.mutators.NonVoidMethodCallMutator,save,255,NO_COVERAGE,none
NaOpNuDaoService.java,ch.bfh.egov.nutzenportfolio.service.fragebogen.NaOpNuDaoService,org.pitest.mutationtest.engine.gregor.mutators.NonVoidMethodCallMutator,save,256,NO_COVERAGE,none
NaOpNuDaoService.java,ch.bfh.egov.nutzenportfolio.service.fragebogen.NaOpNuDaoService,org.pitest.mutationtest.engine.gregor.mutators.NonVoidMethodCallMutator,save,257,NO_COVERAGE,none
NaOpNuDaoService.java,ch.bfh.egov.nutzenportfolio.service.fragebogen.NaOpNuDaoService,org.pitest.mutationtest.engine.gregor.mutators.NonVoidMethodCallMutator,save,259,NO_COVERAGE,none
NaOpNuDaoService.java,ch.bfh.egov.nutzenportfolio.service.fragebogen.NaOpNuDaoService,org.pitest.mutationtest.engine.gregor.mutators.NonVoidMethodCallMutator,save,260,NO_COVERAGE,none
NaOpNuDaoService.java,ch.bfh.egov.nutzenportfolio.service.fragebogen.NaOpNuDaoService,org.pitest.mutationtest.engine.gregor.mutators.NonVoidMethodCallMutator,save,262,NO_COVERAGE,none
NaOpNuDaoService.java,ch.bfh.egov.nutzenportfolio.service.fragebogen.NaOpNuDaoService,org.pitest.mutationtest.engine.gregor.mutators.NonVoidMethodCallMutator,save,266,NO_COVERAGE,none
NaOpNuDaoService.java,ch.bfh.egov.nutzenportfolio.service.fragebogen.NaOpNuDaoService,org.pitest.mutationtest.engine.gregor.mutators.NonVoidMethodCallMutator,save,268,NO_COVERAGE,none
NaOpNuDaoService.java,ch.bfh.egov.nutzenportfolio.service.fragebogen.NaOpNuDaoService,org.pitest.mutationtest.engine.gregor.mutators.NonVoidMethodCallMutator,save,268,NO_COVERAGE,none
NaOpNuDaoService.java,ch.bfh.egov.nutzenportfolio.service.fragebogen.NaOpNuDaoService,org.pitest.mutationtest.engine.gregor.mutators.NonVoidMethodCallMutator,save,274,NO_COVERAGE,none
NaOpNuDaoService.java,ch.bfh.egov.nutzenportfolio.service.fragebogen.NaOpNuDaoService,org.pitest.mutationtest.engine.gregor.mutators.NonVoidMethodCallMutator,save,281,NO_COVERAGE,none
NaOpNuDaoService.java,ch.bfh.egov.nutzenportfolio.service.fragebogen.NaOpNuDaoService,org.pitest.mutationtest.engine.gregor.mutators.NonVoidMethodCallMutator,save,281,NO_COVERAGE,none
NaOpNuDaoService.java,ch.bfh.egov.nutzenportfolio.service.fragebogen.NaOpNuDaoService,org.pitest.mutationtest.engine.gregor.mutators.NonVoidMethodCallMutator,save,285,NO_COVERAGE,none
NaOpNuDaoService.java,ch.bfh.egov.nutzenportfolio.service.fragebogen.NaOpNuDaoService,org.pitest.mutationtest.engine.gregor.mutators.NonVoidMethodCallMutator,save,285,NO_COVERAGE,none
NaOpNuDaoService.java,ch.bfh.egov.nutzenportfolio.service.fragebogen.NaOpNuDaoService,org.pitest.mutationtest.engine.gregor.mutators.NonVoidMethodCallMutator,save,285,NO_COVERAGE,none
NaOpNuDaoService.java,ch.bfh.egov.nutzenportfolio.service.fragebogen.NaOpNuDaoService,org.pitest.mutationtest.engine.gregor.mutators.NonVoidMethodCallMutator,save,285,NO_COVERAGE,none
NaOpNuDaoService.java,ch.bfh.egov.nutzenportfolio.service.fragebogen.NaOpNuDaoService,org.pitest.mutationtest.engine.gregor.mutators.NonVoidMethodCallMutator,save,297,NO_COVERAGE,none
NaOpNuDaoService.java,ch.bfh.egov.nutzenportfolio.service.fragebogen.NaOpNuDaoService,org.pitest.mutationtest.engine.gregor.mutators.NonVoidMethodCallMutator,save,303,NO_COVERAGE,none
NaOpNuDaoService.java,ch.bfh.egov.nutzenportfolio.service.fragebogen.NaOpNuDaoService,org.pitest.mutationtest.engine.gregor.mutators.NonVoidMethodCallMutator,save,309,NO_COVERAGE,none
NaOpNuDaoService.java,ch.bfh.egov.nutzenportfolio.service.fragebogen.NaOpNuDaoService,org.pitest.mutationtest.engine.gregor.mutators.NonVoidMethodCallMutator,save,309,NO_COVERAGE,none
NaOpNuDaoService.java,ch.bfh.egov.nutzenportfolio.service.fragebogen.NaOpNuDaoService,org.pitest.mutationtest.engine.gregor.mutators.NonVoidMethodCallMutator,save,309,NO_COVERAGE,none
NaOpNuDaoService.java,ch.bfh.egov.nutzenportfolio.service.fragebogen.NaOpNuDaoService,org.pitest.mutationtest.engine.gregor.mutators.NonVoidMethodCallMutator,save,312,NO_COVERAGE,none
NaOpNuDaoService.java,ch.bfh.egov.nutzenportfolio.service.fragebogen.NaOpNuDaoService,org.pitest.mutationtest.engine.gregor.mutators.NonVoidMethodCallMutator,save,312,NO_COVERAGE,none
NaOpNuDaoService.java,ch.bfh.egov.nutzenportfolio.service.fragebogen.NaOpNuDaoService,org.pitest.mutationtest.engine.gregor.mutators.NonVoidMethodCallMutator,save,312,NO_COVERAGE,none
NaOpNuDaoService.java,ch.bfh.egov.nutzenportfolio.service.fragebogen.NaOpNuDaoService,org.pitest.mutationtest.engine.gregor.mutators.NonVoidMethodCallMutator,save,312,NO_COVERAGE,none
NaOpNuDaoService.java,ch.bfh.egov.nutzenportfolio.service.fragebogen.NaOpNuDaoService,org.pitest.mutationtest.engine.gregor.mutators.NonVoidMethodCallMutator,save,313,NO_COVERAGE,none
NaOpNuDaoService.java,ch.bfh.egov.nutzenportfolio.service.fragebogen.NaOpNuDaoService,org.pitest.mutationtest.engine.gregor.mutators.NonVoidMethodCallMutator,save,313,NO_COVERAGE,none
NaOpNuDaoService.java,ch.bfh.egov.nutzenportfolio.service.fragebogen.NaOpNuDaoService,org.pitest.mutationtest.engine.gregor.mutators.NonVoidMethodCallMutator,save,313,NO_COVERAGE,none
NaOpNuDaoService.java,ch.bfh.egov.nutzenportfolio.service.fragebogen.NaOpNuDaoService,org.pitest.mutationtest.engine.gregor.mutators.NonVoidMethodCallMutator,save,325,NO_COVERAGE,none
NaOpNuDaoService.java,ch.bfh.egov.nutzenportfolio.service.fragebogen.NaOpNuDaoService,org.pitest.mutationtest.engine.gregor.mutators.NonVoidMethodCallMutator,save,325,NO_COVERAGE,none
NaOpNuDaoService.java,ch.bfh.egov.nutzenportfolio.service.fragebogen.NaOpNuDaoService,org.pitest.mutationtest.engine.gregor.mutators.NonVoidMethodCallMutator,save,325,NO_COVERAGE,none
NaOpNuDaoService.java,ch.bfh.egov.nutzenportfolio.service.fragebogen.NaOpNuDaoService,org.pitest.mutationtest.engine.gregor.mutators.NonVoidMethodCallMutator,save,330,NO_COVERAGE,none
NaOpNuDaoService.java,ch.bfh.egov.nutzenportfolio.service.fragebogen.NaOpNuDaoService,org.pitest.mutationtest.engine.gregor.mutators.RemoveConditionalMutator_EQUAL_ELSE,save,232,SURVIVED,none
NaOpNuDaoService.java,ch.bfh.egov.nutzenportfolio.service.fragebogen.NaOpNuDaoService,org.pitest.mutationtest.engine.gregor.mutators.RemoveConditionalMutator_EQUAL_ELSE,save,232,SURVIVED,none
NaOpNuDaoService.java,ch.bfh.egov.nutzenportfolio.service.fragebogen.NaOpNuDaoService,org.pitest.mutationtest.engine.gregor.mutators.RemoveConditionalMutator_EQUAL_ELSE,save,236,NO_COVERAGE,none
NaOpNuDaoService.java,ch.bfh.egov.nutzenportfolio.service.fragebogen.NaOpNuDaoService,org.pitest.mutationtest.engine.gregor.mutators.RemoveConditionalMutator_EQUAL_ELSE,save,236,NO_COVERAGE,none
NaOpNuDaoService.java,ch.bfh.egov.nutzenportfolio.service.fragebogen.NaOpNuDaoService,org.pitest.mutationtest.engine.gregor.mutators.RemoveConditionalMutator_EQUAL_ELSE,save,259,NO_COVERAGE,none
NaOpNuDaoService.java,ch.bfh.egov.nutzenportfolio.service.fragebogen.NaOpNuDaoService,org.pitest.mutationtest.engine.gregor.mutators.RemoveConditionalMutator_EQUAL_ELSE,save,261,NO_COVERAGE,none
NaOpNuDaoService.java,ch.bfh.egov.nutzenportfolio.service.fragebogen.NaOpNuDaoService,org.pitest.mutationtest.engine.gregor.mutators.RemoveConditionalMutator_EQUAL_ELSE,save,279,NO_COVERAGE,none
NaOpNuDaoService.java,ch.bfh.egov.nutzenportfolio.service.fragebogen.NaOpNuDaoService,org.pitest.mutationtest.engine.gregor.mutators.RemoveConditionalMutator_EQUAL_ELSE,save,299,NO_COVERAGE,none
NaOpNuDaoService.java,ch.bfh.egov.nutzenportfolio.service.fragebogen.NaOpNuDaoService,org.pitest.mutationtest.engine.gregor.mutators.RemoveConditionalMutator_EQUAL_ELSE,save,303,NO_COVERAGE,none
NaOpNuDaoService.java,ch.bfh.egov.nutzenportfolio.service.fragebogen.NaOpNuDaoService,org.pitest.mutationtest.engine.gregor.mutators.RemoveConditionalMutator_EQUAL_ELSE,save,324,NO_COVERAGE,none
NaOpNuDaoService.java,ch.bfh.egov.nutzenportfolio.service.fragebogen.NaOpNuDaoService,org.pitest.mutationtest.engine.gregor.mutators.RemoveConditionalMutator_EQUAL_IF,save,232,SURVIVED,none
NaOpNuDaoService.java,ch.bfh.egov.nutzenportfolio.service.fragebogen.NaOpNuDaoService,org.pitest.mutationtest.engine.gregor.mutators.RemoveConditionalMutator_EQUAL_IF,save,232,SURVIVED,none
NaOpNuDaoService.java,ch.bfh.egov.nutzenportfolio.service.fragebogen.NaOpNuDaoService,org.pitest.mutationtest.engine.gregor.mutators.RemoveConditionalMutator_EQUAL_IF,save,236,NO_COVERAGE,none
NaOpNuDaoService.java,ch.bfh.egov.nutzenportfolio.service.fragebogen.NaOpNuDaoService,org.pitest.mutationtest.engine.gregor.mutators.RemoveConditionalMutator_EQUAL_IF,save,236,NO_COVERAGE,none
NaOpNuDaoService.java,ch.bfh.egov.nutzenportfolio.service.fragebogen.NaOpNuDaoService,org.pitest.mutationtest.engine.gregor.mutators.RemoveConditionalMutator_EQUAL_IF,save,259,NO_COVERAGE,none
NaOpNuDaoService.java,ch.bfh.egov.nutzenportfolio.service.fragebogen.NaOpNuDaoService,org.pitest.mutationtest.engine.gregor.mutators.RemoveConditionalMutator_EQUAL_IF,save,261,NO_COVERAGE,none
NaOpNuDaoService.java,ch.bfh.egov.nutzenportfolio.service.fragebogen.NaOpNuDaoService,org.pitest.mutationtest.engine.gregor.mutators.RemoveConditionalMutator_EQUAL_IF,save,279,NO_COVERAGE,none
NaOpNuDaoService.java,ch.bfh.egov.nutzenportfolio.service.fragebogen.NaOpNuDaoService,org.pitest.mutationtest.engine.gregor.mutators.RemoveConditionalMutator_EQUAL_IF,save,299,NO_COVERAGE,none
NaOpNuDaoService.java,ch.bfh.egov.nutzenportfolio.service.fragebogen.NaOpNuDaoService,org.pitest.mutationtest.engine.gregor.mutators.RemoveConditionalMutator_EQUAL_IF,save,303,NO_COVERAGE,none
NaOpNuDaoService.java,ch.bfh.egov.nutzenportfolio.service.fragebogen.NaOpNuDaoService,org.pitest.mutationtest.engine.gregor.mutators.RemoveConditionalMutator_EQUAL_IF,save,324,NO_COVERAGE,none
NaOpNuDaoService.java,ch.bfh.egov.nutzenportfolio.service.fragebogen.NaOpNuDaoService,org.pitest.mutationtest.engine.gregor.mutators.VoidMethodCallMutator,save,225,SURVIVED,none
NaOpNuDaoService.java,ch.bfh.egov.nutzenportfolio.service.fragebogen.NaOpNuDaoService,org.pitest.mutationtest.engine.gregor.mutators.VoidMethodCallMutator,save,226,SURVIVED,none
NaOpNuDaoService.java,ch.bfh.egov.nutzenportfolio.service.fragebogen.NaOpNuDaoService,org.pitest.mutationtest.engine.gregor.mutators.VoidMethodCallMutator,save,227,SURVIVED,none
NaOpNuDaoService.java,ch.bfh.egov.nutzenportfolio.service.fragebogen.NaOpNuDaoService,org.pitest.mutationtest.engine.gregor.mutators.VoidMethodCallMutator,save,228,SURVIVED,none
NaOpNuDaoService.java,ch.bfh.egov.nutzenportfolio.service.fragebogen.NaOpNuDaoService,org.pitest.mutationtest.engine.gregor.mutators.VoidMethodCallMutator,save,246,NO_COVERAGE,none
NaOpNuDaoService.java,ch.bfh.egov.nutzenportfolio.service.fragebogen.NaOpNuDaoService,org.pitest.mutationtest.engine.gregor.mutators.VoidMethodCallMutator,save,247,NO_COVERAGE,none
NaOpNuDaoService.java,ch.bfh.egov.nutzenportfolio.service.fragebogen.NaOpNuDaoService,org.pitest.mutationtest.engine.gregor.mutators.VoidMethodCallMutator,save,294,NO_COVERAGE,none
NaOpNuDaoService.java,ch.bfh.egov.nutzenportfolio.service.fragebogen.NaOpNuDaoService,org.pitest.mutationtest.engine.gregor.mutators.VoidMethodCallMutator,save,295,NO_COVERAGE,none
NaOpNuDaoService.java,ch.bfh.egov.nutzenportfolio.service.fragebogen.NaOpNuDaoService,org.pitest.mutationtest.engine.gregor.mutators.VoidMethodCallMutator,save,296,NO_COVERAGE,none
NaOpNuDaoService.java,ch.bfh.egov.nutzenportfolio.service.fragebogen.NaOpNuDaoService,org.pitest.mutationtest.engine.gregor.mutators.VoidMethodCallMutator,save,329,NO_COVERAGE,none
