MultivariateNormalMixtureExpectationMaximization.java,org.apache.commons.math3.distribution.fitting.MultivariateNormalMixtureExpectationMaximization,org.pitest.mutationtest.engine.gregor.mutators.ArgumentPropagationMutator,<init>,106,SURVIVED,none
MultivariateNormalMixtureExpectationMaximization.java,org.apache.commons.math3.distribution.fitting.MultivariateNormalMixtureExpectationMaximization,org.pitest.mutationtest.engine.gregor.mutators.ConditionalsBoundaryMutator,<init>,90,KILLED,org.apache.commons.math3.distribution.fitting.MultivariateNormalMixtureExpectationMaximization_ESTest.test10
MultivariateNormalMixtureExpectationMaximization.java,org.apache.commons.math3.distribution.fitting.MultivariateNormalMixtureExpectationMaximization,org.pitest.mutationtest.engine.gregor.mutators.ConditionalsBoundaryMutator,<init>,96,KILLED,org.apache.commons.math3.distribution.fitting.MultivariateNormalMixtureExpectationMaximization_ESTest.test10
MultivariateNormalMixtureExpectationMaximization.java,org.apache.commons.math3.distribution.fitting.MultivariateNormalMixtureExpectationMaximization,org.pitest.mutationtest.engine.gregor.mutators.ConditionalsBoundaryMutator,<init>,102,SURVIVED,none
MultivariateNormalMixtureExpectationMaximization.java,org.apache.commons.math3.distribution.fitting.MultivariateNormalMixtureExpectationMaximization,org.pitest.mutationtest.engine.gregor.mutators.ConstructorCallMutator,<init>,91,KILLED,org.apache.commons.math3.distribution.fitting.MultivariateNormalMixtureExpectationMaximization_ESTest.test08
MultivariateNormalMixtureExpectationMaximization.java,org.apache.commons.math3.distribution.fitting.MultivariateNormalMixtureExpectationMaximization,org.pitest.mutationtest.engine.gregor.mutators.ConstructorCallMutator,<init>,99,KILLED,org.apache.commons.math3.distribution.fitting.MultivariateNormalMixtureExpectationMaximization_ESTest.test07
MultivariateNormalMixtureExpectationMaximization.java,org.apache.commons.math3.distribution.fitting.MultivariateNormalMixtureExpectationMaximization,org.pitest.mutationtest.engine.gregor.mutators.ConstructorCallMutator,<init>,103,KILLED,org.apache.commons.math3.distribution.fitting.MultivariateNormalMixtureExpectationMaximization_ESTest.test06
MultivariateNormalMixtureExpectationMaximization.java,org.apache.commons.math3.distribution.fitting.MultivariateNormalMixtureExpectationMaximization,org.pitest.mutationtest.engine.gregor.mutators.InlineConstantMutator,<init>,74,KILLED,org.apache.commons.math3.distribution.fitting.MultivariateNormalMixtureExpectationMaximization_ESTest.test10
MultivariateNormalMixtureExpectationMaximization.java,org.apache.commons.math3.distribution.fitting.MultivariateNormalMixtureExpectationMaximization,org.pitest.mutationtest.engine.gregor.mutators.InlineConstantMutator,<init>,90,KILLED,org.apache.commons.math3.distribution.fitting.MultivariateNormalMixtureExpectationMaximization_ESTest.test08
MultivariateNormalMixtureExpectationMaximization.java,org.apache.commons.math3.distribution.fitting.MultivariateNormalMixtureExpectationMaximization,org.pitest.mutationtest.engine.gregor.mutators.InlineConstantMutator,<init>,94,KILLED,org.apache.commons.math3.distribution.fitting.MultivariateNormalMixtureExpectationMaximization_ESTest.test10
MultivariateNormalMixtureExpectationMaximization.java,org.apache.commons.math3.distribution.fitting.MultivariateNormalMixtureExpectationMaximization,org.pitest.mutationtest.engine.gregor.mutators.InlineConstantMutator,<init>,96,SURVIVED,none
MultivariateNormalMixtureExpectationMaximization.java,org.apache.commons.math3.distribution.fitting.MultivariateNormalMixtureExpectationMaximization,org.pitest.mutationtest.engine.gregor.mutators.InlineConstantMutator,<init>,97,KILLED,org.apache.commons.math3.distribution.fitting.MultivariateNormalMixtureExpectationMaximization_ESTest.test10
MultivariateNormalMixtureExpectationMaximization.java,org.apache.commons.math3.distribution.fitting.MultivariateNormalMixtureExpectationMaximization,org.pitest.mutationtest.engine.gregor.mutators.InlineConstantMutator,<init>,99,SURVIVED,none
MultivariateNormalMixtureExpectationMaximization.java,org.apache.commons.math3.distribution.fitting.MultivariateNormalMixtureExpectationMaximization,org.pitest.mutationtest.engine.gregor.mutators.InlineConstantMutator,<init>,102,SURVIVED,none
MultivariateNormalMixtureExpectationMaximization.java,org.apache.commons.math3.distribution.fitting.MultivariateNormalMixtureExpectationMaximization,org.pitest.mutationtest.engine.gregor.mutators.InlineConstantMutator,<init>,103,SURVIVED,none
MultivariateNormalMixtureExpectationMaximization.java,org.apache.commons.math3.distribution.fitting.MultivariateNormalMixtureExpectationMaximization,org.pitest.mutationtest.engine.gregor.mutators.InlineConstantMutator,<init>,103,SURVIVED,none
MultivariateNormalMixtureExpectationMaximization.java,org.apache.commons.math3.distribution.fitting.MultivariateNormalMixtureExpectationMaximization,org.pitest.mutationtest.engine.gregor.mutators.NegateConditionalsMutator,<init>,90,KILLED,org.apache.commons.math3.distribution.fitting.MultivariateNormalMixtureExpectationMaximization_ESTest.test08
MultivariateNormalMixtureExpectationMaximization.java,org.apache.commons.math3.distribution.fitting.MultivariateNormalMixtureExpectationMaximization,org.pitest.mutationtest.engine.gregor.mutators.NegateConditionalsMutator,<init>,96,KILLED,org.apache.commons.math3.distribution.fitting.MultivariateNormalMixtureExpectationMaximization_ESTest.test07
MultivariateNormalMixtureExpectationMaximization.java,org.apache.commons.math3.distribution.fitting.MultivariateNormalMixtureExpectationMaximization,org.pitest.mutationtest.engine.gregor.mutators.NegateConditionalsMutator,<init>,97,KILLED,org.apache.commons.math3.distribution.fitting.MultivariateNormalMixtureExpectationMaximization_ESTest.test10
MultivariateNormalMixtureExpectationMaximization.java,org.apache.commons.math3.distribution.fitting.MultivariateNormalMixtureExpectationMaximization,org.pitest.mutationtest.engine.gregor.mutators.NegateConditionalsMutator,<init>,102,KILLED,org.apache.commons.math3.distribution.fitting.MultivariateNormalMixtureExpectationMaximization_ESTest.test10
MultivariateNormalMixtureExpectationMaximization.java,org.apache.commons.math3.distribution.fitting.MultivariateNormalMixtureExpectationMaximization,org.pitest.mutationtest.engine.gregor.mutators.NonVoidMethodCallMutator,<init>,91,SURVIVED,none
MultivariateNormalMixtureExpectationMaximization.java,org.apache.commons.math3.distribution.fitting.MultivariateNormalMixtureExpectationMaximization,org.pitest.mutationtest.engine.gregor.mutators.NonVoidMethodCallMutator,<init>,103,SURVIVED,none
MultivariateNormalMixtureExpectationMaximization.java,org.apache.commons.math3.distribution.fitting.MultivariateNormalMixtureExpectationMaximization,org.pitest.mutationtest.engine.gregor.mutators.NonVoidMethodCallMutator,<init>,103,SURVIVED,none
MultivariateNormalMixtureExpectationMaximization.java,org.apache.commons.math3.distribution.fitting.MultivariateNormalMixtureExpectationMaximization,org.pitest.mutationtest.engine.gregor.mutators.NonVoidMethodCallMutator,<init>,106,SURVIVED,none
MultivariateNormalMixtureExpectationMaximization.java,org.apache.commons.math3.distribution.fitting.MultivariateNormalMixtureExpectationMaximization,org.pitest.mutationtest.engine.gregor.mutators.RemoveConditionalMutator_EQUAL_ELSE,<init>,97,KILLED,org.apache.commons.math3.distribution.fitting.MultivariateNormalMixtureExpectationMaximization_ESTest.test07
MultivariateNormalMixtureExpectationMaximization.java,org.apache.commons.math3.distribution.fitting.MultivariateNormalMixtureExpectationMaximization,org.pitest.mutationtest.engine.gregor.mutators.RemoveConditionalMutator_EQUAL_IF,<init>,97,KILLED,org.apache.commons.math3.distribution.fitting.MultivariateNormalMixtureExpectationMaximization_ESTest.test10
MultivariateNormalMixtureExpectationMaximization.java,org.apache.commons.math3.distribution.fitting.MultivariateNormalMixtureExpectationMaximization,org.pitest.mutationtest.engine.gregor.mutators.RemoveConditionalMutator_ORDER_ELSE,<init>,90,KILLED,org.apache.commons.math3.distribution.fitting.MultivariateNormalMixtureExpectationMaximization_ESTest.test08
MultivariateNormalMixtureExpectationMaximization.java,org.apache.commons.math3.distribution.fitting.MultivariateNormalMixtureExpectationMaximization,org.pitest.mutationtest.engine.gregor.mutators.RemoveConditionalMutator_ORDER_ELSE,<init>,96,KILLED,org.apache.commons.math3.distribution.fitting.MultivariateNormalMixtureExpectationMaximization_ESTest.test07
MultivariateNormalMixtureExpectationMaximization.java,org.apache.commons.math3.distribution.fitting.MultivariateNormalMixtureExpectationMaximization,org.pitest.mutationtest.engine.gregor.mutators.RemoveConditionalMutator_ORDER_ELSE,<init>,102,SURVIVED,none
MultivariateNormalMixtureExpectationMaximization.java,org.apache.commons.math3.distribution.fitting.MultivariateNormalMixtureExpectationMaximization,org.pitest.mutationtest.engine.gregor.mutators.RemoveConditionalMutator_ORDER_IF,<init>,90,KILLED,org.apache.commons.math3.distribution.fitting.MultivariateNormalMixtureExpectationMaximization_ESTest.test10
MultivariateNormalMixtureExpectationMaximization.java,org.apache.commons.math3.distribution.fitting.MultivariateNormalMixtureExpectationMaximization,org.pitest.mutationtest.engine.gregor.mutators.RemoveConditionalMutator_ORDER_IF,<init>,96,KILLED,org.apache.commons.math3.distribution.fitting.MultivariateNormalMixtureExpectationMaximization_ESTest.test10
MultivariateNormalMixtureExpectationMaximization.java,org.apache.commons.math3.distribution.fitting.MultivariateNormalMixtureExpectationMaximization,org.pitest.mutationtest.engine.gregor.mutators.RemoveConditionalMutator_ORDER_IF,<init>,102,KILLED,org.apache.commons.math3.distribution.fitting.MultivariateNormalMixtureExpectationMaximization_ESTest.test10
MultivariateNormalMixtureExpectationMaximization.java,org.apache.commons.math3.distribution.fitting.MultivariateNormalMixtureExpectationMaximization,org.pitest.mutationtest.engine.gregor.mutators.experimental.MemberVariableMutator,<init>,74,SURVIVED,none
MultivariateNormalMixtureExpectationMaximization.java,org.apache.commons.math3.distribution.fitting.MultivariateNormalMixtureExpectationMaximization,org.pitest.mutationtest.engine.gregor.mutators.experimental.MemberVariableMutator,<init>,94,KILLED,org.apache.commons.math3.distribution.fitting.MultivariateNormalMixtureExpectationMaximization_ESTest.test07
MultivariateNormalMixtureExpectationMaximization.java,org.apache.commons.math3.distribution.fitting.MultivariateNormalMixtureExpectationMaximization,org.pitest.mutationtest.engine.gregor.mutators.ConditionalsBoundaryMutator,estimate,306,SURVIVED,none
MultivariateNormalMixtureExpectationMaximization.java,org.apache.commons.math3.distribution.fitting.MultivariateNormalMixtureExpectationMaximization,org.pitest.mutationtest.engine.gregor.mutators.ConditionalsBoundaryMutator,estimate,309,KILLED,org.apache.commons.math3.distribution.fitting.MultivariateNormalMixtureExpectationMaximization_ESTest.test00
MultivariateNormalMixtureExpectationMaximization.java,org.apache.commons.math3.distribution.fitting.MultivariateNormalMixtureExpectationMaximization,org.pitest.mutationtest.engine.gregor.mutators.ConditionalsBoundaryMutator,estimate,312,SURVIVED,none
MultivariateNormalMixtureExpectationMaximization.java,org.apache.commons.math3.distribution.fitting.MultivariateNormalMixtureExpectationMaximization,org.pitest.mutationtest.engine.gregor.mutators.ConditionalsBoundaryMutator,estimate,321,KILLED,org.apache.commons.math3.distribution.fitting.MultivariateNormalMixtureExpectationMaximization_ESTest.test00
MultivariateNormalMixtureExpectationMaximization.java,org.apache.commons.math3.distribution.fitting.MultivariateNormalMixtureExpectationMaximization,org.pitest.mutationtest.engine.gregor.mutators.ConditionalsBoundaryMutator,estimate,334,KILLED,org.apache.commons.math3.distribution.fitting.MultivariateNormalMixtureExpectationMaximization_ESTest.test00
MultivariateNormalMixtureExpectationMaximization.java,org.apache.commons.math3.distribution.fitting.MultivariateNormalMixtureExpectationMaximization,org.pitest.mutationtest.engine.gregor.mutators.ConditionalsBoundaryMutator,estimate,351,KILLED,org.apache.commons.math3.distribution.fitting.MultivariateNormalMixtureExpectationMaximization_ESTest.test00
MultivariateNormalMixtureExpectationMaximization.java,org.apache.commons.math3.distribution.fitting.MultivariateNormalMixtureExpectationMaximization,org.pitest.mutationtest.engine.gregor.mutators.ConditionalsBoundaryMutator,estimate,352,KILLED,org.apache.commons.math3.distribution.fitting.MultivariateNormalMixtureExpectationMaximization_ESTest.test00
MultivariateNormalMixtureExpectationMaximization.java,org.apache.commons.math3.distribution.fitting.MultivariateNormalMixtureExpectationMaximization,org.pitest.mutationtest.engine.gregor.mutators.ConstructorCallMutator,estimate,307,KILLED,org.apache.commons.math3.distribution.fitting.MultivariateNormalMixtureExpectationMaximization_ESTest.test03
MultivariateNormalMixtureExpectationMaximization.java,org.apache.commons.math3.distribution.fitting.MultivariateNormalMixtureExpectationMaximization,org.pitest.mutationtest.engine.gregor.mutators.ConstructorCallMutator,estimate,310,KILLED,org.apache.commons.math3.distribution.fitting.MultivariateNormalMixtureExpectationMaximization_ESTest.test02
MultivariateNormalMixtureExpectationMaximization.java,org.apache.commons.math3.distribution.fitting.MultivariateNormalMixtureExpectationMaximization,org.pitest.mutationtest.engine.gregor.mutators.ConstructorCallMutator,estimate,313,KILLED,org.apache.commons.math3.distribution.fitting.MultivariateNormalMixtureExpectationMaximization_ESTest.test01
MultivariateNormalMixtureExpectationMaximization.java,org.apache.commons.math3.distribution.fitting.MultivariateNormalMixtureExpectationMaximization,org.pitest.mutationtest.engine.gregor.mutators.ConstructorCallMutator,estimate,322,KILLED,org.apache.commons.math3.distribution.fitting.MultivariateNormalMixtureExpectationMaximization_ESTest.test00
MultivariateNormalMixtureExpectationMaximization.java,org.apache.commons.math3.distribution.fitting.MultivariateNormalMixtureExpectationMaximization,org.pitest.mutationtest.engine.gregor.mutators.ConstructorCallMutator,estimate,330,KILLED,org.apache.commons.math3.distribution.fitting.MultivariateNormalMixtureExpectationMaximization_ESTest.test00
MultivariateNormalMixtureExpectationMaximization.java,org.apache.commons.math3.distribution.fitting.MultivariateNormalMixtureExpectationMaximization,org.pitest.mutationtest.engine.gregor.mutators.ConstructorCallMutator,estimate,362,KILLED,org.apache.commons.math3.distribution.fitting.MultivariateNormalMixtureExpectationMaximization_ESTest.test00
MultivariateNormalMixtureExpectationMaximization.java,org.apache.commons.math3.distribution.fitting.MultivariateNormalMixtureExpectationMaximization,org.pitest.mutationtest.engine.gregor.mutators.ConstructorCallMutator,estimate,364,KILLED,org.apache.commons.math3.distribution.fitting.MultivariateNormalMixtureExpectationMaximization_ESTest.test00
MultivariateNormalMixtureExpectationMaximization.java,org.apache.commons.math3.distribution.fitting.MultivariateNormalMixtureExpectationMaximization,org.pitest.mutationtest.engine.gregor.mutators.ConstructorCallMutator,estimate,367,KILLED,org.apache.commons.math3.distribution.fitting.MultivariateNormalMixtureExpectationMaximization_ESTest.test00
MultivariateNormalMixtureExpectationMaximization.java,org.apache.commons.math3.distribution.fitting.MultivariateNormalMixtureExpectationMaximization,org.pitest.mutationtest.engine.gregor.mutators.ConstructorCallMutator,estimate,370,KILLED,org.apache.commons.math3.distribution.fitting.MultivariateNormalMixtureExpectationMaximization_ESTest.test00
MultivariateNormalMixtureExpectationMaximization.java,org.apache.commons.math3.distribution.fitting.MultivariateNormalMixtureExpectationMaximization,org.pitest.mutationtest.engine.gregor.mutators.IncrementsMutator,estimate,321,KILLED,org.apache.commons.math3.distribution.fitting.MultivariateNormalMixtureExpectationMaximization_ESTest.test00
MultivariateNormalMixtureExpectationMaximization.java,org.apache.commons.math3.distribution.fitting.MultivariateNormalMixtureExpectationMaximization,org.pitest.mutationtest.engine.gregor.mutators.IncrementsMutator,estimate,352,KILLED,org.apache.commons.math3.distribution.fitting.MultivariateNormalMixtureExpectationMaximization_ESTest.test00
MultivariateNormalMixtureExpectationMaximization.java,org.apache.commons.math3.distribution.fitting.MultivariateNormalMixtureExpectationMaximization,org.pitest.mutationtest.engine.gregor.mutators.IncrementsMutator,estimate,351,KILLED,org.apache.commons.math3.distribution.fitting.MultivariateNormalMixtureExpectationMaximization_ESTest.test00
MultivariateNormalMixtureExpectationMaximization.java,org.apache.commons.math3.distribution.fitting.MultivariateNormalMixtureExpectationMaximization,org.pitest.mutationtest.engine.gregor.mutators.IncrementsMutator,estimate,351,KILLED,org.apache.commons.math3.distribution.fitting.MultivariateNormalMixtureExpectationMaximization_ESTest.test00
MultivariateNormalMixtureExpectationMaximization.java,org.apache.commons.math3.distribution.fitting.MultivariateNormalMixtureExpectationMaximization,org.pitest.mutationtest.engine.gregor.mutators.IncrementsMutator,estimate,334,KILLED,org.apache.commons.math3.distribution.fitting.MultivariateNormalMixtureExpectationMaximization_ESTest.test00
MultivariateNormalMixtureExpectationMaximization.java,org.apache.commons.math3.distribution.fitting.MultivariateNormalMixtureExpectationMaximization,org.pitest.mutationtest.engine.gregor.mutators.InlineConstantMutator,estimate,306,SURVIVED,none
MultivariateNormalMixtureExpectationMaximization.java,org.apache.commons.math3.distribution.fitting.MultivariateNormalMixtureExpectationMaximization,org.pitest.mutationtest.engine.gregor.mutators.InlineConstantMutator,estimate,309,KILLED,org.apache.commons.math3.distribution.fitting.MultivariateNormalMixtureExpectationMaximization_ESTest.test00
MultivariateNormalMixtureExpectationMaximization.java,org.apache.commons.math3.distribution.fitting.MultivariateNormalMixtureExpectationMaximization,org.pitest.mutationtest.engine.gregor.mutators.InlineConstantMutator,estimate,310,SURVIVED,none
MultivariateNormalMixtureExpectationMaximization.java,org.apache.commons.math3.distribution.fitting.MultivariateNormalMixtureExpectationMaximization,org.pitest.mutationtest.engine.gregor.mutators.InlineConstantMutator,estimate,310,SURVIVED,none
MultivariateNormalMixtureExpectationMaximization.java,org.apache.commons.math3.distribution.fitting.MultivariateNormalMixtureExpectationMaximization,org.pitest.mutationtest.engine.gregor.mutators.InlineConstantMutator,estimate,313,SURVIVED,none
MultivariateNormalMixtureExpectationMaximization.java,org.apache.commons.math3.distribution.fitting.MultivariateNormalMixtureExpectationMaximization,org.pitest.mutationtest.engine.gregor.mutators.InlineConstantMutator,estimate,317,KILLED,org.apache.commons.math3.distribution.fitting.MultivariateNormalMixtureExpectationMaximization_ESTest.test00
MultivariateNormalMixtureExpectationMaximization.java,org.apache.commons.math3.distribution.fitting.MultivariateNormalMixtureExpectationMaximization,org.pitest.mutationtest.engine.gregor.mutators.InlineConstantMutator,estimate,321,KILLED,org.apache.commons.math3.distribution.fitting.MultivariateNormalMixtureExpectationMaximization_ESTest.test00
MultivariateNormalMixtureExpectationMaximization.java,org.apache.commons.math3.distribution.fitting.MultivariateNormalMixtureExpectationMaximization,org.pitest.mutationtest.engine.gregor.mutators.InlineConstantMutator,estimate,327,SURVIVED,none
MultivariateNormalMixtureExpectationMaximization.java,org.apache.commons.math3.distribution.fitting.MultivariateNormalMixtureExpectationMaximization,org.pitest.mutationtest.engine.gregor.mutators.InlineConstantMutator,estimate,334,SURVIVED,none
MultivariateNormalMixtureExpectationMaximization.java,org.apache.commons.math3.distribution.fitting.MultivariateNormalMixtureExpectationMaximization,org.pitest.mutationtest.engine.gregor.mutators.InlineConstantMutator,estimate,339,KILLED,org.apache.commons.math3.distribution.fitting.MultivariateNormalMixtureExpectationMaximization_ESTest.test00
MultivariateNormalMixtureExpectationMaximization.java,org.apache.commons.math3.distribution.fitting.MultivariateNormalMixtureExpectationMaximization,org.pitest.mutationtest.engine.gregor.mutators.InlineConstantMutator,estimate,351,KILLED,org.apache.commons.math3.distribution.fitting.MultivariateNormalMixtureExpectationMaximization_ESTest.test00
MultivariateNormalMixtureExpectationMaximization.java,org.apache.commons.math3.distribution.fitting.MultivariateNormalMixtureExpectationMaximization,org.pitest.mutationtest.engine.gregor.mutators.InlineConstantMutator,estimate,352,KILLED,org.apache.commons.math3.distribution.fitting.MultivariateNormalMixtureExpectationMaximization_ESTest.test00
MultivariateNormalMixtureExpectationMaximization.java,org.apache.commons.math3.distribution.fitting.MultivariateNormalMixtureExpectationMaximization,org.pitest.mutationtest.engine.gregor.mutators.InlineConstantMutator,estimate,359,SURVIVED,none
MultivariateNormalMixtureExpectationMaximization.java,org.apache.commons.math3.distribution.fitting.MultivariateNormalMixtureExpectationMaximization,org.pitest.mutationtest.engine.gregor.mutators.MathMutator,estimate,327,SURVIVED,none
MultivariateNormalMixtureExpectationMaximization.java,org.apache.commons.math3.distribution.fitting.MultivariateNormalMixtureExpectationMaximization,org.pitest.mutationtest.engine.gregor.mutators.MathMutator,estimate,336,SURVIVED,none
MultivariateNormalMixtureExpectationMaximization.java,org.apache.commons.math3.distribution.fitting.MultivariateNormalMixtureExpectationMaximization,org.pitest.mutationtest.engine.gregor.mutators.MathMutator,estimate,336,KILLED,org.apache.commons.math3.distribution.fitting.MultivariateNormalMixtureExpectationMaximization_ESTest.test00
MultivariateNormalMixtureExpectationMaximization.java,org.apache.commons.math3.distribution.fitting.MultivariateNormalMixtureExpectationMaximization,org.pitest.mutationtest.engine.gregor.mutators.MathMutator,estimate,339,KILLED,org.apache.commons.math3.distribution.fitting.MultivariateNormalMixtureExpectationMaximization_ESTest.test00
MultivariateNormalMixtureExpectationMaximization.java,org.apache.commons.math3.distribution.fitting.MultivariateNormalMixtureExpectationMaximization,org.pitest.mutationtest.engine.gregor.mutators.MathMutator,estimate,339,KILLED,org.apache.commons.math3.distribution.fitting.MultivariateNormalMixtureExpectationMaximization_ESTest.test00
MultivariateNormalMixtureExpectationMaximization.java,org.apache.commons.math3.distribution.fitting.MultivariateNormalMixtureExpectationMaximization,org.pitest.mutationtest.engine.gregor.mutators.MathMutator,estimate,339,KILLED,org.apache.commons.math3.distribution.fitting.MultivariateNormalMixtureExpectationMaximization_ESTest.test00
MultivariateNormalMixtureExpectationMaximization.java,org.apache.commons.math3.distribution.fitting.MultivariateNormalMixtureExpectationMaximization,org.pitest.mutationtest.engine.gregor.mutators.MathMutator,estimate,342,SURVIVED,none
MultivariateNormalMixtureExpectationMaximization.java,org.apache.commons.math3.distribution.fitting.MultivariateNormalMixtureExpectationMaximization,org.pitest.mutationtest.engine.gregor.mutators.MathMutator,estimate,354,SURVIVED,none
MultivariateNormalMixtureExpectationMaximization.java,org.apache.commons.math3.distribution.fitting.MultivariateNormalMixtureExpectationMaximization,org.pitest.mutationtest.engine.gregor.mutators.MathMutator,estimate,359,SURVIVED,none
MultivariateNormalMixtureExpectationMaximization.java,org.apache.commons.math3.distribution.fitting.MultivariateNormalMixtureExpectationMaximization,org.pitest.mutationtest.engine.gregor.mutators.NegateConditionalsMutator,estimate,306,KILLED,org.apache.commons.math3.distribution.fitting.MultivariateNormalMixtureExpectationMaximization_ESTest.test00
MultivariateNormalMixtureExpectationMaximization.java,org.apache.commons.math3.distribution.fitting.MultivariateNormalMixtureExpectationMaximization,org.pitest.mutationtest.engine.gregor.mutators.NegateConditionalsMutator,estimate,309,KILLED,org.apache.commons.math3.distribution.fitting.MultivariateNormalMixtureExpectationMaximization_ESTest.test02
MultivariateNormalMixtureExpectationMaximization.java,org.apache.commons.math3.distribution.fitting.MultivariateNormalMixtureExpectationMaximization,org.pitest.mutationtest.engine.gregor.mutators.NegateConditionalsMutator,estimate,312,KILLED,org.apache.commons.math3.distribution.fitting.MultivariateNormalMixtureExpectationMaximization_ESTest.test01
MultivariateNormalMixtureExpectationMaximization.java,org.apache.commons.math3.distribution.fitting.MultivariateNormalMixtureExpectationMaximization,org.pitest.mutationtest.engine.gregor.mutators.NegateConditionalsMutator,estimate,321,KILLED,org.apache.commons.math3.distribution.fitting.MultivariateNormalMixtureExpectationMaximization_ESTest.test00
MultivariateNormalMixtureExpectationMaximization.java,org.apache.commons.math3.distribution.fitting.MultivariateNormalMixtureExpectationMaximization,org.pitest.mutationtest.engine.gregor.mutators.NegateConditionalsMutator,estimate,334,KILLED,org.apache.commons.math3.distribution.fitting.MultivariateNormalMixtureExpectationMaximization_ESTest.test00
MultivariateNormalMixtureExpectationMaximization.java,org.apache.commons.math3.distribution.fitting.MultivariateNormalMixtureExpectationMaximization,org.pitest.mutationtest.engine.gregor.mutators.NegateConditionalsMutator,estimate,351,KILLED,org.apache.commons.math3.distribution.fitting.MultivariateNormalMixtureExpectationMaximization_ESTest.test00
MultivariateNormalMixtureExpectationMaximization.java,org.apache.commons.math3.distribution.fitting.MultivariateNormalMixtureExpectationMaximization,org.pitest.mutationtest.engine.gregor.mutators.NegateConditionalsMutator,estimate,352,KILLED,org.apache.commons.math3.distribution.fitting.MultivariateNormalMixtureExpectationMaximization_ESTest.test00
MultivariateNormalMixtureExpectationMaximization.java,org.apache.commons.math3.distribution.fitting.MultivariateNormalMixtureExpectationMaximization,org.pitest.mutationtest.engine.gregor.mutators.NonVoidMethodCallMutator,estimate,307,SURVIVED,none
MultivariateNormalMixtureExpectationMaximization.java,org.apache.commons.math3.distribution.fitting.MultivariateNormalMixtureExpectationMaximization,org.pitest.mutationtest.engine.gregor.mutators.NonVoidMethodCallMutator,estimate,310,SURVIVED,none
MultivariateNormalMixtureExpectationMaximization.java,org.apache.commons.math3.distribution.fitting.MultivariateNormalMixtureExpectationMaximization,org.pitest.mutationtest.engine.gregor.mutators.NonVoidMethodCallMutator,estimate,310,SURVIVED,none
MultivariateNormalMixtureExpectationMaximization.java,org.apache.commons.math3.distribution.fitting.MultivariateNormalMixtureExpectationMaximization,org.pitest.mutationtest.engine.gregor.mutators.NonVoidMethodCallMutator,estimate,313,SURVIVED,none
MultivariateNormalMixtureExpectationMaximization.java,org.apache.commons.math3.distribution.fitting.MultivariateNormalMixtureExpectationMaximization,org.pitest.mutationtest.engine.gregor.mutators.NonVoidMethodCallMutator,estimate,313,SURVIVED,none
MultivariateNormalMixtureExpectationMaximization.java,org.apache.commons.math3.distribution.fitting.MultivariateNormalMixtureExpectationMaximization,org.pitest.mutationtest.engine.gregor.mutators.NonVoidMethodCallMutator,estimate,353,KILLED,org.apache.commons.math3.distribution.fitting.MultivariateNormalMixtureExpectationMaximization_ESTest.test00
MultivariateNormalMixtureExpectationMaximization.java,org.apache.commons.math3.distribution.fitting.MultivariateNormalMixtureExpectationMaximization,org.pitest.mutationtest.engine.gregor.mutators.NonVoidMethodCallMutator,estimate,362,KILLED,org.apache.commons.math3.distribution.fitting.MultivariateNormalMixtureExpectationMaximization_ESTest.test00
MultivariateNormalMixtureExpectationMaximization.java,org.apache.commons.math3.distribution.fitting.MultivariateNormalMixtureExpectationMaximization,org.pitest.mutationtest.engine.gregor.mutators.NonVoidMethodCallMutator,estimate,362,KILLED,org.apache.commons.math3.distribution.fitting.MultivariateNormalMixtureExpectationMaximization_ESTest.test00
MultivariateNormalMixtureExpectationMaximization.java,org.apache.commons.math3.distribution.fitting.MultivariateNormalMixtureExpectationMaximization,org.pitest.mutationtest.engine.gregor.mutators.NonVoidMethodCallMutator,estimate,367,KILLED,org.apache.commons.math3.distribution.fitting.MultivariateNormalMixtureExpectationMaximization_ESTest.test00
MultivariateNormalMixtureExpectationMaximization.java,org.apache.commons.math3.distribution.fitting.MultivariateNormalMixtureExpectationMaximization,org.pitest.mutationtest.engine.gregor.mutators.NonVoidMethodCallMutator,estimate,367,KILLED,org.apache.commons.math3.distribution.fitting.MultivariateNormalMixtureExpectationMaximization_ESTest.test00
MultivariateNormalMixtureExpectationMaximization.java,org.apache.commons.math3.distribution.fitting.MultivariateNormalMixtureExpectationMaximization,org.pitest.mutationtest.engine.gregor.mutators.NullReturnValsMutator,estimate,370,KILLED,org.apache.commons.math3.distribution.fitting.MultivariateNormalMixtureExpectationMaximization_ESTest.test00
MultivariateNormalMixtureExpectationMaximization.java,org.apache.commons.math3.distribution.fitting.MultivariateNormalMixtureExpectationMaximization,org.pitest.mutationtest.engine.gregor.mutators.RemoveConditionalMutator_ORDER_ELSE,estimate,306,SURVIVED,none
MultivariateNormalMixtureExpectationMaximization.java,org.apache.commons.math3.distribution.fitting.MultivariateNormalMixtureExpectationMaximization,org.pitest.mutationtest.engine.gregor.mutators.RemoveConditionalMutator_ORDER_ELSE,estimate,309,KILLED,org.apache.commons.math3.distribution.fitting.MultivariateNormalMixtureExpectationMaximization_ESTest.test02
MultivariateNormalMixtureExpectationMaximization.java,org.apache.commons.math3.distribution.fitting.MultivariateNormalMixtureExpectationMaximization,org.pitest.mutationtest.engine.gregor.mutators.RemoveConditionalMutator_ORDER_ELSE,estimate,312,KILLED,org.apache.commons.math3.distribution.fitting.MultivariateNormalMixtureExpectationMaximization_ESTest.test01
MultivariateNormalMixtureExpectationMaximization.java,org.apache.commons.math3.distribution.fitting.MultivariateNormalMixtureExpectationMaximization,org.pitest.mutationtest.engine.gregor.mutators.RemoveConditionalMutator_ORDER_ELSE,estimate,321,KILLED,org.apache.commons.math3.distribution.fitting.MultivariateNormalMixtureExpectationMaximization_ESTest.test00
MultivariateNormalMixtureExpectationMaximization.java,org.apache.commons.math3.distribution.fitting.MultivariateNormalMixtureExpectationMaximization,org.pitest.mutationtest.engine.gregor.mutators.RemoveConditionalMutator_ORDER_ELSE,estimate,334,KILLED,org.apache.commons.math3.distribution.fitting.MultivariateNormalMixtureExpectationMaximization_ESTest.test00
MultivariateNormalMixtureExpectationMaximization.java,org.apache.commons.math3.distribution.fitting.MultivariateNormalMixtureExpectationMaximization,org.pitest.mutationtest.engine.gregor.mutators.RemoveConditionalMutator_ORDER_ELSE,estimate,351,KILLED,org.apache.commons.math3.distribution.fitting.MultivariateNormalMixtureExpectationMaximization_ESTest.test00
MultivariateNormalMixtureExpectationMaximization.java,org.apache.commons.math3.distribution.fitting.MultivariateNormalMixtureExpectationMaximization,org.pitest.mutationtest.engine.gregor.mutators.RemoveConditionalMutator_ORDER_ELSE,estimate,352,KILLED,org.apache.commons.math3.distribution.fitting.MultivariateNormalMixtureExpectationMaximization_ESTest.test00
MultivariateNormalMixtureExpectationMaximization.java,org.apache.commons.math3.distribution.fitting.MultivariateNormalMixtureExpectationMaximization,org.pitest.mutationtest.engine.gregor.mutators.RemoveConditionalMutator_ORDER_IF,estimate,306,KILLED,org.apache.commons.math3.distribution.fitting.MultivariateNormalMixtureExpectationMaximization_ESTest.test00
MultivariateNormalMixtureExpectationMaximization.java,org.apache.commons.math3.distribution.fitting.MultivariateNormalMixtureExpectationMaximization,org.pitest.mutationtest.engine.gregor.mutators.RemoveConditionalMutator_ORDER_IF,estimate,309,KILLED,org.apache.commons.math3.distribution.fitting.MultivariateNormalMixtureExpectationMaximization_ESTest.test00
MultivariateNormalMixtureExpectationMaximization.java,org.apache.commons.math3.distribution.fitting.MultivariateNormalMixtureExpectationMaximization,org.pitest.mutationtest.engine.gregor.mutators.RemoveConditionalMutator_ORDER_IF,estimate,312,KILLED,org.apache.commons.math3.distribution.fitting.MultivariateNormalMixtureExpectationMaximization_ESTest.test00
MultivariateNormalMixtureExpectationMaximization.java,org.apache.commons.math3.distribution.fitting.MultivariateNormalMixtureExpectationMaximization,org.pitest.mutationtest.engine.gregor.mutators.RemoveConditionalMutator_ORDER_IF,estimate,321,KILLED,org.apache.commons.math3.distribution.fitting.MultivariateNormalMixtureExpectationMaximization_ESTest.test00
MultivariateNormalMixtureExpectationMaximization.java,org.apache.commons.math3.distribution.fitting.MultivariateNormalMixtureExpectationMaximization,org.pitest.mutationtest.engine.gregor.mutators.RemoveConditionalMutator_ORDER_IF,estimate,334,KILLED,org.apache.commons.math3.distribution.fitting.MultivariateNormalMixtureExpectationMaximization_ESTest.test00
MultivariateNormalMixtureExpectationMaximization.java,org.apache.commons.math3.distribution.fitting.MultivariateNormalMixtureExpectationMaximization,org.pitest.mutationtest.engine.gregor.mutators.RemoveConditionalMutator_ORDER_IF,estimate,351,KILLED,org.apache.commons.math3.distribution.fitting.MultivariateNormalMixtureExpectationMaximization_ESTest.test00
MultivariateNormalMixtureExpectationMaximization.java,org.apache.commons.math3.distribution.fitting.MultivariateNormalMixtureExpectationMaximization,org.pitest.mutationtest.engine.gregor.mutators.RemoveConditionalMutator_ORDER_IF,estimate,352,KILLED,org.apache.commons.math3.distribution.fitting.MultivariateNormalMixtureExpectationMaximization_ESTest.test00
MultivariateNormalMixtureExpectationMaximization.java,org.apache.commons.math3.distribution.fitting.MultivariateNormalMixtureExpectationMaximization,org.pitest.mutationtest.engine.gregor.mutators.ReturnValsMutator,estimate,370,KILLED,org.apache.commons.math3.distribution.fitting.MultivariateNormalMixtureExpectationMaximization_ESTest.test00
MultivariateNormalMixtureExpectationMaximization.java,org.apache.commons.math3.distribution.fitting.MultivariateNormalMixtureExpectationMaximization,org.pitest.mutationtest.engine.gregor.mutators.VoidMethodCallMutator,estimate,324,KILLED,org.apache.commons.math3.distribution.fitting.MultivariateNormalMixtureExpectationMaximization_ESTest.test00
MultivariateNormalMixtureExpectationMaximization.java,org.apache.commons.math3.distribution.fitting.MultivariateNormalMixtureExpectationMaximization,org.pitest.mutationtest.engine.gregor.mutators.VoidMethodCallMutator,estimate,359,SURVIVED,none
MultivariateNormalMixtureExpectationMaximization.java,org.apache.commons.math3.distribution.fitting.MultivariateNormalMixtureExpectationMaximization,org.pitest.mutationtest.engine.gregor.mutators.experimental.RemoveIncrementsMutator,estimate,351,KILLED,org.apache.commons.math3.distribution.fitting.MultivariateNormalMixtureExpectationMaximization_ESTest.test00
MultivariateNormalMixtureExpectationMaximization.java,org.apache.commons.math3.distribution.fitting.MultivariateNormalMixtureExpectationMaximization,org.pitest.mutationtest.engine.gregor.mutators.experimental.RemoveIncrementsMutator,estimate,351,KILLED,org.apache.commons.math3.distribution.fitting.MultivariateNormalMixtureExpectationMaximization_ESTest.test00
MultivariateNormalMixtureExpectationMaximization.java,org.apache.commons.math3.distribution.fitting.MultivariateNormalMixtureExpectationMaximization,org.pitest.mutationtest.engine.gregor.mutators.experimental.RemoveIncrementsMutator,estimate,334,SURVIVED,none
MultivariateNormalMixtureExpectationMaximization.java,org.apache.commons.math3.distribution.fitting.MultivariateNormalMixtureExpectationMaximization,org.pitest.mutationtest.engine.gregor.mutators.InlineConstantMutator,fit,281,SURVIVED,none
MultivariateNormalMixtureExpectationMaximization.java,org.apache.commons.math3.distribution.fitting.MultivariateNormalMixtureExpectationMaximization,org.pitest.mutationtest.engine.gregor.mutators.InlineConstantMutator,fit,281,SURVIVED,none
MultivariateNormalMixtureExpectationMaximization.java,org.apache.commons.math3.distribution.fitting.MultivariateNormalMixtureExpectationMaximization,org.pitest.mutationtest.engine.gregor.mutators.VoidMethodCallMutator,fit,281,KILLED,org.apache.commons.math3.distribution.fitting.MultivariateNormalMixtureExpectationMaximization_ESTest.test11
MultivariateNormalMixtureExpectationMaximization.java,org.apache.commons.math3.distribution.fitting.MultivariateNormalMixtureExpectationMaximization,org.pitest.mutationtest.engine.gregor.mutators.ArgumentPropagationMutator,fit,168,NO_COVERAGE,none
MultivariateNormalMixtureExpectationMaximization.java,org.apache.commons.math3.distribution.fitting.MultivariateNormalMixtureExpectationMaximization,org.pitest.mutationtest.engine.gregor.mutators.ArgumentPropagationMutator,fit,201,NO_COVERAGE,none
MultivariateNormalMixtureExpectationMaximization.java,org.apache.commons.math3.distribution.fitting.MultivariateNormalMixtureExpectationMaximization,org.pitest.mutationtest.engine.gregor.mutators.ArgumentPropagationMutator,fit,234,NO_COVERAGE,none
MultivariateNormalMixtureExpectationMaximization.java,org.apache.commons.math3.distribution.fitting.MultivariateNormalMixtureExpectationMaximization,org.pitest.mutationtest.engine.gregor.mutators.ArgumentPropagationMutator,fit,236,NO_COVERAGE,none
MultivariateNormalMixtureExpectationMaximization.java,org.apache.commons.math3.distribution.fitting.MultivariateNormalMixtureExpectationMaximization,org.pitest.mutationtest.engine.gregor.mutators.ArgumentPropagationMutator,fit,238,NO_COVERAGE,none
MultivariateNormalMixtureExpectationMaximization.java,org.apache.commons.math3.distribution.fitting.MultivariateNormalMixtureExpectationMaximization,org.pitest.mutationtest.engine.gregor.mutators.ArgumentPropagationMutator,fit,255,NO_COVERAGE,none
MultivariateNormalMixtureExpectationMaximization.java,org.apache.commons.math3.distribution.fitting.MultivariateNormalMixtureExpectationMaximization,org.pitest.mutationtest.engine.gregor.mutators.ConditionalsBoundaryMutator,fit,138,SURVIVED,none
MultivariateNormalMixtureExpectationMaximization.java,org.apache.commons.math3.distribution.fitting.MultivariateNormalMixtureExpectationMaximization,org.pitest.mutationtest.engine.gregor.mutators.ConditionalsBoundaryMutator,fit,142,SURVIVED,none
MultivariateNormalMixtureExpectationMaximization.java,org.apache.commons.math3.distribution.fitting.MultivariateNormalMixtureExpectationMaximization,org.pitest.mutationtest.engine.gregor.mutators.ConditionalsBoundaryMutator,fit,168,NO_COVERAGE,none
MultivariateNormalMixtureExpectationMaximization.java,org.apache.commons.math3.distribution.fitting.MultivariateNormalMixtureExpectationMaximization,org.pitest.mutationtest.engine.gregor.mutators.ConditionalsBoundaryMutator,fit,168,NO_COVERAGE,none
MultivariateNormalMixtureExpectationMaximization.java,org.apache.commons.math3.distribution.fitting.MultivariateNormalMixtureExpectationMaximization,org.pitest.mutationtest.engine.gregor.mutators.ConditionalsBoundaryMutator,fit,182,NO_COVERAGE,none
MultivariateNormalMixtureExpectationMaximization.java,org.apache.commons.math3.distribution.fitting.MultivariateNormalMixtureExpectationMaximization,org.pitest.mutationtest.engine.gregor.mutators.ConditionalsBoundaryMutator,fit,199,NO_COVERAGE,none
MultivariateNormalMixtureExpectationMaximization.java,org.apache.commons.math3.distribution.fitting.MultivariateNormalMixtureExpectationMaximization,org.pitest.mutationtest.engine.gregor.mutators.ConditionalsBoundaryMutator,fit,203,NO_COVERAGE,none
MultivariateNormalMixtureExpectationMaximization.java,org.apache.commons.math3.distribution.fitting.MultivariateNormalMixtureExpectationMaximization,org.pitest.mutationtest.engine.gregor.mutators.ConditionalsBoundaryMutator,fit,207,NO_COVERAGE,none
MultivariateNormalMixtureExpectationMaximization.java,org.apache.commons.math3.distribution.fitting.MultivariateNormalMixtureExpectationMaximization,org.pitest.mutationtest.engine.gregor.mutators.ConditionalsBoundaryMutator,fit,220,NO_COVERAGE,none
MultivariateNormalMixtureExpectationMaximization.java,org.apache.commons.math3.distribution.fitting.MultivariateNormalMixtureExpectationMaximization,org.pitest.mutationtest.engine.gregor.mutators.ConditionalsBoundaryMutator,fit,222,NO_COVERAGE,none
MultivariateNormalMixtureExpectationMaximization.java,org.apache.commons.math3.distribution.fitting.MultivariateNormalMixtureExpectationMaximization,org.pitest.mutationtest.engine.gregor.mutators.ConditionalsBoundaryMutator,fit,229,NO_COVERAGE,none
MultivariateNormalMixtureExpectationMaximization.java,org.apache.commons.math3.distribution.fitting.MultivariateNormalMixtureExpectationMaximization,org.pitest.mutationtest.engine.gregor.mutators.ConditionalsBoundaryMutator,fit,232,NO_COVERAGE,none
MultivariateNormalMixtureExpectationMaximization.java,org.apache.commons.math3.distribution.fitting.MultivariateNormalMixtureExpectationMaximization,org.pitest.mutationtest.engine.gregor.mutators.ConditionalsBoundaryMutator,fit,233,NO_COVERAGE,none
MultivariateNormalMixtureExpectationMaximization.java,org.apache.commons.math3.distribution.fitting.MultivariateNormalMixtureExpectationMaximization,org.pitest.mutationtest.engine.gregor.mutators.ConditionalsBoundaryMutator,fit,244,NO_COVERAGE,none
MultivariateNormalMixtureExpectationMaximization.java,org.apache.commons.math3.distribution.fitting.MultivariateNormalMixtureExpectationMaximization,org.pitest.mutationtest.engine.gregor.mutators.ConditionalsBoundaryMutator,fit,255,NO_COVERAGE,none
MultivariateNormalMixtureExpectationMaximization.java,org.apache.commons.math3.distribution.fitting.MultivariateNormalMixtureExpectationMaximization,org.pitest.mutationtest.engine.gregor.mutators.ConstructorCallMutator,fit,139,KILLED,org.apache.commons.math3.distribution.fitting.MultivariateNormalMixtureExpectationMaximization_ESTest.test05
MultivariateNormalMixtureExpectationMaximization.java,org.apache.commons.math3.distribution.fitting.MultivariateNormalMixtureExpectationMaximization,org.pitest.mutationtest.engine.gregor.mutators.ConstructorCallMutator,fit,143,KILLED,org.apache.commons.math3.distribution.fitting.MultivariateNormalMixtureExpectationMaximization_ESTest.test04
MultivariateNormalMixtureExpectationMaximization.java,org.apache.commons.math3.distribution.fitting.MultivariateNormalMixtureExpectationMaximization,org.pitest.mutationtest.engine.gregor.mutators.ConstructorCallMutator,fit,157,NO_COVERAGE,none
MultivariateNormalMixtureExpectationMaximization.java,org.apache.commons.math3.distribution.fitting.MultivariateNormalMixtureExpectationMaximization,org.pitest.mutationtest.engine.gregor.mutators.ConstructorCallMutator,fit,166,NO_COVERAGE,none
MultivariateNormalMixtureExpectationMaximization.java,org.apache.commons.math3.distribution.fitting.MultivariateNormalMixtureExpectationMaximization,org.pitest.mutationtest.engine.gregor.mutators.ConstructorCallMutator,fit,230,NO_COVERAGE,none
MultivariateNormalMixtureExpectationMaximization.java,org.apache.commons.math3.distribution.fitting.MultivariateNormalMixtureExpectationMaximization,org.pitest.mutationtest.engine.gregor.mutators.ConstructorCallMutator,fit,234,NO_COVERAGE,none
MultivariateNormalMixtureExpectationMaximization.java,org.apache.commons.math3.distribution.fitting.MultivariateNormalMixtureExpectationMaximization,org.pitest.mutationtest.engine.gregor.mutators.ConstructorCallMutator,fit,250,NO_COVERAGE,none
MultivariateNormalMixtureExpectationMaximization.java,org.apache.commons.math3.distribution.fitting.MultivariateNormalMixtureExpectationMaximization,org.pitest.mutationtest.engine.gregor.mutators.ConstructorCallMutator,fit,257,NO_COVERAGE,none
MultivariateNormalMixtureExpectationMaximization.java,org.apache.commons.math3.distribution.fitting.MultivariateNormalMixtureExpectationMaximization,org.pitest.mutationtest.engine.gregor.mutators.IncrementsMutator,fit,168,NO_COVERAGE,none
MultivariateNormalMixtureExpectationMaximization.java,org.apache.commons.math3.distribution.fitting.MultivariateNormalMixtureExpectationMaximization,org.pitest.mutationtest.engine.gregor.mutators.IncrementsMutator,fit,182,NO_COVERAGE,none
MultivariateNormalMixtureExpectationMaximization.java,org.apache.commons.math3.distribution.fitting.MultivariateNormalMixtureExpectationMaximization,org.pitest.mutationtest.engine.gregor.mutators.IncrementsMutator,fit,207,NO_COVERAGE,none
MultivariateNormalMixtureExpectationMaximization.java,org.apache.commons.math3.distribution.fitting.MultivariateNormalMixtureExpectationMaximization,org.pitest.mutationtest.engine.gregor.mutators.IncrementsMutator,fit,203,NO_COVERAGE,none
MultivariateNormalMixtureExpectationMaximization.java,org.apache.commons.math3.distribution.fitting.MultivariateNormalMixtureExpectationMaximization,org.pitest.mutationtest.engine.gregor.mutators.IncrementsMutator,fit,199,NO_COVERAGE,none
MultivariateNormalMixtureExpectationMaximization.java,org.apache.commons.math3.distribution.fitting.MultivariateNormalMixtureExpectationMaximization,org.pitest.mutationtest.engine.gregor.mutators.IncrementsMutator,fit,222,NO_COVERAGE,none
MultivariateNormalMixtureExpectationMaximization.java,org.apache.commons.math3.distribution.fitting.MultivariateNormalMixtureExpectationMaximization,org.pitest.mutationtest.engine.gregor.mutators.IncrementsMutator,fit,220,NO_COVERAGE,none
MultivariateNormalMixtureExpectationMaximization.java,org.apache.commons.math3.distribution.fitting.MultivariateNormalMixtureExpectationMaximization,org.pitest.mutationtest.engine.gregor.mutators.IncrementsMutator,fit,229,NO_COVERAGE,none
MultivariateNormalMixtureExpectationMaximization.java,org.apache.commons.math3.distribution.fitting.MultivariateNormalMixtureExpectationMaximization,org.pitest.mutationtest.engine.gregor.mutators.IncrementsMutator,fit,233,NO_COVERAGE,none
MultivariateNormalMixtureExpectationMaximization.java,org.apache.commons.math3.distribution.fitting.MultivariateNormalMixtureExpectationMaximization,org.pitest.mutationtest.engine.gregor.mutators.IncrementsMutator,fit,232,NO_COVERAGE,none
MultivariateNormalMixtureExpectationMaximization.java,org.apache.commons.math3.distribution.fitting.MultivariateNormalMixtureExpectationMaximization,org.pitest.mutationtest.engine.gregor.mutators.IncrementsMutator,fit,244,NO_COVERAGE,none
MultivariateNormalMixtureExpectationMaximization.java,org.apache.commons.math3.distribution.fitting.MultivariateNormalMixtureExpectationMaximization,org.pitest.mutationtest.engine.gregor.mutators.InlineConstantMutator,fit,138,SURVIVED,none
MultivariateNormalMixtureExpectationMaximization.java,org.apache.commons.math3.distribution.fitting.MultivariateNormalMixtureExpectationMaximization,org.pitest.mutationtest.engine.gregor.mutators.InlineConstantMutator,fit,142,KILLED,org.apache.commons.math3.distribution.fitting.MultivariateNormalMixtureExpectationMaximization_ESTest.test11
MultivariateNormalMixtureExpectationMaximization.java,org.apache.commons.math3.distribution.fitting.MultivariateNormalMixtureExpectationMaximization,org.pitest.mutationtest.engine.gregor.mutators.InlineConstantMutator,fit,150,SURVIVED,none
MultivariateNormalMixtureExpectationMaximization.java,org.apache.commons.math3.distribution.fitting.MultivariateNormalMixtureExpectationMaximization,org.pitest.mutationtest.engine.gregor.mutators.InlineConstantMutator,fit,153,SURVIVED,none
MultivariateNormalMixtureExpectationMaximization.java,org.apache.commons.math3.distribution.fitting.MultivariateNormalMixtureExpectationMaximization,org.pitest.mutationtest.engine.gregor.mutators.InlineConstantMutator,fit,160,NO_COVERAGE,none
MultivariateNormalMixtureExpectationMaximization.java,org.apache.commons.math3.distribution.fitting.MultivariateNormalMixtureExpectationMaximization,org.pitest.mutationtest.engine.gregor.mutators.InlineConstantMutator,fit,161,NO_COVERAGE,none
MultivariateNormalMixtureExpectationMaximization.java,org.apache.commons.math3.distribution.fitting.MultivariateNormalMixtureExpectationMaximization,org.pitest.mutationtest.engine.gregor.mutators.InlineConstantMutator,fit,163,NO_COVERAGE,none
MultivariateNormalMixtureExpectationMaximization.java,org.apache.commons.math3.distribution.fitting.MultivariateNormalMixtureExpectationMaximization,org.pitest.mutationtest.engine.gregor.mutators.InlineConstantMutator,fit,171,NO_COVERAGE,none
MultivariateNormalMixtureExpectationMaximization.java,org.apache.commons.math3.distribution.fitting.MultivariateNormalMixtureExpectationMaximization,org.pitest.mutationtest.engine.gregor.mutators.InlineConstantMutator,fit,182,NO_COVERAGE,none
MultivariateNormalMixtureExpectationMaximization.java,org.apache.commons.math3.distribution.fitting.MultivariateNormalMixtureExpectationMaximization,org.pitest.mutationtest.engine.gregor.mutators.InlineConstantMutator,fit,199,NO_COVERAGE,none
MultivariateNormalMixtureExpectationMaximization.java,org.apache.commons.math3.distribution.fitting.MultivariateNormalMixtureExpectationMaximization,org.pitest.mutationtest.engine.gregor.mutators.InlineConstantMutator,fit,203,NO_COVERAGE,none
MultivariateNormalMixtureExpectationMaximization.java,org.apache.commons.math3.distribution.fitting.MultivariateNormalMixtureExpectationMaximization,org.pitest.mutationtest.engine.gregor.mutators.InlineConstantMutator,fit,207,NO_COVERAGE,none
MultivariateNormalMixtureExpectationMaximization.java,org.apache.commons.math3.distribution.fitting.MultivariateNormalMixtureExpectationMaximization,org.pitest.mutationtest.engine.gregor.mutators.InlineConstantMutator,fit,220,NO_COVERAGE,none
MultivariateNormalMixtureExpectationMaximization.java,org.apache.commons.math3.distribution.fitting.MultivariateNormalMixtureExpectationMaximization,org.pitest.mutationtest.engine.gregor.mutators.InlineConstantMutator,fit,222,NO_COVERAGE,none
MultivariateNormalMixtureExpectationMaximization.java,org.apache.commons.math3.distribution.fitting.MultivariateNormalMixtureExpectationMaximization,org.pitest.mutationtest.engine.gregor.mutators.InlineConstantMutator,fit,229,NO_COVERAGE,none
MultivariateNormalMixtureExpectationMaximization.java,org.apache.commons.math3.distribution.fitting.MultivariateNormalMixtureExpectationMaximization,org.pitest.mutationtest.engine.gregor.mutators.InlineConstantMutator,fit,232,NO_COVERAGE,none
MultivariateNormalMixtureExpectationMaximization.java,org.apache.commons.math3.distribution.fitting.MultivariateNormalMixtureExpectationMaximization,org.pitest.mutationtest.engine.gregor.mutators.InlineConstantMutator,fit,233,NO_COVERAGE,none
MultivariateNormalMixtureExpectationMaximization.java,org.apache.commons.math3.distribution.fitting.MultivariateNormalMixtureExpectationMaximization,org.pitest.mutationtest.engine.gregor.mutators.InlineConstantMutator,fit,244,NO_COVERAGE,none
MultivariateNormalMixtureExpectationMaximization.java,org.apache.commons.math3.distribution.fitting.MultivariateNormalMixtureExpectationMaximization,org.pitest.mutationtest.engine.gregor.mutators.InlineConstantMutator,fit,245,NO_COVERAGE,none
MultivariateNormalMixtureExpectationMaximization.java,org.apache.commons.math3.distribution.fitting.MultivariateNormalMixtureExpectationMaximization,org.pitest.mutationtest.engine.gregor.mutators.MathMutator,fit,168,NO_COVERAGE,none
MultivariateNormalMixtureExpectationMaximization.java,org.apache.commons.math3.distribution.fitting.MultivariateNormalMixtureExpectationMaximization,org.pitest.mutationtest.engine.gregor.mutators.MathMutator,fit,201,NO_COVERAGE,none
MultivariateNormalMixtureExpectationMaximization.java,org.apache.commons.math3.distribution.fitting.MultivariateNormalMixtureExpectationMaximization,org.pitest.mutationtest.engine.gregor.mutators.MathMutator,fit,204,NO_COVERAGE,none
MultivariateNormalMixtureExpectationMaximization.java,org.apache.commons.math3.distribution.fitting.MultivariateNormalMixtureExpectationMaximization,org.pitest.mutationtest.engine.gregor.mutators.MathMutator,fit,204,NO_COVERAGE,none
MultivariateNormalMixtureExpectationMaximization.java,org.apache.commons.math3.distribution.fitting.MultivariateNormalMixtureExpectationMaximization,org.pitest.mutationtest.engine.gregor.mutators.MathMutator,fit,205,NO_COVERAGE,none
MultivariateNormalMixtureExpectationMaximization.java,org.apache.commons.math3.distribution.fitting.MultivariateNormalMixtureExpectationMaximization,org.pitest.mutationtest.engine.gregor.mutators.MathMutator,fit,208,NO_COVERAGE,none
MultivariateNormalMixtureExpectationMaximization.java,org.apache.commons.math3.distribution.fitting.MultivariateNormalMixtureExpectationMaximization,org.pitest.mutationtest.engine.gregor.mutators.MathMutator,fit,208,NO_COVERAGE,none
MultivariateNormalMixtureExpectationMaximization.java,org.apache.commons.math3.distribution.fitting.MultivariateNormalMixtureExpectationMaximization,org.pitest.mutationtest.engine.gregor.mutators.MathMutator,fit,213,NO_COVERAGE,none
MultivariateNormalMixtureExpectationMaximization.java,org.apache.commons.math3.distribution.fitting.MultivariateNormalMixtureExpectationMaximization,org.pitest.mutationtest.engine.gregor.mutators.MathMutator,fit,221,NO_COVERAGE,none
MultivariateNormalMixtureExpectationMaximization.java,org.apache.commons.math3.distribution.fitting.MultivariateNormalMixtureExpectationMaximization,org.pitest.mutationtest.engine.gregor.mutators.MathMutator,fit,223,NO_COVERAGE,none
MultivariateNormalMixtureExpectationMaximization.java,org.apache.commons.math3.distribution.fitting.MultivariateNormalMixtureExpectationMaximization,org.pitest.mutationtest.engine.gregor.mutators.MathMutator,fit,245,NO_COVERAGE,none
MultivariateNormalMixtureExpectationMaximization.java,org.apache.commons.math3.distribution.fitting.MultivariateNormalMixtureExpectationMaximization,org.pitest.mutationtest.engine.gregor.mutators.MathMutator,fit,255,NO_COVERAGE,none
MultivariateNormalMixtureExpectationMaximization.java,org.apache.commons.math3.distribution.fitting.MultivariateNormalMixtureExpectationMaximization,org.pitest.mutationtest.engine.gregor.mutators.NegateConditionalsMutator,fit,138,KILLED,org.apache.commons.math3.distribution.fitting.MultivariateNormalMixtureExpectationMaximization_ESTest.test11
MultivariateNormalMixtureExpectationMaximization.java,org.apache.commons.math3.distribution.fitting.MultivariateNormalMixtureExpectationMaximization,org.pitest.mutationtest.engine.gregor.mutators.NegateConditionalsMutator,fit,142,KILLED,org.apache.commons.math3.distribution.fitting.MultivariateNormalMixtureExpectationMaximization_ESTest.test11
MultivariateNormalMixtureExpectationMaximization.java,org.apache.commons.math3.distribution.fitting.MultivariateNormalMixtureExpectationMaximization,org.pitest.mutationtest.engine.gregor.mutators.NegateConditionalsMutator,fit,156,SURVIVED,none
MultivariateNormalMixtureExpectationMaximization.java,org.apache.commons.math3.distribution.fitting.MultivariateNormalMixtureExpectationMaximization,org.pitest.mutationtest.engine.gregor.mutators.NegateConditionalsMutator,fit,168,NO_COVERAGE,none
MultivariateNormalMixtureExpectationMaximization.java,org.apache.commons.math3.distribution.fitting.MultivariateNormalMixtureExpectationMaximization,org.pitest.mutationtest.engine.gregor.mutators.NegateConditionalsMutator,fit,168,NO_COVERAGE,none
MultivariateNormalMixtureExpectationMaximization.java,org.apache.commons.math3.distribution.fitting.MultivariateNormalMixtureExpectationMaximization,org.pitest.mutationtest.engine.gregor.mutators.NegateConditionalsMutator,fit,182,NO_COVERAGE,none
MultivariateNormalMixtureExpectationMaximization.java,org.apache.commons.math3.distribution.fitting.MultivariateNormalMixtureExpectationMaximization,org.pitest.mutationtest.engine.gregor.mutators.NegateConditionalsMutator,fit,199,NO_COVERAGE,none
MultivariateNormalMixtureExpectationMaximization.java,org.apache.commons.math3.distribution.fitting.MultivariateNormalMixtureExpectationMaximization,org.pitest.mutationtest.engine.gregor.mutators.NegateConditionalsMutator,fit,203,NO_COVERAGE,none
MultivariateNormalMixtureExpectationMaximization.java,org.apache.commons.math3.distribution.fitting.MultivariateNormalMixtureExpectationMaximization,org.pitest.mutationtest.engine.gregor.mutators.NegateConditionalsMutator,fit,207,NO_COVERAGE,none
MultivariateNormalMixtureExpectationMaximization.java,org.apache.commons.math3.distribution.fitting.MultivariateNormalMixtureExpectationMaximization,org.pitest.mutationtest.engine.gregor.mutators.NegateConditionalsMutator,fit,220,NO_COVERAGE,none
MultivariateNormalMixtureExpectationMaximization.java,org.apache.commons.math3.distribution.fitting.MultivariateNormalMixtureExpectationMaximization,org.pitest.mutationtest.engine.gregor.mutators.NegateConditionalsMutator,fit,222,NO_COVERAGE,none
MultivariateNormalMixtureExpectationMaximization.java,org.apache.commons.math3.distribution.fitting.MultivariateNormalMixtureExpectationMaximization,org.pitest.mutationtest.engine.gregor.mutators.NegateConditionalsMutator,fit,229,NO_COVERAGE,none
MultivariateNormalMixtureExpectationMaximization.java,org.apache.commons.math3.distribution.fitting.MultivariateNormalMixtureExpectationMaximization,org.pitest.mutationtest.engine.gregor.mutators.NegateConditionalsMutator,fit,232,NO_COVERAGE,none
MultivariateNormalMixtureExpectationMaximization.java,org.apache.commons.math3.distribution.fitting.MultivariateNormalMixtureExpectationMaximization,org.pitest.mutationtest.engine.gregor.mutators.NegateConditionalsMutator,fit,233,NO_COVERAGE,none
MultivariateNormalMixtureExpectationMaximization.java,org.apache.commons.math3.distribution.fitting.MultivariateNormalMixtureExpectationMaximization,org.pitest.mutationtest.engine.gregor.mutators.NegateConditionalsMutator,fit,244,NO_COVERAGE,none
MultivariateNormalMixtureExpectationMaximization.java,org.apache.commons.math3.distribution.fitting.MultivariateNormalMixtureExpectationMaximization,org.pitest.mutationtest.engine.gregor.mutators.NegateConditionalsMutator,fit,255,NO_COVERAGE,none
MultivariateNormalMixtureExpectationMaximization.java,org.apache.commons.math3.distribution.fitting.MultivariateNormalMixtureExpectationMaximization,org.pitest.mutationtest.engine.gregor.mutators.NonVoidMethodCallMutator,fit,139,SURVIVED,none
MultivariateNormalMixtureExpectationMaximization.java,org.apache.commons.math3.distribution.fitting.MultivariateNormalMixtureExpectationMaximization,org.pitest.mutationtest.engine.gregor.mutators.NonVoidMethodCallMutator,fit,143,SURVIVED,none
MultivariateNormalMixtureExpectationMaximization.java,org.apache.commons.math3.distribution.fitting.MultivariateNormalMixtureExpectationMaximization,org.pitest.mutationtest.engine.gregor.mutators.NonVoidMethodCallMutator,fit,151,SURVIVED,none
MultivariateNormalMixtureExpectationMaximization.java,org.apache.commons.math3.distribution.fitting.MultivariateNormalMixtureExpectationMaximization,org.pitest.mutationtest.engine.gregor.mutators.NonVoidMethodCallMutator,fit,151,SURVIVED,none
MultivariateNormalMixtureExpectationMaximization.java,org.apache.commons.math3.distribution.fitting.MultivariateNormalMixtureExpectationMaximization,org.pitest.mutationtest.engine.gregor.mutators.NonVoidMethodCallMutator,fit,153,SURVIVED,none
MultivariateNormalMixtureExpectationMaximization.java,org.apache.commons.math3.distribution.fitting.MultivariateNormalMixtureExpectationMaximization,org.pitest.mutationtest.engine.gregor.mutators.NonVoidMethodCallMutator,fit,153,SURVIVED,none
MultivariateNormalMixtureExpectationMaximization.java,org.apache.commons.math3.distribution.fitting.MultivariateNormalMixtureExpectationMaximization,org.pitest.mutationtest.engine.gregor.mutators.NonVoidMethodCallMutator,fit,153,SURVIVED,none
MultivariateNormalMixtureExpectationMaximization.java,org.apache.commons.math3.distribution.fitting.MultivariateNormalMixtureExpectationMaximization,org.pitest.mutationtest.engine.gregor.mutators.NonVoidMethodCallMutator,fit,153,SURVIVED,none
MultivariateNormalMixtureExpectationMaximization.java,org.apache.commons.math3.distribution.fitting.MultivariateNormalMixtureExpectationMaximization,org.pitest.mutationtest.engine.gregor.mutators.NonVoidMethodCallMutator,fit,166,NO_COVERAGE,none
MultivariateNormalMixtureExpectationMaximization.java,org.apache.commons.math3.distribution.fitting.MultivariateNormalMixtureExpectationMaximization,org.pitest.mutationtest.engine.gregor.mutators.NonVoidMethodCallMutator,fit,168,NO_COVERAGE,none
MultivariateNormalMixtureExpectationMaximization.java,org.apache.commons.math3.distribution.fitting.MultivariateNormalMixtureExpectationMaximization,org.pitest.mutationtest.engine.gregor.mutators.NonVoidMethodCallMutator,fit,174,NO_COVERAGE,none
MultivariateNormalMixtureExpectationMaximization.java,org.apache.commons.math3.distribution.fitting.MultivariateNormalMixtureExpectationMaximization,org.pitest.mutationtest.engine.gregor.mutators.NonVoidMethodCallMutator,fit,183,NO_COVERAGE,none
MultivariateNormalMixtureExpectationMaximization.java,org.apache.commons.math3.distribution.fitting.MultivariateNormalMixtureExpectationMaximization,org.pitest.mutationtest.engine.gregor.mutators.NonVoidMethodCallMutator,fit,183,NO_COVERAGE,none
MultivariateNormalMixtureExpectationMaximization.java,org.apache.commons.math3.distribution.fitting.MultivariateNormalMixtureExpectationMaximization,org.pitest.mutationtest.engine.gregor.mutators.NonVoidMethodCallMutator,fit,183,NO_COVERAGE,none
MultivariateNormalMixtureExpectationMaximization.java,org.apache.commons.math3.distribution.fitting.MultivariateNormalMixtureExpectationMaximization,org.pitest.mutationtest.engine.gregor.mutators.NonVoidMethodCallMutator,fit,184,NO_COVERAGE,none
MultivariateNormalMixtureExpectationMaximization.java,org.apache.commons.math3.distribution.fitting.MultivariateNormalMixtureExpectationMaximization,org.pitest.mutationtest.engine.gregor.mutators.NonVoidMethodCallMutator,fit,184,NO_COVERAGE,none
MultivariateNormalMixtureExpectationMaximization.java,org.apache.commons.math3.distribution.fitting.MultivariateNormalMixtureExpectationMaximization,org.pitest.mutationtest.engine.gregor.mutators.NonVoidMethodCallMutator,fit,200,NO_COVERAGE,none
MultivariateNormalMixtureExpectationMaximization.java,org.apache.commons.math3.distribution.fitting.MultivariateNormalMixtureExpectationMaximization,org.pitest.mutationtest.engine.gregor.mutators.NonVoidMethodCallMutator,fit,201,NO_COVERAGE,none
MultivariateNormalMixtureExpectationMaximization.java,org.apache.commons.math3.distribution.fitting.MultivariateNormalMixtureExpectationMaximization,org.pitest.mutationtest.engine.gregor.mutators.NonVoidMethodCallMutator,fit,204,NO_COVERAGE,none
MultivariateNormalMixtureExpectationMaximization.java,org.apache.commons.math3.distribution.fitting.MultivariateNormalMixtureExpectationMaximization,org.pitest.mutationtest.engine.gregor.mutators.NonVoidMethodCallMutator,fit,234,NO_COVERAGE,none
MultivariateNormalMixtureExpectationMaximization.java,org.apache.commons.math3.distribution.fitting.MultivariateNormalMixtureExpectationMaximization,org.pitest.mutationtest.engine.gregor.mutators.NonVoidMethodCallMutator,fit,236,NO_COVERAGE,none
MultivariateNormalMixtureExpectationMaximization.java,org.apache.commons.math3.distribution.fitting.MultivariateNormalMixtureExpectationMaximization,org.pitest.mutationtest.engine.gregor.mutators.NonVoidMethodCallMutator,fit,236,NO_COVERAGE,none
MultivariateNormalMixtureExpectationMaximization.java,org.apache.commons.math3.distribution.fitting.MultivariateNormalMixtureExpectationMaximization,org.pitest.mutationtest.engine.gregor.mutators.NonVoidMethodCallMutator,fit,236,NO_COVERAGE,none
MultivariateNormalMixtureExpectationMaximization.java,org.apache.commons.math3.distribution.fitting.MultivariateNormalMixtureExpectationMaximization,org.pitest.mutationtest.engine.gregor.mutators.NonVoidMethodCallMutator,fit,238,NO_COVERAGE,none
MultivariateNormalMixtureExpectationMaximization.java,org.apache.commons.math3.distribution.fitting.MultivariateNormalMixtureExpectationMaximization,org.pitest.mutationtest.engine.gregor.mutators.NonVoidMethodCallMutator,fit,245,NO_COVERAGE,none
MultivariateNormalMixtureExpectationMaximization.java,org.apache.commons.math3.distribution.fitting.MultivariateNormalMixtureExpectationMaximization,org.pitest.mutationtest.engine.gregor.mutators.NonVoidMethodCallMutator,fit,246,NO_COVERAGE,none
MultivariateNormalMixtureExpectationMaximization.java,org.apache.commons.math3.distribution.fitting.MultivariateNormalMixtureExpectationMaximization,org.pitest.mutationtest.engine.gregor.mutators.NonVoidMethodCallMutator,fit,255,NO_COVERAGE,none
MultivariateNormalMixtureExpectationMaximization.java,org.apache.commons.math3.distribution.fitting.MultivariateNormalMixtureExpectationMaximization,org.pitest.mutationtest.engine.gregor.mutators.RemoveConditionalMutator_EQUAL_ELSE,fit,156,SURVIVED,none
MultivariateNormalMixtureExpectationMaximization.java,org.apache.commons.math3.distribution.fitting.MultivariateNormalMixtureExpectationMaximization,org.pitest.mutationtest.engine.gregor.mutators.RemoveConditionalMutator_EQUAL_IF,fit,156,SURVIVED,none
MultivariateNormalMixtureExpectationMaximization.java,org.apache.commons.math3.distribution.fitting.MultivariateNormalMixtureExpectationMaximization,org.pitest.mutationtest.engine.gregor.mutators.RemoveConditionalMutator_ORDER_ELSE,fit,138,SURVIVED,none
MultivariateNormalMixtureExpectationMaximization.java,org.apache.commons.math3.distribution.fitting.MultivariateNormalMixtureExpectationMaximization,org.pitest.mutationtest.engine.gregor.mutators.RemoveConditionalMutator_ORDER_ELSE,fit,142,KILLED,org.apache.commons.math3.distribution.fitting.MultivariateNormalMixtureExpectationMaximization_ESTest.test04
MultivariateNormalMixtureExpectationMaximization.java,org.apache.commons.math3.distribution.fitting.MultivariateNormalMixtureExpectationMaximization,org.pitest.mutationtest.engine.gregor.mutators.RemoveConditionalMutator_ORDER_ELSE,fit,168,NO_COVERAGE,none
MultivariateNormalMixtureExpectationMaximization.java,org.apache.commons.math3.distribution.fitting.MultivariateNormalMixtureExpectationMaximization,org.pitest.mutationtest.engine.gregor.mutators.RemoveConditionalMutator_ORDER_ELSE,fit,168,NO_COVERAGE,none
MultivariateNormalMixtureExpectationMaximization.java,org.apache.commons.math3.distribution.fitting.MultivariateNormalMixtureExpectationMaximization,org.pitest.mutationtest.engine.gregor.mutators.RemoveConditionalMutator_ORDER_ELSE,fit,182,NO_COVERAGE,none
MultivariateNormalMixtureExpectationMaximization.java,org.apache.commons.math3.distribution.fitting.MultivariateNormalMixtureExpectationMaximization,org.pitest.mutationtest.engine.gregor.mutators.RemoveConditionalMutator_ORDER_ELSE,fit,199,NO_COVERAGE,none
MultivariateNormalMixtureExpectationMaximization.java,org.apache.commons.math3.distribution.fitting.MultivariateNormalMixtureExpectationMaximization,org.pitest.mutationtest.engine.gregor.mutators.RemoveConditionalMutator_ORDER_ELSE,fit,203,NO_COVERAGE,none
MultivariateNormalMixtureExpectationMaximization.java,org.apache.commons.math3.distribution.fitting.MultivariateNormalMixtureExpectationMaximization,org.pitest.mutationtest.engine.gregor.mutators.RemoveConditionalMutator_ORDER_ELSE,fit,207,NO_COVERAGE,none
MultivariateNormalMixtureExpectationMaximization.java,org.apache.commons.math3.distribution.fitting.MultivariateNormalMixtureExpectationMaximization,org.pitest.mutationtest.engine.gregor.mutators.RemoveConditionalMutator_ORDER_ELSE,fit,220,NO_COVERAGE,none
MultivariateNormalMixtureExpectationMaximization.java,org.apache.commons.math3.distribution.fitting.MultivariateNormalMixtureExpectationMaximization,org.pitest.mutationtest.engine.gregor.mutators.RemoveConditionalMutator_ORDER_ELSE,fit,222,NO_COVERAGE,none
MultivariateNormalMixtureExpectationMaximization.java,org.apache.commons.math3.distribution.fitting.MultivariateNormalMixtureExpectationMaximization,org.pitest.mutationtest.engine.gregor.mutators.RemoveConditionalMutator_ORDER_ELSE,fit,229,NO_COVERAGE,none
MultivariateNormalMixtureExpectationMaximization.java,org.apache.commons.math3.distribution.fitting.MultivariateNormalMixtureExpectationMaximization,org.pitest.mutationtest.engine.gregor.mutators.RemoveConditionalMutator_ORDER_ELSE,fit,232,NO_COVERAGE,none
MultivariateNormalMixtureExpectationMaximization.java,org.apache.commons.math3.distribution.fitting.MultivariateNormalMixtureExpectationMaximization,org.pitest.mutationtest.engine.gregor.mutators.RemoveConditionalMutator_ORDER_ELSE,fit,233,NO_COVERAGE,none
MultivariateNormalMixtureExpectationMaximization.java,org.apache.commons.math3.distribution.fitting.MultivariateNormalMixtureExpectationMaximization,org.pitest.mutationtest.engine.gregor.mutators.RemoveConditionalMutator_ORDER_ELSE,fit,244,NO_COVERAGE,none
MultivariateNormalMixtureExpectationMaximization.java,org.apache.commons.math3.distribution.fitting.MultivariateNormalMixtureExpectationMaximization,org.pitest.mutationtest.engine.gregor.mutators.RemoveConditionalMutator_ORDER_ELSE,fit,255,NO_COVERAGE,none
MultivariateNormalMixtureExpectationMaximization.java,org.apache.commons.math3.distribution.fitting.MultivariateNormalMixtureExpectationMaximization,org.pitest.mutationtest.engine.gregor.mutators.RemoveConditionalMutator_ORDER_IF,fit,138,KILLED,org.apache.commons.math3.distribution.fitting.MultivariateNormalMixtureExpectationMaximization_ESTest.test11
MultivariateNormalMixtureExpectationMaximization.java,org.apache.commons.math3.distribution.fitting.MultivariateNormalMixtureExpectationMaximization,org.pitest.mutationtest.engine.gregor.mutators.RemoveConditionalMutator_ORDER_IF,fit,142,KILLED,org.apache.commons.math3.distribution.fitting.MultivariateNormalMixtureExpectationMaximization_ESTest.test11
MultivariateNormalMixtureExpectationMaximization.java,org.apache.commons.math3.distribution.fitting.MultivariateNormalMixtureExpectationMaximization,org.pitest.mutationtest.engine.gregor.mutators.RemoveConditionalMutator_ORDER_IF,fit,168,NO_COVERAGE,none
MultivariateNormalMixtureExpectationMaximization.java,org.apache.commons.math3.distribution.fitting.MultivariateNormalMixtureExpectationMaximization,org.pitest.mutationtest.engine.gregor.mutators.RemoveConditionalMutator_ORDER_IF,fit,168,NO_COVERAGE,none
MultivariateNormalMixtureExpectationMaximization.java,org.apache.commons.math3.distribution.fitting.MultivariateNormalMixtureExpectationMaximization,org.pitest.mutationtest.engine.gregor.mutators.RemoveConditionalMutator_ORDER_IF,fit,182,NO_COVERAGE,none
MultivariateNormalMixtureExpectationMaximization.java,org.apache.commons.math3.distribution.fitting.MultivariateNormalMixtureExpectationMaximization,org.pitest.mutationtest.engine.gregor.mutators.RemoveConditionalMutator_ORDER_IF,fit,199,NO_COVERAGE,none
MultivariateNormalMixtureExpectationMaximization.java,org.apache.commons.math3.distribution.fitting.MultivariateNormalMixtureExpectationMaximization,org.pitest.mutationtest.engine.gregor.mutators.RemoveConditionalMutator_ORDER_IF,fit,203,NO_COVERAGE,none
MultivariateNormalMixtureExpectationMaximization.java,org.apache.commons.math3.distribution.fitting.MultivariateNormalMixtureExpectationMaximization,org.pitest.mutationtest.engine.gregor.mutators.RemoveConditionalMutator_ORDER_IF,fit,207,NO_COVERAGE,none
MultivariateNormalMixtureExpectationMaximization.java,org.apache.commons.math3.distribution.fitting.MultivariateNormalMixtureExpectationMaximization,org.pitest.mutationtest.engine.gregor.mutators.RemoveConditionalMutator_ORDER_IF,fit,220,NO_COVERAGE,none
MultivariateNormalMixtureExpectationMaximization.java,org.apache.commons.math3.distribution.fitting.MultivariateNormalMixtureExpectationMaximization,org.pitest.mutationtest.engine.gregor.mutators.RemoveConditionalMutator_ORDER_IF,fit,222,NO_COVERAGE,none
MultivariateNormalMixtureExpectationMaximization.java,org.apache.commons.math3.distribution.fitting.MultivariateNormalMixtureExpectationMaximization,org.pitest.mutationtest.engine.gregor.mutators.RemoveConditionalMutator_ORDER_IF,fit,229,NO_COVERAGE,none
MultivariateNormalMixtureExpectationMaximization.java,org.apache.commons.math3.distribution.fitting.MultivariateNormalMixtureExpectationMaximization,org.pitest.mutationtest.engine.gregor.mutators.RemoveConditionalMutator_ORDER_IF,fit,232,NO_COVERAGE,none
MultivariateNormalMixtureExpectationMaximization.java,org.apache.commons.math3.distribution.fitting.MultivariateNormalMixtureExpectationMaximization,org.pitest.mutationtest.engine.gregor.mutators.RemoveConditionalMutator_ORDER_IF,fit,233,NO_COVERAGE,none
MultivariateNormalMixtureExpectationMaximization.java,org.apache.commons.math3.distribution.fitting.MultivariateNormalMixtureExpectationMaximization,org.pitest.mutationtest.engine.gregor.mutators.RemoveConditionalMutator_ORDER_IF,fit,244,NO_COVERAGE,none
MultivariateNormalMixtureExpectationMaximization.java,org.apache.commons.math3.distribution.fitting.MultivariateNormalMixtureExpectationMaximization,org.pitest.mutationtest.engine.gregor.mutators.RemoveConditionalMutator_ORDER_IF,fit,255,NO_COVERAGE,none
MultivariateNormalMixtureExpectationMaximization.java,org.apache.commons.math3.distribution.fitting.MultivariateNormalMixtureExpectationMaximization,org.pitest.mutationtest.engine.gregor.mutators.experimental.MemberVariableMutator,fit,163,NO_COVERAGE,none
MultivariateNormalMixtureExpectationMaximization.java,org.apache.commons.math3.distribution.fitting.MultivariateNormalMixtureExpectationMaximization,org.pitest.mutationtest.engine.gregor.mutators.experimental.MemberVariableMutator,fit,166,NO_COVERAGE,none
MultivariateNormalMixtureExpectationMaximization.java,org.apache.commons.math3.distribution.fitting.MultivariateNormalMixtureExpectationMaximization,org.pitest.mutationtest.engine.gregor.mutators.experimental.MemberVariableMutator,fit,213,NO_COVERAGE,none
MultivariateNormalMixtureExpectationMaximization.java,org.apache.commons.math3.distribution.fitting.MultivariateNormalMixtureExpectationMaximization,org.pitest.mutationtest.engine.gregor.mutators.experimental.MemberVariableMutator,fit,250,NO_COVERAGE,none
MultivariateNormalMixtureExpectationMaximization.java,org.apache.commons.math3.distribution.fitting.MultivariateNormalMixtureExpectationMaximization,org.pitest.mutationtest.engine.gregor.mutators.experimental.NakedReceiverMutator,fit,236,NO_COVERAGE,none
MultivariateNormalMixtureExpectationMaximization.java,org.apache.commons.math3.distribution.fitting.MultivariateNormalMixtureExpectationMaximization,org.pitest.mutationtest.engine.gregor.mutators.experimental.NakedReceiverMutator,fit,236,NO_COVERAGE,none
MultivariateNormalMixtureExpectationMaximization.java,org.apache.commons.math3.distribution.fitting.MultivariateNormalMixtureExpectationMaximization,org.pitest.mutationtest.engine.gregor.mutators.experimental.NakedReceiverMutator,fit,236,NO_COVERAGE,none
MultivariateNormalMixtureExpectationMaximization.java,org.apache.commons.math3.distribution.fitting.MultivariateNormalMixtureExpectationMaximization,org.pitest.mutationtest.engine.gregor.mutators.experimental.NakedReceiverMutator,fit,238,NO_COVERAGE,none
MultivariateNormalMixtureExpectationMaximization.java,org.apache.commons.math3.distribution.fitting.MultivariateNormalMixtureExpectationMaximization,org.pitest.mutationtest.engine.gregor.mutators.experimental.NakedReceiverMutator,fit,245,NO_COVERAGE,none
MultivariateNormalMixtureExpectationMaximization.java,org.apache.commons.math3.distribution.fitting.MultivariateNormalMixtureExpectationMaximization,org.pitest.mutationtest.engine.gregor.mutators.experimental.RemoveIncrementsMutator,fit,168,NO_COVERAGE,none
MultivariateNormalMixtureExpectationMaximization.java,org.apache.commons.math3.distribution.fitting.MultivariateNormalMixtureExpectationMaximization,org.pitest.mutationtest.engine.gregor.mutators.experimental.RemoveIncrementsMutator,fit,203,NO_COVERAGE,none
MultivariateNormalMixtureExpectationMaximization.java,org.apache.commons.math3.distribution.fitting.MultivariateNormalMixtureExpectationMaximization,org.pitest.mutationtest.engine.gregor.mutators.experimental.RemoveIncrementsMutator,fit,199,NO_COVERAGE,none
MultivariateNormalMixtureExpectationMaximization.java,org.apache.commons.math3.distribution.fitting.MultivariateNormalMixtureExpectationMaximization,org.pitest.mutationtest.engine.gregor.mutators.experimental.RemoveIncrementsMutator,fit,220,NO_COVERAGE,none
MultivariateNormalMixtureExpectationMaximization.java,org.apache.commons.math3.distribution.fitting.MultivariateNormalMixtureExpectationMaximization,org.pitest.mutationtest.engine.gregor.mutators.experimental.RemoveIncrementsMutator,fit,232,NO_COVERAGE,none
MultivariateNormalMixtureExpectationMaximization.java,org.apache.commons.math3.distribution.fitting.MultivariateNormalMixtureExpectationMaximization,org.pitest.mutationtest.engine.gregor.mutators.ConstructorCallMutator,getFittedModel,388,SURVIVED,none
MultivariateNormalMixtureExpectationMaximization.java,org.apache.commons.math3.distribution.fitting.MultivariateNormalMixtureExpectationMaximization,org.pitest.mutationtest.engine.gregor.mutators.NonVoidMethodCallMutator,getFittedModel,388,KILLED,org.apache.commons.math3.distribution.fitting.MultivariateNormalMixtureExpectationMaximization_ESTest.test09
MultivariateNormalMixtureExpectationMaximization.java,org.apache.commons.math3.distribution.fitting.MultivariateNormalMixtureExpectationMaximization,org.pitest.mutationtest.engine.gregor.mutators.NullReturnValsMutator,getFittedModel,388,SURVIVED,none
MultivariateNormalMixtureExpectationMaximization.java,org.apache.commons.math3.distribution.fitting.MultivariateNormalMixtureExpectationMaximization,org.pitest.mutationtest.engine.gregor.mutators.ReturnValsMutator,getFittedModel,388,SURVIVED,none
MultivariateNormalMixtureExpectationMaximization.java,org.apache.commons.math3.distribution.fitting.MultivariateNormalMixtureExpectationMaximization,org.pitest.mutationtest.engine.gregor.mutators.PrimitiveReturnsMutator,getLogLikelihood,379,SURVIVED,none
MultivariateNormalMixtureExpectationMaximization.java,org.apache.commons.math3.distribution.fitting.MultivariateNormalMixtureExpectationMaximization,org.pitest.mutationtest.engine.gregor.mutators.ReturnValsMutator,getLogLikelihood,379,KILLED,org.apache.commons.math3.distribution.fitting.MultivariateNormalMixtureExpectationMaximization_ESTest.test10
