ExecutionFilter.java,com.ib.client.ExecutionFilter,org.pitest.mutationtest.engine.gregor.mutators.InlineConstantMutator,<init>,35,KILLED,com.ib.client.ExecutionFilter_ESTest.test6
ExecutionFilter.java,com.ib.client.ExecutionFilter,org.pitest.mutationtest.engine.gregor.mutators.experimental.MemberVariableMutator,<init>,35,SURVIVED,none
ExecutionFilter.java,com.ib.client.ExecutionFilter,org.pitest.mutationtest.engine.gregor.mutators.experimental.MemberVariableMutator,<init>,40,KILLED,com.ib.client.ExecutionFilter_ESTest.test7
ExecutionFilter.java,com.ib.client.ExecutionFilter,org.pitest.mutationtest.engine.gregor.mutators.experimental.MemberVariableMutator,<init>,41,KILLED,com.ib.client.ExecutionFilter_ESTest.test6
ExecutionFilter.java,com.ib.client.ExecutionFilter,org.pitest.mutationtest.engine.gregor.mutators.experimental.MemberVariableMutator,<init>,42,KILLED,com.ib.client.ExecutionFilter_ESTest.test1
ExecutionFilter.java,com.ib.client.ExecutionFilter,org.pitest.mutationtest.engine.gregor.mutators.experimental.MemberVariableMutator,<init>,43,KILLED,com.ib.client.ExecutionFilter_ESTest.test4
ExecutionFilter.java,com.ib.client.ExecutionFilter,org.pitest.mutationtest.engine.gregor.mutators.experimental.MemberVariableMutator,<init>,44,KILLED,com.ib.client.ExecutionFilter_ESTest.test1
ExecutionFilter.java,com.ib.client.ExecutionFilter,org.pitest.mutationtest.engine.gregor.mutators.experimental.MemberVariableMutator,<init>,45,KILLED,com.ib.client.ExecutionFilter_ESTest.test1
ExecutionFilter.java,com.ib.client.ExecutionFilter,org.pitest.mutationtest.engine.gregor.mutators.experimental.MemberVariableMutator,<init>,46,KILLED,com.ib.client.ExecutionFilter_ESTest.test1
ExecutionFilter.java,com.ib.client.ExecutionFilter,org.pitest.mutationtest.engine.gregor.mutators.BooleanFalseReturnValsMutator,equals,68,KILLED,com.ib.client.ExecutionFilter_ESTest.test9
ExecutionFilter.java,com.ib.client.ExecutionFilter,org.pitest.mutationtest.engine.gregor.mutators.BooleanTrueReturnValsMutator,equals,68,KILLED,com.ib.client.ExecutionFilter_ESTest.test6
ExecutionFilter.java,com.ib.client.ExecutionFilter,org.pitest.mutationtest.engine.gregor.mutators.InlineConstantMutator,equals,50,SURVIVED,none
ExecutionFilter.java,com.ib.client.ExecutionFilter,org.pitest.mutationtest.engine.gregor.mutators.InlineConstantMutator,equals,53,KILLED,com.ib.client.ExecutionFilter_ESTest.test8
ExecutionFilter.java,com.ib.client.ExecutionFilter,org.pitest.mutationtest.engine.gregor.mutators.InlineConstantMutator,equals,56,KILLED,com.ib.client.ExecutionFilter_ESTest.test9
ExecutionFilter.java,com.ib.client.ExecutionFilter,org.pitest.mutationtest.engine.gregor.mutators.InlineConstantMutator,equals,60,KILLED,com.ib.client.ExecutionFilter_ESTest.test0
ExecutionFilter.java,com.ib.client.ExecutionFilter,org.pitest.mutationtest.engine.gregor.mutators.InlineConstantMutator,equals,60,KILLED,com.ib.client.ExecutionFilter_ESTest.test6
ExecutionFilter.java,com.ib.client.ExecutionFilter,org.pitest.mutationtest.engine.gregor.mutators.NegateConditionalsMutator,equals,52,KILLED,com.ib.client.ExecutionFilter_ESTest.test8
ExecutionFilter.java,com.ib.client.ExecutionFilter,org.pitest.mutationtest.engine.gregor.mutators.NegateConditionalsMutator,equals,55,KILLED,com.ib.client.ExecutionFilter_ESTest.test6
ExecutionFilter.java,com.ib.client.ExecutionFilter,org.pitest.mutationtest.engine.gregor.mutators.NegateConditionalsMutator,equals,60,KILLED,com.ib.client.ExecutionFilter_ESTest.test0
ExecutionFilter.java,com.ib.client.ExecutionFilter,org.pitest.mutationtest.engine.gregor.mutators.NegateConditionalsMutator,equals,60,KILLED,com.ib.client.ExecutionFilter_ESTest.test0
ExecutionFilter.java,com.ib.client.ExecutionFilter,org.pitest.mutationtest.engine.gregor.mutators.NegateConditionalsMutator,equals,60,KILLED,com.ib.client.ExecutionFilter_ESTest.test0
ExecutionFilter.java,com.ib.client.ExecutionFilter,org.pitest.mutationtest.engine.gregor.mutators.NegateConditionalsMutator,equals,60,KILLED,com.ib.client.ExecutionFilter_ESTest.test0
ExecutionFilter.java,com.ib.client.ExecutionFilter,org.pitest.mutationtest.engine.gregor.mutators.NegateConditionalsMutator,equals,60,KILLED,com.ib.client.ExecutionFilter_ESTest.test0
ExecutionFilter.java,com.ib.client.ExecutionFilter,org.pitest.mutationtest.engine.gregor.mutators.NegateConditionalsMutator,equals,60,KILLED,com.ib.client.ExecutionFilter_ESTest.test0
ExecutionFilter.java,com.ib.client.ExecutionFilter,org.pitest.mutationtest.engine.gregor.mutators.NegateConditionalsMutator,equals,60,KILLED,com.ib.client.ExecutionFilter_ESTest.test1
ExecutionFilter.java,com.ib.client.ExecutionFilter,org.pitest.mutationtest.engine.gregor.mutators.NonVoidMethodCallMutator,equals,60,KILLED,com.ib.client.ExecutionFilter_ESTest.test0
ExecutionFilter.java,com.ib.client.ExecutionFilter,org.pitest.mutationtest.engine.gregor.mutators.NonVoidMethodCallMutator,equals,60,KILLED,com.ib.client.ExecutionFilter_ESTest.test0
ExecutionFilter.java,com.ib.client.ExecutionFilter,org.pitest.mutationtest.engine.gregor.mutators.NonVoidMethodCallMutator,equals,60,KILLED,com.ib.client.ExecutionFilter_ESTest.test0
ExecutionFilter.java,com.ib.client.ExecutionFilter,org.pitest.mutationtest.engine.gregor.mutators.NonVoidMethodCallMutator,equals,60,KILLED,com.ib.client.ExecutionFilter_ESTest.test0
ExecutionFilter.java,com.ib.client.ExecutionFilter,org.pitest.mutationtest.engine.gregor.mutators.NonVoidMethodCallMutator,equals,60,KILLED,com.ib.client.ExecutionFilter_ESTest.test0
ExecutionFilter.java,com.ib.client.ExecutionFilter,org.pitest.mutationtest.engine.gregor.mutators.NonVoidMethodCallMutator,equals,60,KILLED,com.ib.client.ExecutionFilter_ESTest.test0
ExecutionFilter.java,com.ib.client.ExecutionFilter,org.pitest.mutationtest.engine.gregor.mutators.RemoveConditionalMutator_EQUAL_ELSE,equals,52,KILLED,com.ib.client.ExecutionFilter_ESTest.test8
ExecutionFilter.java,com.ib.client.ExecutionFilter,org.pitest.mutationtest.engine.gregor.mutators.RemoveConditionalMutator_EQUAL_ELSE,equals,60,KILLED,com.ib.client.ExecutionFilter_ESTest.test0
ExecutionFilter.java,com.ib.client.ExecutionFilter,org.pitest.mutationtest.engine.gregor.mutators.RemoveConditionalMutator_EQUAL_ELSE,equals,60,KILLED,com.ib.client.ExecutionFilter_ESTest.test0
ExecutionFilter.java,com.ib.client.ExecutionFilter,org.pitest.mutationtest.engine.gregor.mutators.RemoveConditionalMutator_EQUAL_ELSE,equals,60,KILLED,com.ib.client.ExecutionFilter_ESTest.test0
ExecutionFilter.java,com.ib.client.ExecutionFilter,org.pitest.mutationtest.engine.gregor.mutators.RemoveConditionalMutator_EQUAL_ELSE,equals,60,KILLED,com.ib.client.ExecutionFilter_ESTest.test0
ExecutionFilter.java,com.ib.client.ExecutionFilter,org.pitest.mutationtest.engine.gregor.mutators.RemoveConditionalMutator_EQUAL_ELSE,equals,60,KILLED,com.ib.client.ExecutionFilter_ESTest.test0
ExecutionFilter.java,com.ib.client.ExecutionFilter,org.pitest.mutationtest.engine.gregor.mutators.RemoveConditionalMutator_EQUAL_ELSE,equals,60,KILLED,com.ib.client.ExecutionFilter_ESTest.test0
ExecutionFilter.java,com.ib.client.ExecutionFilter,org.pitest.mutationtest.engine.gregor.mutators.RemoveConditionalMutator_EQUAL_ELSE,equals,60,KILLED,com.ib.client.ExecutionFilter_ESTest.test0
ExecutionFilter.java,com.ib.client.ExecutionFilter,org.pitest.mutationtest.engine.gregor.mutators.RemoveConditionalMutator_EQUAL_IF,equals,52,KILLED,com.ib.client.ExecutionFilter_ESTest.test9
ExecutionFilter.java,com.ib.client.ExecutionFilter,org.pitest.mutationtest.engine.gregor.mutators.RemoveConditionalMutator_EQUAL_IF,equals,55,KILLED,com.ib.client.ExecutionFilter_ESTest.test6
ExecutionFilter.java,com.ib.client.ExecutionFilter,org.pitest.mutationtest.engine.gregor.mutators.RemoveConditionalMutator_EQUAL_IF,equals,60,SURVIVED,none
ExecutionFilter.java,com.ib.client.ExecutionFilter,org.pitest.mutationtest.engine.gregor.mutators.RemoveConditionalMutator_EQUAL_IF,equals,60,SURVIVED,none
ExecutionFilter.java,com.ib.client.ExecutionFilter,org.pitest.mutationtest.engine.gregor.mutators.RemoveConditionalMutator_EQUAL_IF,equals,60,SURVIVED,none
ExecutionFilter.java,com.ib.client.ExecutionFilter,org.pitest.mutationtest.engine.gregor.mutators.RemoveConditionalMutator_EQUAL_IF,equals,60,SURVIVED,none
ExecutionFilter.java,com.ib.client.ExecutionFilter,org.pitest.mutationtest.engine.gregor.mutators.RemoveConditionalMutator_EQUAL_IF,equals,60,SURVIVED,none
ExecutionFilter.java,com.ib.client.ExecutionFilter,org.pitest.mutationtest.engine.gregor.mutators.RemoveConditionalMutator_EQUAL_IF,equals,60,SURVIVED,none
ExecutionFilter.java,com.ib.client.ExecutionFilter,org.pitest.mutationtest.engine.gregor.mutators.RemoveConditionalMutator_EQUAL_IF,equals,60,KILLED,com.ib.client.ExecutionFilter_ESTest.test1
ExecutionFilter.java,com.ib.client.ExecutionFilter,org.pitest.mutationtest.engine.gregor.mutators.ReturnValsMutator,equals,68,KILLED,com.ib.client.ExecutionFilter_ESTest.test6
