DateTimeFormatter.java,org.joda.time.format.DateTimeFormatter,org.pitest.mutationtest.engine.gregor.mutators.NonVoidMethodCallMutator,<init>,118,KILLED,org.joda.time.format.DateTimeFormatter_ESTest.test05
DateTimeFormatter.java,org.joda.time.format.DateTimeFormatter,org.pitest.mutationtest.engine.gregor.mutators.NonVoidMethodCallMutator,<init>,118,KILLED,org.joda.time.format.DateTimeFormatter_ESTest.test08
DateTimeFormatter.java,org.joda.time.format.DateTimeFormatter,org.pitest.mutationtest.engine.gregor.mutators.InlineConstantMutator,<init>,134,KILLED,org.joda.time.format.DateTimeFormatter_ESTest.test10
DateTimeFormatter.java,org.joda.time.format.DateTimeFormatter,org.pitest.mutationtest.engine.gregor.mutators.InlineConstantMutator,<init>,138,KILLED,org.joda.time.format.DateTimeFormatter_ESTest.test10
DateTimeFormatter.java,org.joda.time.format.DateTimeFormatter,org.pitest.mutationtest.engine.gregor.mutators.experimental.MemberVariableMutator,<init>,131,KILLED,org.joda.time.format.DateTimeFormatter_ESTest.test18
DateTimeFormatter.java,org.joda.time.format.DateTimeFormatter,org.pitest.mutationtest.engine.gregor.mutators.experimental.MemberVariableMutator,<init>,132,KILLED,org.joda.time.format.DateTimeFormatter_ESTest.test16
DateTimeFormatter.java,org.joda.time.format.DateTimeFormatter,org.pitest.mutationtest.engine.gregor.mutators.experimental.MemberVariableMutator,<init>,133,SURVIVED,none
DateTimeFormatter.java,org.joda.time.format.DateTimeFormatter,org.pitest.mutationtest.engine.gregor.mutators.experimental.MemberVariableMutator,<init>,134,SURVIVED,none
DateTimeFormatter.java,org.joda.time.format.DateTimeFormatter,org.pitest.mutationtest.engine.gregor.mutators.experimental.MemberVariableMutator,<init>,135,SURVIVED,none
DateTimeFormatter.java,org.joda.time.format.DateTimeFormatter,org.pitest.mutationtest.engine.gregor.mutators.experimental.MemberVariableMutator,<init>,136,SURVIVED,none
DateTimeFormatter.java,org.joda.time.format.DateTimeFormatter,org.pitest.mutationtest.engine.gregor.mutators.experimental.MemberVariableMutator,<init>,137,SURVIVED,none
DateTimeFormatter.java,org.joda.time.format.DateTimeFormatter,org.pitest.mutationtest.engine.gregor.mutators.experimental.MemberVariableMutator,<init>,138,KILLED,org.joda.time.format.DateTimeFormatter_ESTest.test10
DateTimeFormatter.java,org.joda.time.format.DateTimeFormatter,org.pitest.mutationtest.engine.gregor.mutators.experimental.MemberVariableMutator,<init>,150,SURVIVED,none
DateTimeFormatter.java,org.joda.time.format.DateTimeFormatter,org.pitest.mutationtest.engine.gregor.mutators.experimental.MemberVariableMutator,<init>,151,KILLED,org.joda.time.format.DateTimeFormatter_ESTest.test25
DateTimeFormatter.java,org.joda.time.format.DateTimeFormatter,org.pitest.mutationtest.engine.gregor.mutators.experimental.MemberVariableMutator,<init>,152,SURVIVED,none
DateTimeFormatter.java,org.joda.time.format.DateTimeFormatter,org.pitest.mutationtest.engine.gregor.mutators.experimental.MemberVariableMutator,<init>,153,KILLED,org.joda.time.format.DateTimeFormatter_ESTest.test13
DateTimeFormatter.java,org.joda.time.format.DateTimeFormatter,org.pitest.mutationtest.engine.gregor.mutators.experimental.MemberVariableMutator,<init>,154,SURVIVED,none
DateTimeFormatter.java,org.joda.time.format.DateTimeFormatter,org.pitest.mutationtest.engine.gregor.mutators.experimental.MemberVariableMutator,<init>,155,SURVIVED,none
DateTimeFormatter.java,org.joda.time.format.DateTimeFormatter,org.pitest.mutationtest.engine.gregor.mutators.experimental.MemberVariableMutator,<init>,156,KILLED,org.joda.time.format.DateTimeFormatter_ESTest.test01
DateTimeFormatter.java,org.joda.time.format.DateTimeFormatter,org.pitest.mutationtest.engine.gregor.mutators.experimental.MemberVariableMutator,<init>,157,KILLED,org.joda.time.format.DateTimeFormatter_ESTest.test11
DateTimeFormatter.java,org.joda.time.format.DateTimeFormatter,org.pitest.mutationtest.engine.gregor.mutators.NullReturnValsMutator,getChronolgy,315,SURVIVED,none
DateTimeFormatter.java,org.joda.time.format.DateTimeFormatter,org.pitest.mutationtest.engine.gregor.mutators.ReturnValsMutator,getChronolgy,315,KILLED,org.joda.time.format.DateTimeFormatter_ESTest.test27
DateTimeFormatter.java,org.joda.time.format.DateTimeFormatter,org.pitest.mutationtest.engine.gregor.mutators.NullReturnValsMutator,getChronology,304,SURVIVED,none
DateTimeFormatter.java,org.joda.time.format.DateTimeFormatter,org.pitest.mutationtest.engine.gregor.mutators.ReturnValsMutator,getChronology,304,KILLED,org.joda.time.format.DateTimeFormatter_ESTest.test44
DateTimeFormatter.java,org.joda.time.format.DateTimeFormatter,org.pitest.mutationtest.engine.gregor.mutators.PrimitiveReturnsMutator,getDefaultYear,483,KILLED,org.joda.time.format.DateTimeFormatter_ESTest.test10
DateTimeFormatter.java,org.joda.time.format.DateTimeFormatter,org.pitest.mutationtest.engine.gregor.mutators.ReturnValsMutator,getDefaultYear,483,KILLED,org.joda.time.format.DateTimeFormatter_ESTest.test10
DateTimeFormatter.java,org.joda.time.format.DateTimeFormatter,org.pitest.mutationtest.engine.gregor.mutators.NullReturnValsMutator,getLocale,237,SURVIVED,none
DateTimeFormatter.java,org.joda.time.format.DateTimeFormatter,org.pitest.mutationtest.engine.gregor.mutators.ReturnValsMutator,getLocale,237,KILLED,org.joda.time.format.DateTimeFormatter_ESTest.test14
DateTimeFormatter.java,org.joda.time.format.DateTimeFormatter,org.pitest.mutationtest.engine.gregor.mutators.NonVoidMethodCallMutator,getParser,203,KILLED,org.joda.time.format.DateTimeFormatter_ESTest.test41
DateTimeFormatter.java,org.joda.time.format.DateTimeFormatter,org.pitest.mutationtest.engine.gregor.mutators.NullReturnValsMutator,getParser,203,KILLED,org.joda.time.format.DateTimeFormatter_ESTest.test41
DateTimeFormatter.java,org.joda.time.format.DateTimeFormatter,org.pitest.mutationtest.engine.gregor.mutators.ReturnValsMutator,getParser,203,KILLED,org.joda.time.format.DateTimeFormatter_ESTest.test41
DateTimeFormatter.java,org.joda.time.format.DateTimeFormatter,org.pitest.mutationtest.engine.gregor.mutators.NullReturnValsMutator,getParser0,207,KILLED,org.joda.time.format.DateTimeFormatter_ESTest.test41
DateTimeFormatter.java,org.joda.time.format.DateTimeFormatter,org.pitest.mutationtest.engine.gregor.mutators.ReturnValsMutator,getParser0,207,KILLED,org.joda.time.format.DateTimeFormatter_ESTest.test41
DateTimeFormatter.java,org.joda.time.format.DateTimeFormatter,org.pitest.mutationtest.engine.gregor.mutators.EmptyObjectReturnValsMutator,getPivotYear,449,SURVIVED,none
DateTimeFormatter.java,org.joda.time.format.DateTimeFormatter,org.pitest.mutationtest.engine.gregor.mutators.ReturnValsMutator,getPivotYear,449,KILLED,org.joda.time.format.DateTimeFormatter_ESTest.test26
DateTimeFormatter.java,org.joda.time.format.DateTimeFormatter,org.pitest.mutationtest.engine.gregor.mutators.NonVoidMethodCallMutator,getPrinter,176,SURVIVED,none
DateTimeFormatter.java,org.joda.time.format.DateTimeFormatter,org.pitest.mutationtest.engine.gregor.mutators.NullReturnValsMutator,getPrinter,176,SURVIVED,none
DateTimeFormatter.java,org.joda.time.format.DateTimeFormatter,org.pitest.mutationtest.engine.gregor.mutators.ReturnValsMutator,getPrinter,176,SURVIVED,none
DateTimeFormatter.java,org.joda.time.format.DateTimeFormatter,org.pitest.mutationtest.engine.gregor.mutators.NullReturnValsMutator,getPrinter0,185,SURVIVED,none
DateTimeFormatter.java,org.joda.time.format.DateTimeFormatter,org.pitest.mutationtest.engine.gregor.mutators.ReturnValsMutator,getPrinter0,185,KILLED,org.joda.time.format.DateTimeFormatter_ESTest.test41
DateTimeFormatter.java,org.joda.time.format.DateTimeFormatter,org.pitest.mutationtest.engine.gregor.mutators.NullReturnValsMutator,getZone,368,SURVIVED,none
DateTimeFormatter.java,org.joda.time.format.DateTimeFormatter,org.pitest.mutationtest.engine.gregor.mutators.ReturnValsMutator,getZone,368,KILLED,org.joda.time.format.DateTimeFormatter_ESTest.test23
DateTimeFormatter.java,org.joda.time.format.DateTimeFormatter,org.pitest.mutationtest.engine.gregor.mutators.BooleanFalseReturnValsMutator,isOffsetParsed,270,KILLED,org.joda.time.format.DateTimeFormatter_ESTest.test13
DateTimeFormatter.java,org.joda.time.format.DateTimeFormatter,org.pitest.mutationtest.engine.gregor.mutators.BooleanTrueReturnValsMutator,isOffsetParsed,270,KILLED,org.joda.time.format.DateTimeFormatter_ESTest.test10
DateTimeFormatter.java,org.joda.time.format.DateTimeFormatter,org.pitest.mutationtest.engine.gregor.mutators.ReturnValsMutator,isOffsetParsed,270,KILLED,org.joda.time.format.DateTimeFormatter_ESTest.test10
DateTimeFormatter.java,org.joda.time.format.DateTimeFormatter,org.pitest.mutationtest.engine.gregor.mutators.BooleanTrueReturnValsMutator,isParser,194,KILLED,org.joda.time.format.DateTimeFormatter_ESTest.test17
DateTimeFormatter.java,org.joda.time.format.DateTimeFormatter,org.pitest.mutationtest.engine.gregor.mutators.InlineConstantMutator,isParser,194,KILLED,org.joda.time.format.DateTimeFormatter_ESTest.test16
DateTimeFormatter.java,org.joda.time.format.DateTimeFormatter,org.pitest.mutationtest.engine.gregor.mutators.InlineConstantMutator,isParser,194,KILLED,org.joda.time.format.DateTimeFormatter_ESTest.test17
DateTimeFormatter.java,org.joda.time.format.DateTimeFormatter,org.pitest.mutationtest.engine.gregor.mutators.NegateConditionalsMutator,isParser,194,KILLED,org.joda.time.format.DateTimeFormatter_ESTest.test16
DateTimeFormatter.java,org.joda.time.format.DateTimeFormatter,org.pitest.mutationtest.engine.gregor.mutators.RemoveConditionalMutator_EQUAL_ELSE,isParser,194,KILLED,org.joda.time.format.DateTimeFormatter_ESTest.test16
DateTimeFormatter.java,org.joda.time.format.DateTimeFormatter,org.pitest.mutationtest.engine.gregor.mutators.RemoveConditionalMutator_EQUAL_IF,isParser,194,KILLED,org.joda.time.format.DateTimeFormatter_ESTest.test17
DateTimeFormatter.java,org.joda.time.format.DateTimeFormatter,org.pitest.mutationtest.engine.gregor.mutators.ReturnValsMutator,isParser,194,KILLED,org.joda.time.format.DateTimeFormatter_ESTest.test16
DateTimeFormatter.java,org.joda.time.format.DateTimeFormatter,org.pitest.mutationtest.engine.gregor.mutators.BooleanTrueReturnValsMutator,isPrinter,167,KILLED,org.joda.time.format.DateTimeFormatter_ESTest.test19
DateTimeFormatter.java,org.joda.time.format.DateTimeFormatter,org.pitest.mutationtest.engine.gregor.mutators.InlineConstantMutator,isPrinter,167,KILLED,org.joda.time.format.DateTimeFormatter_ESTest.test18
DateTimeFormatter.java,org.joda.time.format.DateTimeFormatter,org.pitest.mutationtest.engine.gregor.mutators.InlineConstantMutator,isPrinter,167,KILLED,org.joda.time.format.DateTimeFormatter_ESTest.test19
DateTimeFormatter.java,org.joda.time.format.DateTimeFormatter,org.pitest.mutationtest.engine.gregor.mutators.NegateConditionalsMutator,isPrinter,167,KILLED,org.joda.time.format.DateTimeFormatter_ESTest.test19
DateTimeFormatter.java,org.joda.time.format.DateTimeFormatter,org.pitest.mutationtest.engine.gregor.mutators.RemoveConditionalMutator_EQUAL_ELSE,isPrinter,167,KILLED,org.joda.time.format.DateTimeFormatter_ESTest.test18
DateTimeFormatter.java,org.joda.time.format.DateTimeFormatter,org.pitest.mutationtest.engine.gregor.mutators.RemoveConditionalMutator_EQUAL_IF,isPrinter,167,KILLED,org.joda.time.format.DateTimeFormatter_ESTest.test19
DateTimeFormatter.java,org.joda.time.format.DateTimeFormatter,org.pitest.mutationtest.engine.gregor.mutators.ReturnValsMutator,isPrinter,167,KILLED,org.joda.time.format.DateTimeFormatter_ESTest.test19
DateTimeFormatter.java,org.joda.time.format.DateTimeFormatter,org.pitest.mutationtest.engine.gregor.mutators.ArgumentPropagationMutator,parseDateTime,923,NO_COVERAGE,none
DateTimeFormatter.java,org.joda.time.format.DateTimeFormatter,org.pitest.mutationtest.engine.gregor.mutators.ArgumentPropagationMutator,parseDateTime,925,NO_COVERAGE,none
DateTimeFormatter.java,org.joda.time.format.DateTimeFormatter,org.pitest.mutationtest.engine.gregor.mutators.ArgumentPropagationMutator,parseDateTime,945,NO_COVERAGE,none
DateTimeFormatter.java,org.joda.time.format.DateTimeFormatter,org.pitest.mutationtest.engine.gregor.mutators.ConditionalsBoundaryMutator,parseDateTime,926,NO_COVERAGE,none
DateTimeFormatter.java,org.joda.time.format.DateTimeFormatter,org.pitest.mutationtest.engine.gregor.mutators.ConditionalsBoundaryMutator,parseDateTime,927,NO_COVERAGE,none
DateTimeFormatter.java,org.joda.time.format.DateTimeFormatter,org.pitest.mutationtest.engine.gregor.mutators.ConstructorCallMutator,parseDateTime,924,NO_COVERAGE,none
DateTimeFormatter.java,org.joda.time.format.DateTimeFormatter,org.pitest.mutationtest.engine.gregor.mutators.ConstructorCallMutator,parseDateTime,936,NO_COVERAGE,none
DateTimeFormatter.java,org.joda.time.format.DateTimeFormatter,org.pitest.mutationtest.engine.gregor.mutators.ConstructorCallMutator,parseDateTime,945,NO_COVERAGE,none
DateTimeFormatter.java,org.joda.time.format.DateTimeFormatter,org.pitest.mutationtest.engine.gregor.mutators.InlineConstantMutator,parseDateTime,924,NO_COVERAGE,none
DateTimeFormatter.java,org.joda.time.format.DateTimeFormatter,org.pitest.mutationtest.engine.gregor.mutators.InlineConstantMutator,parseDateTime,925,NO_COVERAGE,none
DateTimeFormatter.java,org.joda.time.format.DateTimeFormatter,org.pitest.mutationtest.engine.gregor.mutators.InlineConstantMutator,parseDateTime,928,NO_COVERAGE,none
DateTimeFormatter.java,org.joda.time.format.DateTimeFormatter,org.pitest.mutationtest.engine.gregor.mutators.InlineConstantMutator,parseDateTime,943,NO_COVERAGE,none
DateTimeFormatter.java,org.joda.time.format.DateTimeFormatter,org.pitest.mutationtest.engine.gregor.mutators.MathMutator,parseDateTime,943,NO_COVERAGE,none
DateTimeFormatter.java,org.joda.time.format.DateTimeFormatter,org.pitest.mutationtest.engine.gregor.mutators.NegateConditionalsMutator,parseDateTime,926,NO_COVERAGE,none
DateTimeFormatter.java,org.joda.time.format.DateTimeFormatter,org.pitest.mutationtest.engine.gregor.mutators.NegateConditionalsMutator,parseDateTime,927,NO_COVERAGE,none
DateTimeFormatter.java,org.joda.time.format.DateTimeFormatter,org.pitest.mutationtest.engine.gregor.mutators.NegateConditionalsMutator,parseDateTime,929,NO_COVERAGE,none
DateTimeFormatter.java,org.joda.time.format.DateTimeFormatter,org.pitest.mutationtest.engine.gregor.mutators.NegateConditionalsMutator,parseDateTime,929,NO_COVERAGE,none
DateTimeFormatter.java,org.joda.time.format.DateTimeFormatter,org.pitest.mutationtest.engine.gregor.mutators.NegateConditionalsMutator,parseDateTime,933,NO_COVERAGE,none
DateTimeFormatter.java,org.joda.time.format.DateTimeFormatter,org.pitest.mutationtest.engine.gregor.mutators.NegateConditionalsMutator,parseDateTime,937,NO_COVERAGE,none
DateTimeFormatter.java,org.joda.time.format.DateTimeFormatter,org.pitest.mutationtest.engine.gregor.mutators.NonVoidMethodCallMutator,parseDateTime,921,NO_COVERAGE,none
DateTimeFormatter.java,org.joda.time.format.DateTimeFormatter,org.pitest.mutationtest.engine.gregor.mutators.NonVoidMethodCallMutator,parseDateTime,923,NO_COVERAGE,none
DateTimeFormatter.java,org.joda.time.format.DateTimeFormatter,org.pitest.mutationtest.engine.gregor.mutators.NonVoidMethodCallMutator,parseDateTime,925,NO_COVERAGE,none
DateTimeFormatter.java,org.joda.time.format.DateTimeFormatter,org.pitest.mutationtest.engine.gregor.mutators.NonVoidMethodCallMutator,parseDateTime,927,NO_COVERAGE,none
DateTimeFormatter.java,org.joda.time.format.DateTimeFormatter,org.pitest.mutationtest.engine.gregor.mutators.NonVoidMethodCallMutator,parseDateTime,928,NO_COVERAGE,none
DateTimeFormatter.java,org.joda.time.format.DateTimeFormatter,org.pitest.mutationtest.engine.gregor.mutators.NonVoidMethodCallMutator,parseDateTime,929,NO_COVERAGE,none
DateTimeFormatter.java,org.joda.time.format.DateTimeFormatter,org.pitest.mutationtest.engine.gregor.mutators.NonVoidMethodCallMutator,parseDateTime,930,NO_COVERAGE,none
DateTimeFormatter.java,org.joda.time.format.DateTimeFormatter,org.pitest.mutationtest.engine.gregor.mutators.NonVoidMethodCallMutator,parseDateTime,930,NO_COVERAGE,none
DateTimeFormatter.java,org.joda.time.format.DateTimeFormatter,org.pitest.mutationtest.engine.gregor.mutators.NonVoidMethodCallMutator,parseDateTime,931,NO_COVERAGE,none
DateTimeFormatter.java,org.joda.time.format.DateTimeFormatter,org.pitest.mutationtest.engine.gregor.mutators.NonVoidMethodCallMutator,parseDateTime,932,NO_COVERAGE,none
DateTimeFormatter.java,org.joda.time.format.DateTimeFormatter,org.pitest.mutationtest.engine.gregor.mutators.NonVoidMethodCallMutator,parseDateTime,933,NO_COVERAGE,none
DateTimeFormatter.java,org.joda.time.format.DateTimeFormatter,org.pitest.mutationtest.engine.gregor.mutators.NonVoidMethodCallMutator,parseDateTime,934,NO_COVERAGE,none
DateTimeFormatter.java,org.joda.time.format.DateTimeFormatter,org.pitest.mutationtest.engine.gregor.mutators.NonVoidMethodCallMutator,parseDateTime,934,NO_COVERAGE,none
DateTimeFormatter.java,org.joda.time.format.DateTimeFormatter,org.pitest.mutationtest.engine.gregor.mutators.NonVoidMethodCallMutator,parseDateTime,938,NO_COVERAGE,none
DateTimeFormatter.java,org.joda.time.format.DateTimeFormatter,org.pitest.mutationtest.engine.gregor.mutators.NonVoidMethodCallMutator,parseDateTime,945,NO_COVERAGE,none
DateTimeFormatter.java,org.joda.time.format.DateTimeFormatter,org.pitest.mutationtest.engine.gregor.mutators.NullReturnValsMutator,parseDateTime,940,NO_COVERAGE,none
DateTimeFormatter.java,org.joda.time.format.DateTimeFormatter,org.pitest.mutationtest.engine.gregor.mutators.RemoveConditionalMutator_EQUAL_ELSE,parseDateTime,929,NO_COVERAGE,none
DateTimeFormatter.java,org.joda.time.format.DateTimeFormatter,org.pitest.mutationtest.engine.gregor.mutators.RemoveConditionalMutator_EQUAL_ELSE,parseDateTime,929,NO_COVERAGE,none
DateTimeFormatter.java,org.joda.time.format.DateTimeFormatter,org.pitest.mutationtest.engine.gregor.mutators.RemoveConditionalMutator_EQUAL_ELSE,parseDateTime,933,NO_COVERAGE,none
DateTimeFormatter.java,org.joda.time.format.DateTimeFormatter,org.pitest.mutationtest.engine.gregor.mutators.RemoveConditionalMutator_EQUAL_ELSE,parseDateTime,937,NO_COVERAGE,none
DateTimeFormatter.java,org.joda.time.format.DateTimeFormatter,org.pitest.mutationtest.engine.gregor.mutators.RemoveConditionalMutator_EQUAL_IF,parseDateTime,929,NO_COVERAGE,none
DateTimeFormatter.java,org.joda.time.format.DateTimeFormatter,org.pitest.mutationtest.engine.gregor.mutators.RemoveConditionalMutator_EQUAL_IF,parseDateTime,929,NO_COVERAGE,none
DateTimeFormatter.java,org.joda.time.format.DateTimeFormatter,org.pitest.mutationtest.engine.gregor.mutators.RemoveConditionalMutator_EQUAL_IF,parseDateTime,933,NO_COVERAGE,none
DateTimeFormatter.java,org.joda.time.format.DateTimeFormatter,org.pitest.mutationtest.engine.gregor.mutators.RemoveConditionalMutator_EQUAL_IF,parseDateTime,937,NO_COVERAGE,none
DateTimeFormatter.java,org.joda.time.format.DateTimeFormatter,org.pitest.mutationtest.engine.gregor.mutators.RemoveConditionalMutator_ORDER_ELSE,parseDateTime,926,NO_COVERAGE,none
DateTimeFormatter.java,org.joda.time.format.DateTimeFormatter,org.pitest.mutationtest.engine.gregor.mutators.RemoveConditionalMutator_ORDER_ELSE,parseDateTime,927,NO_COVERAGE,none
DateTimeFormatter.java,org.joda.time.format.DateTimeFormatter,org.pitest.mutationtest.engine.gregor.mutators.RemoveConditionalMutator_ORDER_IF,parseDateTime,926,NO_COVERAGE,none
DateTimeFormatter.java,org.joda.time.format.DateTimeFormatter,org.pitest.mutationtest.engine.gregor.mutators.RemoveConditionalMutator_ORDER_IF,parseDateTime,927,NO_COVERAGE,none
DateTimeFormatter.java,org.joda.time.format.DateTimeFormatter,org.pitest.mutationtest.engine.gregor.mutators.ReturnValsMutator,parseDateTime,940,NO_COVERAGE,none
DateTimeFormatter.java,org.joda.time.format.DateTimeFormatter,org.pitest.mutationtest.engine.gregor.mutators.experimental.NakedReceiverMutator,parseDateTime,932,NO_COVERAGE,none
DateTimeFormatter.java,org.joda.time.format.DateTimeFormatter,org.pitest.mutationtest.engine.gregor.mutators.experimental.NakedReceiverMutator,parseDateTime,934,NO_COVERAGE,none
DateTimeFormatter.java,org.joda.time.format.DateTimeFormatter,org.pitest.mutationtest.engine.gregor.mutators.experimental.NakedReceiverMutator,parseDateTime,938,NO_COVERAGE,none
DateTimeFormatter.java,org.joda.time.format.DateTimeFormatter,org.pitest.mutationtest.engine.gregor.mutators.ArgumentPropagationMutator,parseInto,788,NO_COVERAGE,none
DateTimeFormatter.java,org.joda.time.format.DateTimeFormatter,org.pitest.mutationtest.engine.gregor.mutators.ArgumentPropagationMutator,parseInto,790,NO_COVERAGE,none
DateTimeFormatter.java,org.joda.time.format.DateTimeFormatter,org.pitest.mutationtest.engine.gregor.mutators.ArgumentPropagationMutator,parseInto,794,NO_COVERAGE,none
DateTimeFormatter.java,org.joda.time.format.DateTimeFormatter,org.pitest.mutationtest.engine.gregor.mutators.ConstructorCallMutator,parseInto,783,KILLED,org.joda.time.format.DateTimeFormatter_ESTest.test08
DateTimeFormatter.java,org.joda.time.format.DateTimeFormatter,org.pitest.mutationtest.engine.gregor.mutators.ConstructorCallMutator,parseInto,792,NO_COVERAGE,none
DateTimeFormatter.java,org.joda.time.format.DateTimeFormatter,org.pitest.mutationtest.engine.gregor.mutators.InlineConstantMutator,parseInto,795,NO_COVERAGE,none
DateTimeFormatter.java,org.joda.time.format.DateTimeFormatter,org.pitest.mutationtest.engine.gregor.mutators.MathMutator,parseInto,789,NO_COVERAGE,none
DateTimeFormatter.java,org.joda.time.format.DateTimeFormatter,org.pitest.mutationtest.engine.gregor.mutators.NegateConditionalsMutator,parseInto,782,KILLED,org.joda.time.format.DateTimeFormatter_ESTest.test08
DateTimeFormatter.java,org.joda.time.format.DateTimeFormatter,org.pitest.mutationtest.engine.gregor.mutators.NegateConditionalsMutator,parseInto,796,NO_COVERAGE,none
DateTimeFormatter.java,org.joda.time.format.DateTimeFormatter,org.pitest.mutationtest.engine.gregor.mutators.NegateConditionalsMutator,parseInto,796,NO_COVERAGE,none
DateTimeFormatter.java,org.joda.time.format.DateTimeFormatter,org.pitest.mutationtest.engine.gregor.mutators.NegateConditionalsMutator,parseInto,800,NO_COVERAGE,none
DateTimeFormatter.java,org.joda.time.format.DateTimeFormatter,org.pitest.mutationtest.engine.gregor.mutators.NegateConditionalsMutator,parseInto,804,NO_COVERAGE,none
DateTimeFormatter.java,org.joda.time.format.DateTimeFormatter,org.pitest.mutationtest.engine.gregor.mutators.NonVoidMethodCallMutator,parseInto,781,SURVIVED,none
DateTimeFormatter.java,org.joda.time.format.DateTimeFormatter,org.pitest.mutationtest.engine.gregor.mutators.NonVoidMethodCallMutator,parseInto,786,NO_COVERAGE,none
DateTimeFormatter.java,org.joda.time.format.DateTimeFormatter,org.pitest.mutationtest.engine.gregor.mutators.NonVoidMethodCallMutator,parseInto,787,NO_COVERAGE,none
DateTimeFormatter.java,org.joda.time.format.DateTimeFormatter,org.pitest.mutationtest.engine.gregor.mutators.NonVoidMethodCallMutator,parseInto,788,NO_COVERAGE,none
DateTimeFormatter.java,org.joda.time.format.DateTimeFormatter,org.pitest.mutationtest.engine.gregor.mutators.NonVoidMethodCallMutator,parseInto,788,NO_COVERAGE,none
DateTimeFormatter.java,org.joda.time.format.DateTimeFormatter,org.pitest.mutationtest.engine.gregor.mutators.NonVoidMethodCallMutator,parseInto,788,NO_COVERAGE,none
DateTimeFormatter.java,org.joda.time.format.DateTimeFormatter,org.pitest.mutationtest.engine.gregor.mutators.NonVoidMethodCallMutator,parseInto,789,NO_COVERAGE,none
DateTimeFormatter.java,org.joda.time.format.DateTimeFormatter,org.pitest.mutationtest.engine.gregor.mutators.NonVoidMethodCallMutator,parseInto,789,NO_COVERAGE,none
DateTimeFormatter.java,org.joda.time.format.DateTimeFormatter,org.pitest.mutationtest.engine.gregor.mutators.NonVoidMethodCallMutator,parseInto,790,NO_COVERAGE,none
DateTimeFormatter.java,org.joda.time.format.DateTimeFormatter,org.pitest.mutationtest.engine.gregor.mutators.NonVoidMethodCallMutator,parseInto,794,NO_COVERAGE,none
DateTimeFormatter.java,org.joda.time.format.DateTimeFormatter,org.pitest.mutationtest.engine.gregor.mutators.NonVoidMethodCallMutator,parseInto,795,NO_COVERAGE,none
DateTimeFormatter.java,org.joda.time.format.DateTimeFormatter,org.pitest.mutationtest.engine.gregor.mutators.NonVoidMethodCallMutator,parseInto,796,NO_COVERAGE,none
DateTimeFormatter.java,org.joda.time.format.DateTimeFormatter,org.pitest.mutationtest.engine.gregor.mutators.NonVoidMethodCallMutator,parseInto,797,NO_COVERAGE,none
DateTimeFormatter.java,org.joda.time.format.DateTimeFormatter,org.pitest.mutationtest.engine.gregor.mutators.NonVoidMethodCallMutator,parseInto,797,NO_COVERAGE,none
DateTimeFormatter.java,org.joda.time.format.DateTimeFormatter,org.pitest.mutationtest.engine.gregor.mutators.NonVoidMethodCallMutator,parseInto,798,NO_COVERAGE,none
DateTimeFormatter.java,org.joda.time.format.DateTimeFormatter,org.pitest.mutationtest.engine.gregor.mutators.NonVoidMethodCallMutator,parseInto,799,NO_COVERAGE,none
DateTimeFormatter.java,org.joda.time.format.DateTimeFormatter,org.pitest.mutationtest.engine.gregor.mutators.NonVoidMethodCallMutator,parseInto,800,NO_COVERAGE,none
DateTimeFormatter.java,org.joda.time.format.DateTimeFormatter,org.pitest.mutationtest.engine.gregor.mutators.NonVoidMethodCallMutator,parseInto,801,NO_COVERAGE,none
DateTimeFormatter.java,org.joda.time.format.DateTimeFormatter,org.pitest.mutationtest.engine.gregor.mutators.NonVoidMethodCallMutator,parseInto,801,NO_COVERAGE,none
DateTimeFormatter.java,org.joda.time.format.DateTimeFormatter,org.pitest.mutationtest.engine.gregor.mutators.PrimitiveReturnsMutator,parseInto,807,NO_COVERAGE,none
DateTimeFormatter.java,org.joda.time.format.DateTimeFormatter,org.pitest.mutationtest.engine.gregor.mutators.RemoveConditionalMutator_EQUAL_ELSE,parseInto,782,KILLED,org.joda.time.format.DateTimeFormatter_ESTest.test08
DateTimeFormatter.java,org.joda.time.format.DateTimeFormatter,org.pitest.mutationtest.engine.gregor.mutators.RemoveConditionalMutator_EQUAL_ELSE,parseInto,796,NO_COVERAGE,none
DateTimeFormatter.java,org.joda.time.format.DateTimeFormatter,org.pitest.mutationtest.engine.gregor.mutators.RemoveConditionalMutator_EQUAL_ELSE,parseInto,796,NO_COVERAGE,none
DateTimeFormatter.java,org.joda.time.format.DateTimeFormatter,org.pitest.mutationtest.engine.gregor.mutators.RemoveConditionalMutator_EQUAL_ELSE,parseInto,800,NO_COVERAGE,none
DateTimeFormatter.java,org.joda.time.format.DateTimeFormatter,org.pitest.mutationtest.engine.gregor.mutators.RemoveConditionalMutator_EQUAL_ELSE,parseInto,804,NO_COVERAGE,none
DateTimeFormatter.java,org.joda.time.format.DateTimeFormatter,org.pitest.mutationtest.engine.gregor.mutators.RemoveConditionalMutator_EQUAL_IF,parseInto,782,SURVIVED,none
DateTimeFormatter.java,org.joda.time.format.DateTimeFormatter,org.pitest.mutationtest.engine.gregor.mutators.RemoveConditionalMutator_EQUAL_IF,parseInto,796,NO_COVERAGE,none
DateTimeFormatter.java,org.joda.time.format.DateTimeFormatter,org.pitest.mutationtest.engine.gregor.mutators.RemoveConditionalMutator_EQUAL_IF,parseInto,796,NO_COVERAGE,none
DateTimeFormatter.java,org.joda.time.format.DateTimeFormatter,org.pitest.mutationtest.engine.gregor.mutators.RemoveConditionalMutator_EQUAL_IF,parseInto,800,NO_COVERAGE,none
DateTimeFormatter.java,org.joda.time.format.DateTimeFormatter,org.pitest.mutationtest.engine.gregor.mutators.RemoveConditionalMutator_EQUAL_IF,parseInto,804,NO_COVERAGE,none
DateTimeFormatter.java,org.joda.time.format.DateTimeFormatter,org.pitest.mutationtest.engine.gregor.mutators.ReturnValsMutator,parseInto,807,NO_COVERAGE,none
DateTimeFormatter.java,org.joda.time.format.DateTimeFormatter,org.pitest.mutationtest.engine.gregor.mutators.VoidMethodCallMutator,parseInto,795,NO_COVERAGE,none
DateTimeFormatter.java,org.joda.time.format.DateTimeFormatter,org.pitest.mutationtest.engine.gregor.mutators.VoidMethodCallMutator,parseInto,803,NO_COVERAGE,none
DateTimeFormatter.java,org.joda.time.format.DateTimeFormatter,org.pitest.mutationtest.engine.gregor.mutators.VoidMethodCallMutator,parseInto,805,NO_COVERAGE,none
DateTimeFormatter.java,org.joda.time.format.DateTimeFormatter,org.pitest.mutationtest.engine.gregor.mutators.experimental.NakedReceiverMutator,parseInto,799,NO_COVERAGE,none
DateTimeFormatter.java,org.joda.time.format.DateTimeFormatter,org.pitest.mutationtest.engine.gregor.mutators.experimental.NakedReceiverMutator,parseInto,801,NO_COVERAGE,none
DateTimeFormatter.java,org.joda.time.format.DateTimeFormatter,org.pitest.mutationtest.engine.gregor.mutators.NonVoidMethodCallMutator,parseLocalDate,844,KILLED,org.joda.time.format.DateTimeFormatter_ESTest.test41
DateTimeFormatter.java,org.joda.time.format.DateTimeFormatter,org.pitest.mutationtest.engine.gregor.mutators.NonVoidMethodCallMutator,parseLocalDate,844,SURVIVED,none
DateTimeFormatter.java,org.joda.time.format.DateTimeFormatter,org.pitest.mutationtest.engine.gregor.mutators.NullReturnValsMutator,parseLocalDate,844,SURVIVED,none
DateTimeFormatter.java,org.joda.time.format.DateTimeFormatter,org.pitest.mutationtest.engine.gregor.mutators.ReturnValsMutator,parseLocalDate,844,SURVIVED,none
DateTimeFormatter.java,org.joda.time.format.DateTimeFormatter,org.pitest.mutationtest.engine.gregor.mutators.ArgumentPropagationMutator,parseLocalDateTime,882,KILLED,org.joda.time.format.DateTimeFormatter_ESTest.test42
DateTimeFormatter.java,org.joda.time.format.DateTimeFormatter,org.pitest.mutationtest.engine.gregor.mutators.ArgumentPropagationMutator,parseLocalDateTime,884,SURVIVED,none
DateTimeFormatter.java,org.joda.time.format.DateTimeFormatter,org.pitest.mutationtest.engine.gregor.mutators.ArgumentPropagationMutator,parseLocalDateTime,900,SURVIVED,none
DateTimeFormatter.java,org.joda.time.format.DateTimeFormatter,org.pitest.mutationtest.engine.gregor.mutators.ConditionalsBoundaryMutator,parseLocalDateTime,885,SURVIVED,none
DateTimeFormatter.java,org.joda.time.format.DateTimeFormatter,org.pitest.mutationtest.engine.gregor.mutators.ConditionalsBoundaryMutator,parseLocalDateTime,886,NO_COVERAGE,none
DateTimeFormatter.java,org.joda.time.format.DateTimeFormatter,org.pitest.mutationtest.engine.gregor.mutators.ConstructorCallMutator,parseLocalDateTime,883,KILLED,org.joda.time.format.DateTimeFormatter_ESTest.test41
DateTimeFormatter.java,org.joda.time.format.DateTimeFormatter,org.pitest.mutationtest.engine.gregor.mutators.ConstructorCallMutator,parseLocalDateTime,895,NO_COVERAGE,none
DateTimeFormatter.java,org.joda.time.format.DateTimeFormatter,org.pitest.mutationtest.engine.gregor.mutators.ConstructorCallMutator,parseLocalDateTime,900,KILLED,org.joda.time.format.DateTimeFormatter_ESTest.test41
DateTimeFormatter.java,org.joda.time.format.DateTimeFormatter,org.pitest.mutationtest.engine.gregor.mutators.InlineConstantMutator,parseLocalDateTime,883,SURVIVED,none
DateTimeFormatter.java,org.joda.time.format.DateTimeFormatter,org.pitest.mutationtest.engine.gregor.mutators.InlineConstantMutator,parseLocalDateTime,884,SURVIVED,none
DateTimeFormatter.java,org.joda.time.format.DateTimeFormatter,org.pitest.mutationtest.engine.gregor.mutators.InlineConstantMutator,parseLocalDateTime,887,NO_COVERAGE,none
DateTimeFormatter.java,org.joda.time.format.DateTimeFormatter,org.pitest.mutationtest.engine.gregor.mutators.InlineConstantMutator,parseLocalDateTime,898,SURVIVED,none
DateTimeFormatter.java,org.joda.time.format.DateTimeFormatter,org.pitest.mutationtest.engine.gregor.mutators.MathMutator,parseLocalDateTime,898,SURVIVED,none
DateTimeFormatter.java,org.joda.time.format.DateTimeFormatter,org.pitest.mutationtest.engine.gregor.mutators.NegateConditionalsMutator,parseLocalDateTime,885,SURVIVED,none
DateTimeFormatter.java,org.joda.time.format.DateTimeFormatter,org.pitest.mutationtest.engine.gregor.mutators.NegateConditionalsMutator,parseLocalDateTime,886,NO_COVERAGE,none
DateTimeFormatter.java,org.joda.time.format.DateTimeFormatter,org.pitest.mutationtest.engine.gregor.mutators.NegateConditionalsMutator,parseLocalDateTime,888,NO_COVERAGE,none
DateTimeFormatter.java,org.joda.time.format.DateTimeFormatter,org.pitest.mutationtest.engine.gregor.mutators.NegateConditionalsMutator,parseLocalDateTime,892,NO_COVERAGE,none
DateTimeFormatter.java,org.joda.time.format.DateTimeFormatter,org.pitest.mutationtest.engine.gregor.mutators.NonVoidMethodCallMutator,parseLocalDateTime,880,KILLED,org.joda.time.format.DateTimeFormatter_ESTest.test42
DateTimeFormatter.java,org.joda.time.format.DateTimeFormatter,org.pitest.mutationtest.engine.gregor.mutators.NonVoidMethodCallMutator,parseLocalDateTime,882,KILLED,org.joda.time.format.DateTimeFormatter_ESTest.test42
DateTimeFormatter.java,org.joda.time.format.DateTimeFormatter,org.pitest.mutationtest.engine.gregor.mutators.NonVoidMethodCallMutator,parseLocalDateTime,882,SURVIVED,none
DateTimeFormatter.java,org.joda.time.format.DateTimeFormatter,org.pitest.mutationtest.engine.gregor.mutators.NonVoidMethodCallMutator,parseLocalDateTime,884,SURVIVED,none
DateTimeFormatter.java,org.joda.time.format.DateTimeFormatter,org.pitest.mutationtest.engine.gregor.mutators.NonVoidMethodCallMutator,parseLocalDateTime,886,NO_COVERAGE,none
DateTimeFormatter.java,org.joda.time.format.DateTimeFormatter,org.pitest.mutationtest.engine.gregor.mutators.NonVoidMethodCallMutator,parseLocalDateTime,887,NO_COVERAGE,none
DateTimeFormatter.java,org.joda.time.format.DateTimeFormatter,org.pitest.mutationtest.engine.gregor.mutators.NonVoidMethodCallMutator,parseLocalDateTime,888,NO_COVERAGE,none
DateTimeFormatter.java,org.joda.time.format.DateTimeFormatter,org.pitest.mutationtest.engine.gregor.mutators.NonVoidMethodCallMutator,parseLocalDateTime,889,NO_COVERAGE,none
DateTimeFormatter.java,org.joda.time.format.DateTimeFormatter,org.pitest.mutationtest.engine.gregor.mutators.NonVoidMethodCallMutator,parseLocalDateTime,889,NO_COVERAGE,none
DateTimeFormatter.java,org.joda.time.format.DateTimeFormatter,org.pitest.mutationtest.engine.gregor.mutators.NonVoidMethodCallMutator,parseLocalDateTime,890,NO_COVERAGE,none
DateTimeFormatter.java,org.joda.time.format.DateTimeFormatter,org.pitest.mutationtest.engine.gregor.mutators.NonVoidMethodCallMutator,parseLocalDateTime,891,NO_COVERAGE,none
DateTimeFormatter.java,org.joda.time.format.DateTimeFormatter,org.pitest.mutationtest.engine.gregor.mutators.NonVoidMethodCallMutator,parseLocalDateTime,892,NO_COVERAGE,none
DateTimeFormatter.java,org.joda.time.format.DateTimeFormatter,org.pitest.mutationtest.engine.gregor.mutators.NonVoidMethodCallMutator,parseLocalDateTime,893,NO_COVERAGE,none
DateTimeFormatter.java,org.joda.time.format.DateTimeFormatter,org.pitest.mutationtest.engine.gregor.mutators.NonVoidMethodCallMutator,parseLocalDateTime,893,NO_COVERAGE,none
DateTimeFormatter.java,org.joda.time.format.DateTimeFormatter,org.pitest.mutationtest.engine.gregor.mutators.NonVoidMethodCallMutator,parseLocalDateTime,900,SURVIVED,none
DateTimeFormatter.java,org.joda.time.format.DateTimeFormatter,org.pitest.mutationtest.engine.gregor.mutators.NullReturnValsMutator,parseLocalDateTime,895,NO_COVERAGE,none
DateTimeFormatter.java,org.joda.time.format.DateTimeFormatter,org.pitest.mutationtest.engine.gregor.mutators.RemoveConditionalMutator_EQUAL_ELSE,parseLocalDateTime,888,NO_COVERAGE,none
DateTimeFormatter.java,org.joda.time.format.DateTimeFormatter,org.pitest.mutationtest.engine.gregor.mutators.RemoveConditionalMutator_EQUAL_ELSE,parseLocalDateTime,892,NO_COVERAGE,none
DateTimeFormatter.java,org.joda.time.format.DateTimeFormatter,org.pitest.mutationtest.engine.gregor.mutators.RemoveConditionalMutator_EQUAL_IF,parseLocalDateTime,888,NO_COVERAGE,none
DateTimeFormatter.java,org.joda.time.format.DateTimeFormatter,org.pitest.mutationtest.engine.gregor.mutators.RemoveConditionalMutator_EQUAL_IF,parseLocalDateTime,892,NO_COVERAGE,none
DateTimeFormatter.java,org.joda.time.format.DateTimeFormatter,org.pitest.mutationtest.engine.gregor.mutators.RemoveConditionalMutator_ORDER_ELSE,parseLocalDateTime,885,SURVIVED,none
DateTimeFormatter.java,org.joda.time.format.DateTimeFormatter,org.pitest.mutationtest.engine.gregor.mutators.RemoveConditionalMutator_ORDER_ELSE,parseLocalDateTime,886,NO_COVERAGE,none
DateTimeFormatter.java,org.joda.time.format.DateTimeFormatter,org.pitest.mutationtest.engine.gregor.mutators.RemoveConditionalMutator_ORDER_IF,parseLocalDateTime,885,SURVIVED,none
DateTimeFormatter.java,org.joda.time.format.DateTimeFormatter,org.pitest.mutationtest.engine.gregor.mutators.RemoveConditionalMutator_ORDER_IF,parseLocalDateTime,886,NO_COVERAGE,none
DateTimeFormatter.java,org.joda.time.format.DateTimeFormatter,org.pitest.mutationtest.engine.gregor.mutators.ReturnValsMutator,parseLocalDateTime,895,NO_COVERAGE,none
DateTimeFormatter.java,org.joda.time.format.DateTimeFormatter,org.pitest.mutationtest.engine.gregor.mutators.experimental.NakedReceiverMutator,parseLocalDateTime,882,SURVIVED,none
DateTimeFormatter.java,org.joda.time.format.DateTimeFormatter,org.pitest.mutationtest.engine.gregor.mutators.experimental.NakedReceiverMutator,parseLocalDateTime,891,NO_COVERAGE,none
DateTimeFormatter.java,org.joda.time.format.DateTimeFormatter,org.pitest.mutationtest.engine.gregor.mutators.experimental.NakedReceiverMutator,parseLocalDateTime,893,NO_COVERAGE,none
DateTimeFormatter.java,org.joda.time.format.DateTimeFormatter,org.pitest.mutationtest.engine.gregor.mutators.NonVoidMethodCallMutator,parseLocalTime,862,KILLED,org.joda.time.format.DateTimeFormatter_ESTest.test42
DateTimeFormatter.java,org.joda.time.format.DateTimeFormatter,org.pitest.mutationtest.engine.gregor.mutators.NonVoidMethodCallMutator,parseLocalTime,862,SURVIVED,none
DateTimeFormatter.java,org.joda.time.format.DateTimeFormatter,org.pitest.mutationtest.engine.gregor.mutators.NullReturnValsMutator,parseLocalTime,862,SURVIVED,none
DateTimeFormatter.java,org.joda.time.format.DateTimeFormatter,org.pitest.mutationtest.engine.gregor.mutators.ReturnValsMutator,parseLocalTime,862,SURVIVED,none
DateTimeFormatter.java,org.joda.time.format.DateTimeFormatter,org.pitest.mutationtest.engine.gregor.mutators.ArgumentPropagationMutator,parseMillis,824,SURVIVED,none
DateTimeFormatter.java,org.joda.time.format.DateTimeFormatter,org.pitest.mutationtest.engine.gregor.mutators.ConstructorCallMutator,parseMillis,825,KILLED,org.joda.time.format.DateTimeFormatter_ESTest.test25
DateTimeFormatter.java,org.joda.time.format.DateTimeFormatter,org.pitest.mutationtest.engine.gregor.mutators.InlineConstantMutator,parseMillis,825,SURVIVED,none
DateTimeFormatter.java,org.joda.time.format.DateTimeFormatter,org.pitest.mutationtest.engine.gregor.mutators.NonVoidMethodCallMutator,parseMillis,823,KILLED,org.joda.time.format.DateTimeFormatter_ESTest.test25
DateTimeFormatter.java,org.joda.time.format.DateTimeFormatter,org.pitest.mutationtest.engine.gregor.mutators.NonVoidMethodCallMutator,parseMillis,824,SURVIVED,none
DateTimeFormatter.java,org.joda.time.format.DateTimeFormatter,org.pitest.mutationtest.engine.gregor.mutators.NonVoidMethodCallMutator,parseMillis,826,KILLED,org.joda.time.format.DateTimeFormatter_ESTest.test25
DateTimeFormatter.java,org.joda.time.format.DateTimeFormatter,org.pitest.mutationtest.engine.gregor.mutators.PrimitiveReturnsMutator,parseMillis,826,SURVIVED,none
DateTimeFormatter.java,org.joda.time.format.DateTimeFormatter,org.pitest.mutationtest.engine.gregor.mutators.ReturnValsMutator,parseMillis,826,SURVIVED,none
DateTimeFormatter.java,org.joda.time.format.DateTimeFormatter,org.pitest.mutationtest.engine.gregor.mutators.ArgumentPropagationMutator,parseMutableDateTime,968,SURVIVED,none
DateTimeFormatter.java,org.joda.time.format.DateTimeFormatter,org.pitest.mutationtest.engine.gregor.mutators.ArgumentPropagationMutator,parseMutableDateTime,970,SURVIVED,none
DateTimeFormatter.java,org.joda.time.format.DateTimeFormatter,org.pitest.mutationtest.engine.gregor.mutators.ArgumentPropagationMutator,parseMutableDateTime,990,NO_COVERAGE,none
DateTimeFormatter.java,org.joda.time.format.DateTimeFormatter,org.pitest.mutationtest.engine.gregor.mutators.ConditionalsBoundaryMutator,parseMutableDateTime,971,SURVIVED,none
DateTimeFormatter.java,org.joda.time.format.DateTimeFormatter,org.pitest.mutationtest.engine.gregor.mutators.ConditionalsBoundaryMutator,parseMutableDateTime,972,NO_COVERAGE,none
DateTimeFormatter.java,org.joda.time.format.DateTimeFormatter,org.pitest.mutationtest.engine.gregor.mutators.ConstructorCallMutator,parseMutableDateTime,969,SURVIVED,none
DateTimeFormatter.java,org.joda.time.format.DateTimeFormatter,org.pitest.mutationtest.engine.gregor.mutators.ConstructorCallMutator,parseMutableDateTime,981,NO_COVERAGE,none
DateTimeFormatter.java,org.joda.time.format.DateTimeFormatter,org.pitest.mutationtest.engine.gregor.mutators.ConstructorCallMutator,parseMutableDateTime,990,NO_COVERAGE,none
DateTimeFormatter.java,org.joda.time.format.DateTimeFormatter,org.pitest.mutationtest.engine.gregor.mutators.InlineConstantMutator,parseMutableDateTime,969,SURVIVED,none
DateTimeFormatter.java,org.joda.time.format.DateTimeFormatter,org.pitest.mutationtest.engine.gregor.mutators.InlineConstantMutator,parseMutableDateTime,970,SURVIVED,none
DateTimeFormatter.java,org.joda.time.format.DateTimeFormatter,org.pitest.mutationtest.engine.gregor.mutators.InlineConstantMutator,parseMutableDateTime,973,NO_COVERAGE,none
DateTimeFormatter.java,org.joda.time.format.DateTimeFormatter,org.pitest.mutationtest.engine.gregor.mutators.InlineConstantMutator,parseMutableDateTime,988,NO_COVERAGE,none
DateTimeFormatter.java,org.joda.time.format.DateTimeFormatter,org.pitest.mutationtest.engine.gregor.mutators.MathMutator,parseMutableDateTime,988,NO_COVERAGE,none
DateTimeFormatter.java,org.joda.time.format.DateTimeFormatter,org.pitest.mutationtest.engine.gregor.mutators.NegateConditionalsMutator,parseMutableDateTime,971,SURVIVED,none
DateTimeFormatter.java,org.joda.time.format.DateTimeFormatter,org.pitest.mutationtest.engine.gregor.mutators.NegateConditionalsMutator,parseMutableDateTime,972,NO_COVERAGE,none
DateTimeFormatter.java,org.joda.time.format.DateTimeFormatter,org.pitest.mutationtest.engine.gregor.mutators.NegateConditionalsMutator,parseMutableDateTime,974,NO_COVERAGE,none
DateTimeFormatter.java,org.joda.time.format.DateTimeFormatter,org.pitest.mutationtest.engine.gregor.mutators.NegateConditionalsMutator,parseMutableDateTime,974,NO_COVERAGE,none
DateTimeFormatter.java,org.joda.time.format.DateTimeFormatter,org.pitest.mutationtest.engine.gregor.mutators.NegateConditionalsMutator,parseMutableDateTime,978,NO_COVERAGE,none
DateTimeFormatter.java,org.joda.time.format.DateTimeFormatter,org.pitest.mutationtest.engine.gregor.mutators.NegateConditionalsMutator,parseMutableDateTime,982,NO_COVERAGE,none
DateTimeFormatter.java,org.joda.time.format.DateTimeFormatter,org.pitest.mutationtest.engine.gregor.mutators.NonVoidMethodCallMutator,parseMutableDateTime,966,KILLED,org.joda.time.format.DateTimeFormatter_ESTest.test07
DateTimeFormatter.java,org.joda.time.format.DateTimeFormatter,org.pitest.mutationtest.engine.gregor.mutators.NonVoidMethodCallMutator,parseMutableDateTime,968,SURVIVED,none
DateTimeFormatter.java,org.joda.time.format.DateTimeFormatter,org.pitest.mutationtest.engine.gregor.mutators.NonVoidMethodCallMutator,parseMutableDateTime,970,SURVIVED,none
DateTimeFormatter.java,org.joda.time.format.DateTimeFormatter,org.pitest.mutationtest.engine.gregor.mutators.NonVoidMethodCallMutator,parseMutableDateTime,972,NO_COVERAGE,none
DateTimeFormatter.java,org.joda.time.format.DateTimeFormatter,org.pitest.mutationtest.engine.gregor.mutators.NonVoidMethodCallMutator,parseMutableDateTime,973,NO_COVERAGE,none
DateTimeFormatter.java,org.joda.time.format.DateTimeFormatter,org.pitest.mutationtest.engine.gregor.mutators.NonVoidMethodCallMutator,parseMutableDateTime,974,NO_COVERAGE,none
DateTimeFormatter.java,org.joda.time.format.DateTimeFormatter,org.pitest.mutationtest.engine.gregor.mutators.NonVoidMethodCallMutator,parseMutableDateTime,975,NO_COVERAGE,none
DateTimeFormatter.java,org.joda.time.format.DateTimeFormatter,org.pitest.mutationtest.engine.gregor.mutators.NonVoidMethodCallMutator,parseMutableDateTime,975,NO_COVERAGE,none
DateTimeFormatter.java,org.joda.time.format.DateTimeFormatter,org.pitest.mutationtest.engine.gregor.mutators.NonVoidMethodCallMutator,parseMutableDateTime,976,NO_COVERAGE,none
DateTimeFormatter.java,org.joda.time.format.DateTimeFormatter,org.pitest.mutationtest.engine.gregor.mutators.NonVoidMethodCallMutator,parseMutableDateTime,977,NO_COVERAGE,none
DateTimeFormatter.java,org.joda.time.format.DateTimeFormatter,org.pitest.mutationtest.engine.gregor.mutators.NonVoidMethodCallMutator,parseMutableDateTime,978,NO_COVERAGE,none
DateTimeFormatter.java,org.joda.time.format.DateTimeFormatter,org.pitest.mutationtest.engine.gregor.mutators.NonVoidMethodCallMutator,parseMutableDateTime,979,NO_COVERAGE,none
DateTimeFormatter.java,org.joda.time.format.DateTimeFormatter,org.pitest.mutationtest.engine.gregor.mutators.NonVoidMethodCallMutator,parseMutableDateTime,979,NO_COVERAGE,none
DateTimeFormatter.java,org.joda.time.format.DateTimeFormatter,org.pitest.mutationtest.engine.gregor.mutators.NonVoidMethodCallMutator,parseMutableDateTime,990,NO_COVERAGE,none
DateTimeFormatter.java,org.joda.time.format.DateTimeFormatter,org.pitest.mutationtest.engine.gregor.mutators.NullReturnValsMutator,parseMutableDateTime,985,NO_COVERAGE,none
DateTimeFormatter.java,org.joda.time.format.DateTimeFormatter,org.pitest.mutationtest.engine.gregor.mutators.RemoveConditionalMutator_EQUAL_ELSE,parseMutableDateTime,974,NO_COVERAGE,none
DateTimeFormatter.java,org.joda.time.format.DateTimeFormatter,org.pitest.mutationtest.engine.gregor.mutators.RemoveConditionalMutator_EQUAL_ELSE,parseMutableDateTime,974,NO_COVERAGE,none
DateTimeFormatter.java,org.joda.time.format.DateTimeFormatter,org.pitest.mutationtest.engine.gregor.mutators.RemoveConditionalMutator_EQUAL_ELSE,parseMutableDateTime,978,NO_COVERAGE,none
DateTimeFormatter.java,org.joda.time.format.DateTimeFormatter,org.pitest.mutationtest.engine.gregor.mutators.RemoveConditionalMutator_EQUAL_ELSE,parseMutableDateTime,982,NO_COVERAGE,none
DateTimeFormatter.java,org.joda.time.format.DateTimeFormatter,org.pitest.mutationtest.engine.gregor.mutators.RemoveConditionalMutator_EQUAL_IF,parseMutableDateTime,974,NO_COVERAGE,none
DateTimeFormatter.java,org.joda.time.format.DateTimeFormatter,org.pitest.mutationtest.engine.gregor.mutators.RemoveConditionalMutator_EQUAL_IF,parseMutableDateTime,974,NO_COVERAGE,none
DateTimeFormatter.java,org.joda.time.format.DateTimeFormatter,org.pitest.mutationtest.engine.gregor.mutators.RemoveConditionalMutator_EQUAL_IF,parseMutableDateTime,978,NO_COVERAGE,none
DateTimeFormatter.java,org.joda.time.format.DateTimeFormatter,org.pitest.mutationtest.engine.gregor.mutators.RemoveConditionalMutator_EQUAL_IF,parseMutableDateTime,982,NO_COVERAGE,none
DateTimeFormatter.java,org.joda.time.format.DateTimeFormatter,org.pitest.mutationtest.engine.gregor.mutators.RemoveConditionalMutator_ORDER_ELSE,parseMutableDateTime,971,SURVIVED,none
DateTimeFormatter.java,org.joda.time.format.DateTimeFormatter,org.pitest.mutationtest.engine.gregor.mutators.RemoveConditionalMutator_ORDER_ELSE,parseMutableDateTime,972,NO_COVERAGE,none
DateTimeFormatter.java,org.joda.time.format.DateTimeFormatter,org.pitest.mutationtest.engine.gregor.mutators.RemoveConditionalMutator_ORDER_IF,parseMutableDateTime,971,SURVIVED,none
DateTimeFormatter.java,org.joda.time.format.DateTimeFormatter,org.pitest.mutationtest.engine.gregor.mutators.RemoveConditionalMutator_ORDER_IF,parseMutableDateTime,972,NO_COVERAGE,none
DateTimeFormatter.java,org.joda.time.format.DateTimeFormatter,org.pitest.mutationtest.engine.gregor.mutators.ReturnValsMutator,parseMutableDateTime,985,NO_COVERAGE,none
DateTimeFormatter.java,org.joda.time.format.DateTimeFormatter,org.pitest.mutationtest.engine.gregor.mutators.VoidMethodCallMutator,parseMutableDateTime,983,NO_COVERAGE,none
DateTimeFormatter.java,org.joda.time.format.DateTimeFormatter,org.pitest.mutationtest.engine.gregor.mutators.experimental.NakedReceiverMutator,parseMutableDateTime,977,NO_COVERAGE,none
DateTimeFormatter.java,org.joda.time.format.DateTimeFormatter,org.pitest.mutationtest.engine.gregor.mutators.experimental.NakedReceiverMutator,parseMutableDateTime,979,NO_COVERAGE,none
DateTimeFormatter.java,org.joda.time.format.DateTimeFormatter,org.pitest.mutationtest.engine.gregor.mutators.ConstructorCallMutator,print,688,SURVIVED,none
DateTimeFormatter.java,org.joda.time.format.DateTimeFormatter,org.pitest.mutationtest.engine.gregor.mutators.EmptyObjectReturnValsMutator,print,694,NO_COVERAGE,none
DateTimeFormatter.java,org.joda.time.format.DateTimeFormatter,org.pitest.mutationtest.engine.gregor.mutators.NonVoidMethodCallMutator,print,688,KILLED,org.joda.time.format.DateTimeFormatter_ESTest.test09
DateTimeFormatter.java,org.joda.time.format.DateTimeFormatter,org.pitest.mutationtest.engine.gregor.mutators.NonVoidMethodCallMutator,print,688,SURVIVED,none
DateTimeFormatter.java,org.joda.time.format.DateTimeFormatter,org.pitest.mutationtest.engine.gregor.mutators.NonVoidMethodCallMutator,print,694,NO_COVERAGE,none
DateTimeFormatter.java,org.joda.time.format.DateTimeFormatter,org.pitest.mutationtest.engine.gregor.mutators.ReturnValsMutator,print,694,NO_COVERAGE,none
DateTimeFormatter.java,org.joda.time.format.DateTimeFormatter,org.pitest.mutationtest.engine.gregor.mutators.VoidMethodCallMutator,print,690,SURVIVED,none
DateTimeFormatter.java,org.joda.time.format.DateTimeFormatter,org.pitest.mutationtest.engine.gregor.mutators.ConstructorCallMutator,print,669,KILLED,org.joda.time.format.DateTimeFormatter_ESTest.test35
DateTimeFormatter.java,org.joda.time.format.DateTimeFormatter,org.pitest.mutationtest.engine.gregor.mutators.EmptyObjectReturnValsMutator,print,675,KILLED,org.joda.time.format.DateTimeFormatter_ESTest.test35
DateTimeFormatter.java,org.joda.time.format.DateTimeFormatter,org.pitest.mutationtest.engine.gregor.mutators.NonVoidMethodCallMutator,print,669,KILLED,org.joda.time.format.DateTimeFormatter_ESTest.test35
DateTimeFormatter.java,org.joda.time.format.DateTimeFormatter,org.pitest.mutationtest.engine.gregor.mutators.NonVoidMethodCallMutator,print,669,SURVIVED,none
DateTimeFormatter.java,org.joda.time.format.DateTimeFormatter,org.pitest.mutationtest.engine.gregor.mutators.NonVoidMethodCallMutator,print,675,KILLED,org.joda.time.format.DateTimeFormatter_ESTest.test35
DateTimeFormatter.java,org.joda.time.format.DateTimeFormatter,org.pitest.mutationtest.engine.gregor.mutators.ReturnValsMutator,print,675,KILLED,org.joda.time.format.DateTimeFormatter_ESTest.test35
DateTimeFormatter.java,org.joda.time.format.DateTimeFormatter,org.pitest.mutationtest.engine.gregor.mutators.VoidMethodCallMutator,print,671,KILLED,org.joda.time.format.DateTimeFormatter_ESTest.test35
DateTimeFormatter.java,org.joda.time.format.DateTimeFormatter,org.pitest.mutationtest.engine.gregor.mutators.ConstructorCallMutator,print,707,SURVIVED,none
DateTimeFormatter.java,org.joda.time.format.DateTimeFormatter,org.pitest.mutationtest.engine.gregor.mutators.EmptyObjectReturnValsMutator,print,713,NO_COVERAGE,none
DateTimeFormatter.java,org.joda.time.format.DateTimeFormatter,org.pitest.mutationtest.engine.gregor.mutators.NonVoidMethodCallMutator,print,707,KILLED,org.joda.time.format.DateTimeFormatter_ESTest.test20
DateTimeFormatter.java,org.joda.time.format.DateTimeFormatter,org.pitest.mutationtest.engine.gregor.mutators.NonVoidMethodCallMutator,print,707,SURVIVED,none
DateTimeFormatter.java,org.joda.time.format.DateTimeFormatter,org.pitest.mutationtest.engine.gregor.mutators.NonVoidMethodCallMutator,print,713,NO_COVERAGE,none
DateTimeFormatter.java,org.joda.time.format.DateTimeFormatter,org.pitest.mutationtest.engine.gregor.mutators.ReturnValsMutator,print,713,NO_COVERAGE,none
DateTimeFormatter.java,org.joda.time.format.DateTimeFormatter,org.pitest.mutationtest.engine.gregor.mutators.VoidMethodCallMutator,print,709,KILLED,org.joda.time.format.DateTimeFormatter_ESTest.test20
DateTimeFormatter.java,org.joda.time.format.DateTimeFormatter,org.pitest.mutationtest.engine.gregor.mutators.VoidMethodCallMutator,printTo,577,KILLED,org.joda.time.format.DateTimeFormatter_ESTest.test39
DateTimeFormatter.java,org.joda.time.format.DateTimeFormatter,org.pitest.mutationtest.engine.gregor.mutators.VoidMethodCallMutator,printTo,522,KILLED,org.joda.time.format.DateTimeFormatter_ESTest.test36
DateTimeFormatter.java,org.joda.time.format.DateTimeFormatter,org.pitest.mutationtest.engine.gregor.mutators.VoidMethodCallMutator,printTo,637,KILLED,org.joda.time.format.DateTimeFormatter_ESTest.test43
DateTimeFormatter.java,org.joda.time.format.DateTimeFormatter,org.pitest.mutationtest.engine.gregor.mutators.VoidMethodCallMutator,printTo,589,KILLED,org.joda.time.format.DateTimeFormatter_ESTest.test39
DateTimeFormatter.java,org.joda.time.format.DateTimeFormatter,org.pitest.mutationtest.engine.gregor.mutators.ArgumentPropagationMutator,printTo,718,KILLED,org.joda.time.format.DateTimeFormatter_ESTest.test39
DateTimeFormatter.java,org.joda.time.format.DateTimeFormatter,org.pitest.mutationtest.engine.gregor.mutators.ConditionalsBoundaryMutator,printTo,724,KILLED,org.joda.time.format.DateTimeFormatter_ESTest.test35
DateTimeFormatter.java,org.joda.time.format.DateTimeFormatter,org.pitest.mutationtest.engine.gregor.mutators.ConditionalsBoundaryMutator,printTo,724,SURVIVED,none
DateTimeFormatter.java,org.joda.time.format.DateTimeFormatter,org.pitest.mutationtest.engine.gregor.mutators.InlineConstantMutator,printTo,724,KILLED,org.joda.time.format.DateTimeFormatter_ESTest.test35
DateTimeFormatter.java,org.joda.time.format.DateTimeFormatter,org.pitest.mutationtest.engine.gregor.mutators.InlineConstantMutator,printTo,724,SURVIVED,none
DateTimeFormatter.java,org.joda.time.format.DateTimeFormatter,org.pitest.mutationtest.engine.gregor.mutators.InlineConstantMutator,printTo,727,NO_COVERAGE,none
DateTimeFormatter.java,org.joda.time.format.DateTimeFormatter,org.pitest.mutationtest.engine.gregor.mutators.MathMutator,printTo,723,SURVIVED,none
DateTimeFormatter.java,org.joda.time.format.DateTimeFormatter,org.pitest.mutationtest.engine.gregor.mutators.MathMutator,printTo,724,SURVIVED,none
DateTimeFormatter.java,org.joda.time.format.DateTimeFormatter,org.pitest.mutationtest.engine.gregor.mutators.MathMutator,printTo,724,SURVIVED,none
DateTimeFormatter.java,org.joda.time.format.DateTimeFormatter,org.pitest.mutationtest.engine.gregor.mutators.NegateConditionalsMutator,printTo,724,KILLED,org.joda.time.format.DateTimeFormatter_ESTest.test35
DateTimeFormatter.java,org.joda.time.format.DateTimeFormatter,org.pitest.mutationtest.engine.gregor.mutators.NegateConditionalsMutator,printTo,724,SURVIVED,none
DateTimeFormatter.java,org.joda.time.format.DateTimeFormatter,org.pitest.mutationtest.engine.gregor.mutators.NonVoidMethodCallMutator,printTo,717,KILLED,org.joda.time.format.DateTimeFormatter_ESTest.test35
DateTimeFormatter.java,org.joda.time.format.DateTimeFormatter,org.pitest.mutationtest.engine.gregor.mutators.NonVoidMethodCallMutator,printTo,718,KILLED,org.joda.time.format.DateTimeFormatter_ESTest.test35
DateTimeFormatter.java,org.joda.time.format.DateTimeFormatter,org.pitest.mutationtest.engine.gregor.mutators.NonVoidMethodCallMutator,printTo,721,KILLED,org.joda.time.format.DateTimeFormatter_ESTest.test35
DateTimeFormatter.java,org.joda.time.format.DateTimeFormatter,org.pitest.mutationtest.engine.gregor.mutators.NonVoidMethodCallMutator,printTo,722,SURVIVED,none
DateTimeFormatter.java,org.joda.time.format.DateTimeFormatter,org.pitest.mutationtest.engine.gregor.mutators.NonVoidMethodCallMutator,printTo,730,SURVIVED,none
DateTimeFormatter.java,org.joda.time.format.DateTimeFormatter,org.pitest.mutationtest.engine.gregor.mutators.RemoveConditionalMutator_ORDER_ELSE,printTo,724,SURVIVED,none
DateTimeFormatter.java,org.joda.time.format.DateTimeFormatter,org.pitest.mutationtest.engine.gregor.mutators.RemoveConditionalMutator_ORDER_ELSE,printTo,724,SURVIVED,none
DateTimeFormatter.java,org.joda.time.format.DateTimeFormatter,org.pitest.mutationtest.engine.gregor.mutators.RemoveConditionalMutator_ORDER_IF,printTo,724,KILLED,org.joda.time.format.DateTimeFormatter_ESTest.test35
DateTimeFormatter.java,org.joda.time.format.DateTimeFormatter,org.pitest.mutationtest.engine.gregor.mutators.RemoveConditionalMutator_ORDER_IF,printTo,724,SURVIVED,none
DateTimeFormatter.java,org.joda.time.format.DateTimeFormatter,org.pitest.mutationtest.engine.gregor.mutators.VoidMethodCallMutator,printTo,730,KILLED,org.joda.time.format.DateTimeFormatter_ESTest.test35
DateTimeFormatter.java,org.joda.time.format.DateTimeFormatter,org.pitest.mutationtest.engine.gregor.mutators.experimental.NakedReceiverMutator,printTo,730,SURVIVED,none
DateTimeFormatter.java,org.joda.time.format.DateTimeFormatter,org.pitest.mutationtest.engine.gregor.mutators.NonVoidMethodCallMutator,printTo,533,SURVIVED,none
DateTimeFormatter.java,org.joda.time.format.DateTimeFormatter,org.pitest.mutationtest.engine.gregor.mutators.NonVoidMethodCallMutator,printTo,534,KILLED,org.joda.time.format.DateTimeFormatter_ESTest.test22
DateTimeFormatter.java,org.joda.time.format.DateTimeFormatter,org.pitest.mutationtest.engine.gregor.mutators.VoidMethodCallMutator,printTo,535,KILLED,org.joda.time.format.DateTimeFormatter_ESTest.test35
DateTimeFormatter.java,org.joda.time.format.DateTimeFormatter,org.pitest.mutationtest.engine.gregor.mutators.ConstructorCallMutator,printTo,653,KILLED,org.joda.time.format.DateTimeFormatter_ESTest.test37
DateTimeFormatter.java,org.joda.time.format.DateTimeFormatter,org.pitest.mutationtest.engine.gregor.mutators.NegateConditionalsMutator,printTo,652,KILLED,org.joda.time.format.DateTimeFormatter_ESTest.test37
DateTimeFormatter.java,org.joda.time.format.DateTimeFormatter,org.pitest.mutationtest.engine.gregor.mutators.NonVoidMethodCallMutator,printTo,651,SURVIVED,none
DateTimeFormatter.java,org.joda.time.format.DateTimeFormatter,org.pitest.mutationtest.engine.gregor.mutators.RemoveConditionalMutator_EQUAL_ELSE,printTo,652,KILLED,org.joda.time.format.DateTimeFormatter_ESTest.test37
DateTimeFormatter.java,org.joda.time.format.DateTimeFormatter,org.pitest.mutationtest.engine.gregor.mutators.RemoveConditionalMutator_EQUAL_IF,printTo,652,SURVIVED,none
DateTimeFormatter.java,org.joda.time.format.DateTimeFormatter,org.pitest.mutationtest.engine.gregor.mutators.VoidMethodCallMutator,printTo,655,NO_COVERAGE,none
DateTimeFormatter.java,org.joda.time.format.DateTimeFormatter,org.pitest.mutationtest.engine.gregor.mutators.VoidMethodCallMutator,printTo,548,SURVIVED,none
DateTimeFormatter.java,org.joda.time.format.DateTimeFormatter,org.pitest.mutationtest.engine.gregor.mutators.VoidMethodCallMutator,printTo,495,KILLED,org.joda.time.format.DateTimeFormatter_ESTest.test33
DateTimeFormatter.java,org.joda.time.format.DateTimeFormatter,org.pitest.mutationtest.engine.gregor.mutators.VoidMethodCallMutator,printTo,604,KILLED,org.joda.time.format.DateTimeFormatter_ESTest.test37
DateTimeFormatter.java,org.joda.time.format.DateTimeFormatter,org.pitest.mutationtest.engine.gregor.mutators.VoidMethodCallMutator,printTo,563,KILLED,org.joda.time.format.DateTimeFormatter_ESTest.test24
DateTimeFormatter.java,org.joda.time.format.DateTimeFormatter,org.pitest.mutationtest.engine.gregor.mutators.VoidMethodCallMutator,printTo,509,KILLED,org.joda.time.format.DateTimeFormatter_ESTest.test22
DateTimeFormatter.java,org.joda.time.format.DateTimeFormatter,org.pitest.mutationtest.engine.gregor.mutators.VoidMethodCallMutator,printTo,621,KILLED,org.joda.time.format.DateTimeFormatter_ESTest.test31
DateTimeFormatter.java,org.joda.time.format.DateTimeFormatter,org.pitest.mutationtest.engine.gregor.mutators.ConstructorCallMutator,requireParser,1001,KILLED,org.joda.time.format.DateTimeFormatter_ESTest.test07
DateTimeFormatter.java,org.joda.time.format.DateTimeFormatter,org.pitest.mutationtest.engine.gregor.mutators.NegateConditionalsMutator,requireParser,1000,KILLED,org.joda.time.format.DateTimeFormatter_ESTest.test07
DateTimeFormatter.java,org.joda.time.format.DateTimeFormatter,org.pitest.mutationtest.engine.gregor.mutators.NullReturnValsMutator,requireParser,1003,KILLED,org.joda.time.format.DateTimeFormatter_ESTest.test25
DateTimeFormatter.java,org.joda.time.format.DateTimeFormatter,org.pitest.mutationtest.engine.gregor.mutators.RemoveConditionalMutator_EQUAL_ELSE,requireParser,1000,KILLED,org.joda.time.format.DateTimeFormatter_ESTest.test07
DateTimeFormatter.java,org.joda.time.format.DateTimeFormatter,org.pitest.mutationtest.engine.gregor.mutators.RemoveConditionalMutator_EQUAL_IF,requireParser,1000,KILLED,org.joda.time.format.DateTimeFormatter_ESTest.test25
DateTimeFormatter.java,org.joda.time.format.DateTimeFormatter,org.pitest.mutationtest.engine.gregor.mutators.ReturnValsMutator,requireParser,1003,KILLED,org.joda.time.format.DateTimeFormatter_ESTest.test25
DateTimeFormatter.java,org.joda.time.format.DateTimeFormatter,org.pitest.mutationtest.engine.gregor.mutators.ConstructorCallMutator,requirePrinter,741,KILLED,org.joda.time.format.DateTimeFormatter_ESTest.test09
DateTimeFormatter.java,org.joda.time.format.DateTimeFormatter,org.pitest.mutationtest.engine.gregor.mutators.NegateConditionalsMutator,requirePrinter,740,KILLED,org.joda.time.format.DateTimeFormatter_ESTest.test35
DateTimeFormatter.java,org.joda.time.format.DateTimeFormatter,org.pitest.mutationtest.engine.gregor.mutators.NullReturnValsMutator,requirePrinter,743,KILLED,org.joda.time.format.DateTimeFormatter_ESTest.test35
DateTimeFormatter.java,org.joda.time.format.DateTimeFormatter,org.pitest.mutationtest.engine.gregor.mutators.RemoveConditionalMutator_EQUAL_ELSE,requirePrinter,740,KILLED,org.joda.time.format.DateTimeFormatter_ESTest.test09
DateTimeFormatter.java,org.joda.time.format.DateTimeFormatter,org.pitest.mutationtest.engine.gregor.mutators.RemoveConditionalMutator_EQUAL_IF,requirePrinter,740,KILLED,org.joda.time.format.DateTimeFormatter_ESTest.test35
DateTimeFormatter.java,org.joda.time.format.DateTimeFormatter,org.pitest.mutationtest.engine.gregor.mutators.ReturnValsMutator,requirePrinter,743,KILLED,org.joda.time.format.DateTimeFormatter_ESTest.test35
DateTimeFormatter.java,org.joda.time.format.DateTimeFormatter,org.pitest.mutationtest.engine.gregor.mutators.ArgumentPropagationMutator,selectChronology,1014,KILLED,org.joda.time.format.DateTimeFormatter_ESTest.test39
DateTimeFormatter.java,org.joda.time.format.DateTimeFormatter,org.pitest.mutationtest.engine.gregor.mutators.NegateConditionalsMutator,selectChronology,1015,KILLED,org.joda.time.format.DateTimeFormatter_ESTest.test35
DateTimeFormatter.java,org.joda.time.format.DateTimeFormatter,org.pitest.mutationtest.engine.gregor.mutators.NegateConditionalsMutator,selectChronology,1018,KILLED,org.joda.time.format.DateTimeFormatter_ESTest.test22
DateTimeFormatter.java,org.joda.time.format.DateTimeFormatter,org.pitest.mutationtest.engine.gregor.mutators.NonVoidMethodCallMutator,selectChronology,1014,KILLED,org.joda.time.format.DateTimeFormatter_ESTest.test35
DateTimeFormatter.java,org.joda.time.format.DateTimeFormatter,org.pitest.mutationtest.engine.gregor.mutators.NonVoidMethodCallMutator,selectChronology,1019,KILLED,org.joda.time.format.DateTimeFormatter_ESTest.test41
DateTimeFormatter.java,org.joda.time.format.DateTimeFormatter,org.pitest.mutationtest.engine.gregor.mutators.NullReturnValsMutator,selectChronology,1021,KILLED,org.joda.time.format.DateTimeFormatter_ESTest.test35
DateTimeFormatter.java,org.joda.time.format.DateTimeFormatter,org.pitest.mutationtest.engine.gregor.mutators.RemoveConditionalMutator_EQUAL_ELSE,selectChronology,1015,SURVIVED,none
DateTimeFormatter.java,org.joda.time.format.DateTimeFormatter,org.pitest.mutationtest.engine.gregor.mutators.RemoveConditionalMutator_EQUAL_ELSE,selectChronology,1018,SURVIVED,none
DateTimeFormatter.java,org.joda.time.format.DateTimeFormatter,org.pitest.mutationtest.engine.gregor.mutators.RemoveConditionalMutator_EQUAL_IF,selectChronology,1015,KILLED,org.joda.time.format.DateTimeFormatter_ESTest.test35
DateTimeFormatter.java,org.joda.time.format.DateTimeFormatter,org.pitest.mutationtest.engine.gregor.mutators.RemoveConditionalMutator_EQUAL_IF,selectChronology,1018,KILLED,org.joda.time.format.DateTimeFormatter_ESTest.test22
DateTimeFormatter.java,org.joda.time.format.DateTimeFormatter,org.pitest.mutationtest.engine.gregor.mutators.ReturnValsMutator,selectChronology,1021,KILLED,org.joda.time.format.DateTimeFormatter_ESTest.test35
DateTimeFormatter.java,org.joda.time.format.DateTimeFormatter,org.pitest.mutationtest.engine.gregor.mutators.experimental.NakedReceiverMutator,selectChronology,1019,SURVIVED,none
DateTimeFormatter.java,org.joda.time.format.DateTimeFormatter,org.pitest.mutationtest.engine.gregor.mutators.ConstructorCallMutator,withChronology,294,KILLED,org.joda.time.format.DateTimeFormatter_ESTest.test25
DateTimeFormatter.java,org.joda.time.format.DateTimeFormatter,org.pitest.mutationtest.engine.gregor.mutators.NegateConditionalsMutator,withChronology,291,KILLED,org.joda.time.format.DateTimeFormatter_ESTest.test12
DateTimeFormatter.java,org.joda.time.format.DateTimeFormatter,org.pitest.mutationtest.engine.gregor.mutators.NullReturnValsMutator,withChronology,292,KILLED,org.joda.time.format.DateTimeFormatter_ESTest.test12
DateTimeFormatter.java,org.joda.time.format.DateTimeFormatter,org.pitest.mutationtest.engine.gregor.mutators.NullReturnValsMutator,withChronology,294,KILLED,org.joda.time.format.DateTimeFormatter_ESTest.test25
DateTimeFormatter.java,org.joda.time.format.DateTimeFormatter,org.pitest.mutationtest.engine.gregor.mutators.RemoveConditionalMutator_EQUAL_ELSE,withChronology,291,KILLED,org.joda.time.format.DateTimeFormatter_ESTest.test12
DateTimeFormatter.java,org.joda.time.format.DateTimeFormatter,org.pitest.mutationtest.engine.gregor.mutators.RemoveConditionalMutator_EQUAL_IF,withChronology,291,SURVIVED,none
DateTimeFormatter.java,org.joda.time.format.DateTimeFormatter,org.pitest.mutationtest.engine.gregor.mutators.ReturnValsMutator,withChronology,292,KILLED,org.joda.time.format.DateTimeFormatter_ESTest.test12
DateTimeFormatter.java,org.joda.time.format.DateTimeFormatter,org.pitest.mutationtest.engine.gregor.mutators.ReturnValsMutator,withChronology,294,KILLED,org.joda.time.format.DateTimeFormatter_ESTest.test25
DateTimeFormatter.java,org.joda.time.format.DateTimeFormatter,org.pitest.mutationtest.engine.gregor.mutators.ConstructorCallMutator,withDefaultYear,472,KILLED,org.joda.time.format.DateTimeFormatter_ESTest.test38
DateTimeFormatter.java,org.joda.time.format.DateTimeFormatter,org.pitest.mutationtest.engine.gregor.mutators.NullReturnValsMutator,withDefaultYear,472,KILLED,org.joda.time.format.DateTimeFormatter_ESTest.test38
DateTimeFormatter.java,org.joda.time.format.DateTimeFormatter,org.pitest.mutationtest.engine.gregor.mutators.ReturnValsMutator,withDefaultYear,472,KILLED,org.joda.time.format.DateTimeFormatter_ESTest.test38
DateTimeFormatter.java,org.joda.time.format.DateTimeFormatter,org.pitest.mutationtest.engine.gregor.mutators.ConstructorCallMutator,withLocale,226,KILLED,org.joda.time.format.DateTimeFormatter_ESTest.test14
DateTimeFormatter.java,org.joda.time.format.DateTimeFormatter,org.pitest.mutationtest.engine.gregor.mutators.NegateConditionalsMutator,withLocale,223,KILLED,org.joda.time.format.DateTimeFormatter_ESTest.test14
DateTimeFormatter.java,org.joda.time.format.DateTimeFormatter,org.pitest.mutationtest.engine.gregor.mutators.NegateConditionalsMutator,withLocale,223,KILLED,org.joda.time.format.DateTimeFormatter_ESTest.test14
DateTimeFormatter.java,org.joda.time.format.DateTimeFormatter,org.pitest.mutationtest.engine.gregor.mutators.NegateConditionalsMutator,withLocale,223,KILLED,org.joda.time.format.DateTimeFormatter_ESTest.test14
DateTimeFormatter.java,org.joda.time.format.DateTimeFormatter,org.pitest.mutationtest.engine.gregor.mutators.NonVoidMethodCallMutator,withLocale,223,SURVIVED,none
DateTimeFormatter.java,org.joda.time.format.DateTimeFormatter,org.pitest.mutationtest.engine.gregor.mutators.NonVoidMethodCallMutator,withLocale,223,SURVIVED,none
DateTimeFormatter.java,org.joda.time.format.DateTimeFormatter,org.pitest.mutationtest.engine.gregor.mutators.NonVoidMethodCallMutator,withLocale,223,SURVIVED,none
DateTimeFormatter.java,org.joda.time.format.DateTimeFormatter,org.pitest.mutationtest.engine.gregor.mutators.NullReturnValsMutator,withLocale,224,KILLED,org.joda.time.format.DateTimeFormatter_ESTest.test15
DateTimeFormatter.java,org.joda.time.format.DateTimeFormatter,org.pitest.mutationtest.engine.gregor.mutators.NullReturnValsMutator,withLocale,226,KILLED,org.joda.time.format.DateTimeFormatter_ESTest.test14
DateTimeFormatter.java,org.joda.time.format.DateTimeFormatter,org.pitest.mutationtest.engine.gregor.mutators.RemoveConditionalMutator_EQUAL_ELSE,withLocale,223,KILLED,org.joda.time.format.DateTimeFormatter_ESTest.test14
DateTimeFormatter.java,org.joda.time.format.DateTimeFormatter,org.pitest.mutationtest.engine.gregor.mutators.RemoveConditionalMutator_EQUAL_ELSE,withLocale,223,SURVIVED,none
DateTimeFormatter.java,org.joda.time.format.DateTimeFormatter,org.pitest.mutationtest.engine.gregor.mutators.RemoveConditionalMutator_EQUAL_ELSE,withLocale,223,SURVIVED,none
DateTimeFormatter.java,org.joda.time.format.DateTimeFormatter,org.pitest.mutationtest.engine.gregor.mutators.RemoveConditionalMutator_EQUAL_IF,withLocale,223,KILLED,org.joda.time.format.DateTimeFormatter_ESTest.test15
DateTimeFormatter.java,org.joda.time.format.DateTimeFormatter,org.pitest.mutationtest.engine.gregor.mutators.RemoveConditionalMutator_EQUAL_IF,withLocale,223,KILLED,org.joda.time.format.DateTimeFormatter_ESTest.test14
DateTimeFormatter.java,org.joda.time.format.DateTimeFormatter,org.pitest.mutationtest.engine.gregor.mutators.RemoveConditionalMutator_EQUAL_IF,withLocale,223,KILLED,org.joda.time.format.DateTimeFormatter_ESTest.test14
DateTimeFormatter.java,org.joda.time.format.DateTimeFormatter,org.pitest.mutationtest.engine.gregor.mutators.ReturnValsMutator,withLocale,224,KILLED,org.joda.time.format.DateTimeFormatter_ESTest.test15
DateTimeFormatter.java,org.joda.time.format.DateTimeFormatter,org.pitest.mutationtest.engine.gregor.mutators.ReturnValsMutator,withLocale,226,KILLED,org.joda.time.format.DateTimeFormatter_ESTest.test14
DateTimeFormatter.java,org.joda.time.format.DateTimeFormatter,org.pitest.mutationtest.engine.gregor.mutators.ConstructorCallMutator,withOffsetParsed,259,KILLED,org.joda.time.format.DateTimeFormatter_ESTest.test13
DateTimeFormatter.java,org.joda.time.format.DateTimeFormatter,org.pitest.mutationtest.engine.gregor.mutators.InlineConstantMutator,withOffsetParsed,256,KILLED,org.joda.time.format.DateTimeFormatter_ESTest.test13
DateTimeFormatter.java,org.joda.time.format.DateTimeFormatter,org.pitest.mutationtest.engine.gregor.mutators.InlineConstantMutator,withOffsetParsed,259,KILLED,org.joda.time.format.DateTimeFormatter_ESTest.test13
DateTimeFormatter.java,org.joda.time.format.DateTimeFormatter,org.pitest.mutationtest.engine.gregor.mutators.NegateConditionalsMutator,withOffsetParsed,256,KILLED,org.joda.time.format.DateTimeFormatter_ESTest.test13
DateTimeFormatter.java,org.joda.time.format.DateTimeFormatter,org.pitest.mutationtest.engine.gregor.mutators.NullReturnValsMutator,withOffsetParsed,257,KILLED,org.joda.time.format.DateTimeFormatter_ESTest.test13
DateTimeFormatter.java,org.joda.time.format.DateTimeFormatter,org.pitest.mutationtest.engine.gregor.mutators.NullReturnValsMutator,withOffsetParsed,259,KILLED,org.joda.time.format.DateTimeFormatter_ESTest.test13
DateTimeFormatter.java,org.joda.time.format.DateTimeFormatter,org.pitest.mutationtest.engine.gregor.mutators.RemoveConditionalMutator_EQUAL_ELSE,withOffsetParsed,256,KILLED,org.joda.time.format.DateTimeFormatter_ESTest.test13
DateTimeFormatter.java,org.joda.time.format.DateTimeFormatter,org.pitest.mutationtest.engine.gregor.mutators.RemoveConditionalMutator_EQUAL_IF,withOffsetParsed,256,KILLED,org.joda.time.format.DateTimeFormatter_ESTest.test13
DateTimeFormatter.java,org.joda.time.format.DateTimeFormatter,org.pitest.mutationtest.engine.gregor.mutators.ReturnValsMutator,withOffsetParsed,257,KILLED,org.joda.time.format.DateTimeFormatter_ESTest.test13
DateTimeFormatter.java,org.joda.time.format.DateTimeFormatter,org.pitest.mutationtest.engine.gregor.mutators.ReturnValsMutator,withOffsetParsed,259,KILLED,org.joda.time.format.DateTimeFormatter_ESTest.test13
DateTimeFormatter.java,org.joda.time.format.DateTimeFormatter,org.pitest.mutationtest.engine.gregor.mutators.NonVoidMethodCallMutator,withPivotYear,439,KILLED,org.joda.time.format.DateTimeFormatter_ESTest.test01
DateTimeFormatter.java,org.joda.time.format.DateTimeFormatter,org.pitest.mutationtest.engine.gregor.mutators.NonVoidMethodCallMutator,withPivotYear,439,KILLED,org.joda.time.format.DateTimeFormatter_ESTest.test01
DateTimeFormatter.java,org.joda.time.format.DateTimeFormatter,org.pitest.mutationtest.engine.gregor.mutators.NullReturnValsMutator,withPivotYear,439,KILLED,org.joda.time.format.DateTimeFormatter_ESTest.test01
DateTimeFormatter.java,org.joda.time.format.DateTimeFormatter,org.pitest.mutationtest.engine.gregor.mutators.ReturnValsMutator,withPivotYear,439,KILLED,org.joda.time.format.DateTimeFormatter_ESTest.test01
DateTimeFormatter.java,org.joda.time.format.DateTimeFormatter,org.pitest.mutationtest.engine.gregor.mutators.experimental.NakedReceiverMutator,withPivotYear,439,KILLED,org.joda.time.format.DateTimeFormatter_ESTest.test01
DateTimeFormatter.java,org.joda.time.format.DateTimeFormatter,org.pitest.mutationtest.engine.gregor.mutators.ConstructorCallMutator,withPivotYear,405,KILLED,org.joda.time.format.DateTimeFormatter_ESTest.test02
DateTimeFormatter.java,org.joda.time.format.DateTimeFormatter,org.pitest.mutationtest.engine.gregor.mutators.NegateConditionalsMutator,withPivotYear,402,KILLED,org.joda.time.format.DateTimeFormatter_ESTest.test10
DateTimeFormatter.java,org.joda.time.format.DateTimeFormatter,org.pitest.mutationtest.engine.gregor.mutators.NegateConditionalsMutator,withPivotYear,402,KILLED,org.joda.time.format.DateTimeFormatter_ESTest.test02
DateTimeFormatter.java,org.joda.time.format.DateTimeFormatter,org.pitest.mutationtest.engine.gregor.mutators.NegateConditionalsMutator,withPivotYear,402,KILLED,org.joda.time.format.DateTimeFormatter_ESTest.test02
DateTimeFormatter.java,org.joda.time.format.DateTimeFormatter,org.pitest.mutationtest.engine.gregor.mutators.NonVoidMethodCallMutator,withPivotYear,402,KILLED,org.joda.time.format.DateTimeFormatter_ESTest.test01
DateTimeFormatter.java,org.joda.time.format.DateTimeFormatter,org.pitest.mutationtest.engine.gregor.mutators.NullReturnValsMutator,withPivotYear,403,KILLED,org.joda.time.format.DateTimeFormatter_ESTest.test10
DateTimeFormatter.java,org.joda.time.format.DateTimeFormatter,org.pitest.mutationtest.engine.gregor.mutators.NullReturnValsMutator,withPivotYear,405,KILLED,org.joda.time.format.DateTimeFormatter_ESTest.test02
DateTimeFormatter.java,org.joda.time.format.DateTimeFormatter,org.pitest.mutationtest.engine.gregor.mutators.RemoveConditionalMutator_EQUAL_ELSE,withPivotYear,402,KILLED,org.joda.time.format.DateTimeFormatter_ESTest.test02
DateTimeFormatter.java,org.joda.time.format.DateTimeFormatter,org.pitest.mutationtest.engine.gregor.mutators.RemoveConditionalMutator_EQUAL_ELSE,withPivotYear,402,KILLED,org.joda.time.format.DateTimeFormatter_ESTest.test01
DateTimeFormatter.java,org.joda.time.format.DateTimeFormatter,org.pitest.mutationtest.engine.gregor.mutators.RemoveConditionalMutator_EQUAL_ELSE,withPivotYear,402,KILLED,org.joda.time.format.DateTimeFormatter_ESTest.test01
DateTimeFormatter.java,org.joda.time.format.DateTimeFormatter,org.pitest.mutationtest.engine.gregor.mutators.RemoveConditionalMutator_EQUAL_IF,withPivotYear,402,KILLED,org.joda.time.format.DateTimeFormatter_ESTest.test10
DateTimeFormatter.java,org.joda.time.format.DateTimeFormatter,org.pitest.mutationtest.engine.gregor.mutators.RemoveConditionalMutator_EQUAL_IF,withPivotYear,402,KILLED,org.joda.time.format.DateTimeFormatter_ESTest.test02
DateTimeFormatter.java,org.joda.time.format.DateTimeFormatter,org.pitest.mutationtest.engine.gregor.mutators.RemoveConditionalMutator_EQUAL_IF,withPivotYear,402,KILLED,org.joda.time.format.DateTimeFormatter_ESTest.test02
DateTimeFormatter.java,org.joda.time.format.DateTimeFormatter,org.pitest.mutationtest.engine.gregor.mutators.ReturnValsMutator,withPivotYear,403,KILLED,org.joda.time.format.DateTimeFormatter_ESTest.test10
DateTimeFormatter.java,org.joda.time.format.DateTimeFormatter,org.pitest.mutationtest.engine.gregor.mutators.ReturnValsMutator,withPivotYear,405,KILLED,org.joda.time.format.DateTimeFormatter_ESTest.test02
DateTimeFormatter.java,org.joda.time.format.DateTimeFormatter,org.pitest.mutationtest.engine.gregor.mutators.ConstructorCallMutator,withZone,358,KILLED,org.joda.time.format.DateTimeFormatter_ESTest.test11
DateTimeFormatter.java,org.joda.time.format.DateTimeFormatter,org.pitest.mutationtest.engine.gregor.mutators.InlineConstantMutator,withZone,358,KILLED,org.joda.time.format.DateTimeFormatter_ESTest.test11
DateTimeFormatter.java,org.joda.time.format.DateTimeFormatter,org.pitest.mutationtest.engine.gregor.mutators.NegateConditionalsMutator,withZone,355,KILLED,org.joda.time.format.DateTimeFormatter_ESTest.test11
DateTimeFormatter.java,org.joda.time.format.DateTimeFormatter,org.pitest.mutationtest.engine.gregor.mutators.NullReturnValsMutator,withZone,356,KILLED,org.joda.time.format.DateTimeFormatter_ESTest.test03
DateTimeFormatter.java,org.joda.time.format.DateTimeFormatter,org.pitest.mutationtest.engine.gregor.mutators.NullReturnValsMutator,withZone,358,KILLED,org.joda.time.format.DateTimeFormatter_ESTest.test11
DateTimeFormatter.java,org.joda.time.format.DateTimeFormatter,org.pitest.mutationtest.engine.gregor.mutators.RemoveConditionalMutator_EQUAL_ELSE,withZone,355,KILLED,org.joda.time.format.DateTimeFormatter_ESTest.test03
DateTimeFormatter.java,org.joda.time.format.DateTimeFormatter,org.pitest.mutationtest.engine.gregor.mutators.RemoveConditionalMutator_EQUAL_IF,withZone,355,KILLED,org.joda.time.format.DateTimeFormatter_ESTest.test11
DateTimeFormatter.java,org.joda.time.format.DateTimeFormatter,org.pitest.mutationtest.engine.gregor.mutators.ReturnValsMutator,withZone,356,KILLED,org.joda.time.format.DateTimeFormatter_ESTest.test03
DateTimeFormatter.java,org.joda.time.format.DateTimeFormatter,org.pitest.mutationtest.engine.gregor.mutators.ReturnValsMutator,withZone,358,KILLED,org.joda.time.format.DateTimeFormatter_ESTest.test11
DateTimeFormatter.java,org.joda.time.format.DateTimeFormatter,org.pitest.mutationtest.engine.gregor.mutators.NonVoidMethodCallMutator,withZoneUTC,335,KILLED,org.joda.time.format.DateTimeFormatter_ESTest.test28
DateTimeFormatter.java,org.joda.time.format.DateTimeFormatter,org.pitest.mutationtest.engine.gregor.mutators.NullReturnValsMutator,withZoneUTC,335,KILLED,org.joda.time.format.DateTimeFormatter_ESTest.test28
DateTimeFormatter.java,org.joda.time.format.DateTimeFormatter,org.pitest.mutationtest.engine.gregor.mutators.ReturnValsMutator,withZoneUTC,335,KILLED,org.joda.time.format.DateTimeFormatter_ESTest.test28
DateTimeFormatter.java,org.joda.time.format.DateTimeFormatter,org.pitest.mutationtest.engine.gregor.mutators.experimental.NakedReceiverMutator,withZoneUTC,335,KILLED,org.joda.time.format.DateTimeFormatter_ESTest.test28
