Partial.java,org.joda.time.Partial,org.pitest.mutationtest.engine.gregor.mutators.ArgumentPropagationMutator,<init>,124,KILLED,org.joda.time.Partial_ESTest.test50
Partial.java,org.joda.time.Partial,org.pitest.mutationtest.engine.gregor.mutators.InlineConstantMutator,<init>,125,KILLED,org.joda.time.Partial_ESTest.test50
Partial.java,org.joda.time.Partial,org.pitest.mutationtest.engine.gregor.mutators.InlineConstantMutator,<init>,126,SURVIVED,none
Partial.java,org.joda.time.Partial,org.pitest.mutationtest.engine.gregor.mutators.NonVoidMethodCallMutator,<init>,124,KILLED,org.joda.time.Partial_ESTest.test50
Partial.java,org.joda.time.Partial,org.pitest.mutationtest.engine.gregor.mutators.NonVoidMethodCallMutator,<init>,124,SURVIVED,none
Partial.java,org.joda.time.Partial,org.pitest.mutationtest.engine.gregor.mutators.experimental.MemberVariableMutator,<init>,124,SURVIVED,none
Partial.java,org.joda.time.Partial,org.pitest.mutationtest.engine.gregor.mutators.experimental.MemberVariableMutator,<init>,125,KILLED,org.joda.time.Partial_ESTest.test50
Partial.java,org.joda.time.Partial,org.pitest.mutationtest.engine.gregor.mutators.experimental.MemberVariableMutator,<init>,126,SURVIVED,none
Partial.java,org.joda.time.Partial,org.pitest.mutationtest.engine.gregor.mutators.experimental.NakedReceiverMutator,<init>,124,SURVIVED,none
Partial.java,org.joda.time.Partial,org.pitest.mutationtest.engine.gregor.mutators.experimental.MemberVariableMutator,<init>,322,SURVIVED,none
Partial.java,org.joda.time.Partial,org.pitest.mutationtest.engine.gregor.mutators.experimental.MemberVariableMutator,<init>,323,KILLED,org.joda.time.Partial_ESTest.test17
Partial.java,org.joda.time.Partial,org.pitest.mutationtest.engine.gregor.mutators.experimental.MemberVariableMutator,<init>,324,KILLED,org.joda.time.Partial_ESTest.test43
Partial.java,org.joda.time.Partial,org.pitest.mutationtest.engine.gregor.mutators.ArgumentPropagationMutator,<init>,154,KILLED,org.joda.time.Partial_ESTest.test47
Partial.java,org.joda.time.Partial,org.pitest.mutationtest.engine.gregor.mutators.ConstructorCallMutator,<init>,157,NO_COVERAGE,none
Partial.java,org.joda.time.Partial,org.pitest.mutationtest.engine.gregor.mutators.InlineConstantMutator,<init>,159,KILLED,org.joda.time.Partial_ESTest.test47
Partial.java,org.joda.time.Partial,org.pitest.mutationtest.engine.gregor.mutators.InlineConstantMutator,<init>,159,KILLED,org.joda.time.Partial_ESTest.test47
Partial.java,org.joda.time.Partial,org.pitest.mutationtest.engine.gregor.mutators.InlineConstantMutator,<init>,160,KILLED,org.joda.time.Partial_ESTest.test47
Partial.java,org.joda.time.Partial,org.pitest.mutationtest.engine.gregor.mutators.InlineConstantMutator,<init>,160,KILLED,org.joda.time.Partial_ESTest.test47
Partial.java,org.joda.time.Partial,org.pitest.mutationtest.engine.gregor.mutators.NegateConditionalsMutator,<init>,156,KILLED,org.joda.time.Partial_ESTest.test47
Partial.java,org.joda.time.Partial,org.pitest.mutationtest.engine.gregor.mutators.NonVoidMethodCallMutator,<init>,154,KILLED,org.joda.time.Partial_ESTest.test47
Partial.java,org.joda.time.Partial,org.pitest.mutationtest.engine.gregor.mutators.NonVoidMethodCallMutator,<init>,154,KILLED,org.joda.time.Partial_ESTest.test47
Partial.java,org.joda.time.Partial,org.pitest.mutationtest.engine.gregor.mutators.RemoveConditionalMutator_EQUAL_ELSE,<init>,156,SURVIVED,none
Partial.java,org.joda.time.Partial,org.pitest.mutationtest.engine.gregor.mutators.RemoveConditionalMutator_EQUAL_IF,<init>,156,KILLED,org.joda.time.Partial_ESTest.test47
Partial.java,org.joda.time.Partial,org.pitest.mutationtest.engine.gregor.mutators.VoidMethodCallMutator,<init>,161,SURVIVED,none
Partial.java,org.joda.time.Partial,org.pitest.mutationtest.engine.gregor.mutators.experimental.MemberVariableMutator,<init>,155,SURVIVED,none
Partial.java,org.joda.time.Partial,org.pitest.mutationtest.engine.gregor.mutators.experimental.MemberVariableMutator,<init>,159,KILLED,org.joda.time.Partial_ESTest.test47
Partial.java,org.joda.time.Partial,org.pitest.mutationtest.engine.gregor.mutators.experimental.MemberVariableMutator,<init>,160,KILLED,org.joda.time.Partial_ESTest.test47
Partial.java,org.joda.time.Partial,org.pitest.mutationtest.engine.gregor.mutators.experimental.NakedReceiverMutator,<init>,154,SURVIVED,none
Partial.java,org.joda.time.Partial,org.pitest.mutationtest.engine.gregor.mutators.experimental.MemberVariableMutator,<init>,306,SURVIVED,none
Partial.java,org.joda.time.Partial,org.pitest.mutationtest.engine.gregor.mutators.experimental.MemberVariableMutator,<init>,307,KILLED,org.joda.time.Partial_ESTest.test21
Partial.java,org.joda.time.Partial,org.pitest.mutationtest.engine.gregor.mutators.experimental.MemberVariableMutator,<init>,308,KILLED,org.joda.time.Partial_ESTest.test21
Partial.java,org.joda.time.Partial,org.pitest.mutationtest.engine.gregor.mutators.ArgumentPropagationMutator,<init>,287,SURVIVED,none
Partial.java,org.joda.time.Partial,org.pitest.mutationtest.engine.gregor.mutators.ArgumentPropagationMutator,<init>,292,KILLED,org.joda.time.Partial_ESTest.test36
Partial.java,org.joda.time.Partial,org.pitest.mutationtest.engine.gregor.mutators.ConditionalsBoundaryMutator,<init>,290,SURVIVED,none
Partial.java,org.joda.time.Partial,org.pitest.mutationtest.engine.gregor.mutators.ConstructorCallMutator,<init>,285,KILLED,org.joda.time.Partial_ESTest.test35
Partial.java,org.joda.time.Partial,org.pitest.mutationtest.engine.gregor.mutators.InlineConstantMutator,<init>,290,SURVIVED,none
Partial.java,org.joda.time.Partial,org.pitest.mutationtest.engine.gregor.mutators.NegateConditionalsMutator,<init>,284,KILLED,org.joda.time.Partial_ESTest.test36
Partial.java,org.joda.time.Partial,org.pitest.mutationtest.engine.gregor.mutators.NegateConditionalsMutator,<init>,290,KILLED,org.joda.time.Partial_ESTest.test36
Partial.java,org.joda.time.Partial,org.pitest.mutationtest.engine.gregor.mutators.NonVoidMethodCallMutator,<init>,287,SURVIVED,none
Partial.java,org.joda.time.Partial,org.pitest.mutationtest.engine.gregor.mutators.NonVoidMethodCallMutator,<init>,287,SURVIVED,none
Partial.java,org.joda.time.Partial,org.pitest.mutationtest.engine.gregor.mutators.NonVoidMethodCallMutator,<init>,287,SURVIVED,none
Partial.java,org.joda.time.Partial,org.pitest.mutationtest.engine.gregor.mutators.NonVoidMethodCallMutator,<init>,288,KILLED,org.joda.time.Partial_ESTest.test36
Partial.java,org.joda.time.Partial,org.pitest.mutationtest.engine.gregor.mutators.NonVoidMethodCallMutator,<init>,289,SURVIVED,none
Partial.java,org.joda.time.Partial,org.pitest.mutationtest.engine.gregor.mutators.NonVoidMethodCallMutator,<init>,290,KILLED,org.joda.time.Partial_ESTest.test36
Partial.java,org.joda.time.Partial,org.pitest.mutationtest.engine.gregor.mutators.NonVoidMethodCallMutator,<init>,291,SURVIVED,none
Partial.java,org.joda.time.Partial,org.pitest.mutationtest.engine.gregor.mutators.NonVoidMethodCallMutator,<init>,292,KILLED,org.joda.time.Partial_ESTest.test36
Partial.java,org.joda.time.Partial,org.pitest.mutationtest.engine.gregor.mutators.RemoveConditionalMutator_EQUAL_ELSE,<init>,284,KILLED,org.joda.time.Partial_ESTest.test35
Partial.java,org.joda.time.Partial,org.pitest.mutationtest.engine.gregor.mutators.RemoveConditionalMutator_EQUAL_IF,<init>,284,KILLED,org.joda.time.Partial_ESTest.test36
Partial.java,org.joda.time.Partial,org.pitest.mutationtest.engine.gregor.mutators.RemoveConditionalMutator_ORDER_ELSE,<init>,290,KILLED,org.joda.time.Partial_ESTest.test36
Partial.java,org.joda.time.Partial,org.pitest.mutationtest.engine.gregor.mutators.RemoveConditionalMutator_ORDER_IF,<init>,290,SURVIVED,none
Partial.java,org.joda.time.Partial,org.pitest.mutationtest.engine.gregor.mutators.experimental.MemberVariableMutator,<init>,287,SURVIVED,none
Partial.java,org.joda.time.Partial,org.pitest.mutationtest.engine.gregor.mutators.experimental.MemberVariableMutator,<init>,288,SURVIVED,none
Partial.java,org.joda.time.Partial,org.pitest.mutationtest.engine.gregor.mutators.experimental.MemberVariableMutator,<init>,289,SURVIVED,none
Partial.java,org.joda.time.Partial,org.pitest.mutationtest.engine.gregor.mutators.experimental.NakedReceiverMutator,<init>,287,SURVIVED,none
Partial.java,org.joda.time.Partial,org.pitest.mutationtest.engine.gregor.mutators.ArgumentPropagationMutator,<init>,195,KILLED,org.joda.time.Partial_ESTest.test52
Partial.java,org.joda.time.Partial,org.pitest.mutationtest.engine.gregor.mutators.ConditionalsBoundaryMutator,<init>,211,NO_COVERAGE,none
Partial.java,org.joda.time.Partial,org.pitest.mutationtest.engine.gregor.mutators.ConditionalsBoundaryMutator,<init>,217,NO_COVERAGE,none
Partial.java,org.joda.time.Partial,org.pitest.mutationtest.engine.gregor.mutators.ConditionalsBoundaryMutator,<init>,220,NO_COVERAGE,none
Partial.java,org.joda.time.Partial,org.pitest.mutationtest.engine.gregor.mutators.ConditionalsBoundaryMutator,<init>,231,NO_COVERAGE,none
Partial.java,org.joda.time.Partial,org.pitest.mutationtest.engine.gregor.mutators.ConditionalsBoundaryMutator,<init>,250,NO_COVERAGE,none
Partial.java,org.joda.time.Partial,org.pitest.mutationtest.engine.gregor.mutators.ConstructorCallMutator,<init>,198,NO_COVERAGE,none
Partial.java,org.joda.time.Partial,org.pitest.mutationtest.engine.gregor.mutators.ConstructorCallMutator,<init>,201,NO_COVERAGE,none
Partial.java,org.joda.time.Partial,org.pitest.mutationtest.engine.gregor.mutators.ConstructorCallMutator,<init>,204,KILLED,org.joda.time.Partial_ESTest.test52
Partial.java,org.joda.time.Partial,org.pitest.mutationtest.engine.gregor.mutators.ConstructorCallMutator,<init>,213,NO_COVERAGE,none
Partial.java,org.joda.time.Partial,org.pitest.mutationtest.engine.gregor.mutators.ConstructorCallMutator,<init>,213,NO_COVERAGE,none
Partial.java,org.joda.time.Partial,org.pitest.mutationtest.engine.gregor.mutators.ConstructorCallMutator,<init>,223,NO_COVERAGE,none
Partial.java,org.joda.time.Partial,org.pitest.mutationtest.engine.gregor.mutators.ConstructorCallMutator,<init>,224,NO_COVERAGE,none
Partial.java,org.joda.time.Partial,org.pitest.mutationtest.engine.gregor.mutators.ConstructorCallMutator,<init>,226,NO_COVERAGE,none
Partial.java,org.joda.time.Partial,org.pitest.mutationtest.engine.gregor.mutators.ConstructorCallMutator,<init>,227,NO_COVERAGE,none
Partial.java,org.joda.time.Partial,org.pitest.mutationtest.engine.gregor.mutators.ConstructorCallMutator,<init>,232,NO_COVERAGE,none
Partial.java,org.joda.time.Partial,org.pitest.mutationtest.engine.gregor.mutators.ConstructorCallMutator,<init>,233,NO_COVERAGE,none
Partial.java,org.joda.time.Partial,org.pitest.mutationtest.engine.gregor.mutators.ConstructorCallMutator,<init>,240,NO_COVERAGE,none
Partial.java,org.joda.time.Partial,org.pitest.mutationtest.engine.gregor.mutators.ConstructorCallMutator,<init>,241,NO_COVERAGE,none
Partial.java,org.joda.time.Partial,org.pitest.mutationtest.engine.gregor.mutators.ConstructorCallMutator,<init>,245,NO_COVERAGE,none
Partial.java,org.joda.time.Partial,org.pitest.mutationtest.engine.gregor.mutators.ConstructorCallMutator,<init>,246,NO_COVERAGE,none
Partial.java,org.joda.time.Partial,org.pitest.mutationtest.engine.gregor.mutators.ConstructorCallMutator,<init>,251,NO_COVERAGE,none
Partial.java,org.joda.time.Partial,org.pitest.mutationtest.engine.gregor.mutators.ConstructorCallMutator,<init>,252,NO_COVERAGE,none
Partial.java,org.joda.time.Partial,org.pitest.mutationtest.engine.gregor.mutators.ConstructorCallMutator,<init>,255,NO_COVERAGE,none
Partial.java,org.joda.time.Partial,org.pitest.mutationtest.engine.gregor.mutators.ConstructorCallMutator,<init>,256,NO_COVERAGE,none
Partial.java,org.joda.time.Partial,org.pitest.mutationtest.engine.gregor.mutators.ConstructorCallMutator,<init>,261,NO_COVERAGE,none
Partial.java,org.joda.time.Partial,org.pitest.mutationtest.engine.gregor.mutators.ConstructorCallMutator,<init>,263,NO_COVERAGE,none
Partial.java,org.joda.time.Partial,org.pitest.mutationtest.engine.gregor.mutators.IncrementsMutator,<init>,217,NO_COVERAGE,none
Partial.java,org.joda.time.Partial,org.pitest.mutationtest.engine.gregor.mutators.InlineConstantMutator,<init>,211,NO_COVERAGE,none
Partial.java,org.joda.time.Partial,org.pitest.mutationtest.engine.gregor.mutators.InlineConstantMutator,<init>,217,NO_COVERAGE,none
Partial.java,org.joda.time.Partial,org.pitest.mutationtest.engine.gregor.mutators.InlineConstantMutator,<init>,223,NO_COVERAGE,none
Partial.java,org.joda.time.Partial,org.pitest.mutationtest.engine.gregor.mutators.InlineConstantMutator,<init>,226,NO_COVERAGE,none
Partial.java,org.joda.time.Partial,org.pitest.mutationtest.engine.gregor.mutators.InlineConstantMutator,<init>,232,NO_COVERAGE,none
Partial.java,org.joda.time.Partial,org.pitest.mutationtest.engine.gregor.mutators.InlineConstantMutator,<init>,236,NO_COVERAGE,none
Partial.java,org.joda.time.Partial,org.pitest.mutationtest.engine.gregor.mutators.InlineConstantMutator,<init>,240,NO_COVERAGE,none
Partial.java,org.joda.time.Partial,org.pitest.mutationtest.engine.gregor.mutators.InlineConstantMutator,<init>,245,NO_COVERAGE,none
Partial.java,org.joda.time.Partial,org.pitest.mutationtest.engine.gregor.mutators.InlineConstantMutator,<init>,251,NO_COVERAGE,none
Partial.java,org.joda.time.Partial,org.pitest.mutationtest.engine.gregor.mutators.InlineConstantMutator,<init>,255,NO_COVERAGE,none
Partial.java,org.joda.time.Partial,org.pitest.mutationtest.engine.gregor.mutators.InlineConstantMutator,<init>,261,NO_COVERAGE,none
Partial.java,org.joda.time.Partial,org.pitest.mutationtest.engine.gregor.mutators.MathMutator,<init>,223,NO_COVERAGE,none
Partial.java,org.joda.time.Partial,org.pitest.mutationtest.engine.gregor.mutators.MathMutator,<init>,226,NO_COVERAGE,none
Partial.java,org.joda.time.Partial,org.pitest.mutationtest.engine.gregor.mutators.MathMutator,<init>,232,NO_COVERAGE,none
Partial.java,org.joda.time.Partial,org.pitest.mutationtest.engine.gregor.mutators.MathMutator,<init>,236,NO_COVERAGE,none
Partial.java,org.joda.time.Partial,org.pitest.mutationtest.engine.gregor.mutators.MathMutator,<init>,240,NO_COVERAGE,none
Partial.java,org.joda.time.Partial,org.pitest.mutationtest.engine.gregor.mutators.MathMutator,<init>,245,NO_COVERAGE,none
Partial.java,org.joda.time.Partial,org.pitest.mutationtest.engine.gregor.mutators.MathMutator,<init>,251,NO_COVERAGE,none
Partial.java,org.joda.time.Partial,org.pitest.mutationtest.engine.gregor.mutators.MathMutator,<init>,255,NO_COVERAGE,none
Partial.java,org.joda.time.Partial,org.pitest.mutationtest.engine.gregor.mutators.MathMutator,<init>,261,NO_COVERAGE,none
Partial.java,org.joda.time.Partial,org.pitest.mutationtest.engine.gregor.mutators.NegateConditionalsMutator,<init>,197,SURVIVED,none
Partial.java,org.joda.time.Partial,org.pitest.mutationtest.engine.gregor.mutators.NegateConditionalsMutator,<init>,200,SURVIVED,none
Partial.java,org.joda.time.Partial,org.pitest.mutationtest.engine.gregor.mutators.NegateConditionalsMutator,<init>,203,SURVIVED,none
Partial.java,org.joda.time.Partial,org.pitest.mutationtest.engine.gregor.mutators.NegateConditionalsMutator,<init>,206,NO_COVERAGE,none
Partial.java,org.joda.time.Partial,org.pitest.mutationtest.engine.gregor.mutators.NegateConditionalsMutator,<init>,211,NO_COVERAGE,none
Partial.java,org.joda.time.Partial,org.pitest.mutationtest.engine.gregor.mutators.NegateConditionalsMutator,<init>,212,NO_COVERAGE,none
Partial.java,org.joda.time.Partial,org.pitest.mutationtest.engine.gregor.mutators.NegateConditionalsMutator,<init>,217,NO_COVERAGE,none
Partial.java,org.joda.time.Partial,org.pitest.mutationtest.engine.gregor.mutators.NegateConditionalsMutator,<init>,220,NO_COVERAGE,none
Partial.java,org.joda.time.Partial,org.pitest.mutationtest.engine.gregor.mutators.NegateConditionalsMutator,<init>,221,NO_COVERAGE,none
Partial.java,org.joda.time.Partial,org.pitest.mutationtest.engine.gregor.mutators.NegateConditionalsMutator,<init>,222,NO_COVERAGE,none
Partial.java,org.joda.time.Partial,org.pitest.mutationtest.engine.gregor.mutators.NegateConditionalsMutator,<init>,231,NO_COVERAGE,none
Partial.java,org.joda.time.Partial,org.pitest.mutationtest.engine.gregor.mutators.NegateConditionalsMutator,<init>,234,NO_COVERAGE,none
Partial.java,org.joda.time.Partial,org.pitest.mutationtest.engine.gregor.mutators.NegateConditionalsMutator,<init>,235,NO_COVERAGE,none
Partial.java,org.joda.time.Partial,org.pitest.mutationtest.engine.gregor.mutators.NegateConditionalsMutator,<init>,238,NO_COVERAGE,none
Partial.java,org.joda.time.Partial,org.pitest.mutationtest.engine.gregor.mutators.NegateConditionalsMutator,<init>,239,NO_COVERAGE,none
Partial.java,org.joda.time.Partial,org.pitest.mutationtest.engine.gregor.mutators.NegateConditionalsMutator,<init>,244,NO_COVERAGE,none
Partial.java,org.joda.time.Partial,org.pitest.mutationtest.engine.gregor.mutators.NegateConditionalsMutator,<init>,250,NO_COVERAGE,none
Partial.java,org.joda.time.Partial,org.pitest.mutationtest.engine.gregor.mutators.NegateConditionalsMutator,<init>,254,NO_COVERAGE,none
Partial.java,org.joda.time.Partial,org.pitest.mutationtest.engine.gregor.mutators.NegateConditionalsMutator,<init>,260,NO_COVERAGE,none
Partial.java,org.joda.time.Partial,org.pitest.mutationtest.engine.gregor.mutators.NegateConditionalsMutator,<init>,260,NO_COVERAGE,none
Partial.java,org.joda.time.Partial,org.pitest.mutationtest.engine.gregor.mutators.NonVoidMethodCallMutator,<init>,195,KILLED,org.joda.time.Partial_ESTest.test52
Partial.java,org.joda.time.Partial,org.pitest.mutationtest.engine.gregor.mutators.NonVoidMethodCallMutator,<init>,195,SURVIVED,none
Partial.java,org.joda.time.Partial,org.pitest.mutationtest.engine.gregor.mutators.NonVoidMethodCallMutator,<init>,213,NO_COVERAGE,none
Partial.java,org.joda.time.Partial,org.pitest.mutationtest.engine.gregor.mutators.NonVoidMethodCallMutator,<init>,213,NO_COVERAGE,none
Partial.java,org.joda.time.Partial,org.pitest.mutationtest.engine.gregor.mutators.NonVoidMethodCallMutator,<init>,213,NO_COVERAGE,none
Partial.java,org.joda.time.Partial,org.pitest.mutationtest.engine.gregor.mutators.NonVoidMethodCallMutator,<init>,219,NO_COVERAGE,none
Partial.java,org.joda.time.Partial,org.pitest.mutationtest.engine.gregor.mutators.NonVoidMethodCallMutator,<init>,219,NO_COVERAGE,none
Partial.java,org.joda.time.Partial,org.pitest.mutationtest.engine.gregor.mutators.NonVoidMethodCallMutator,<init>,221,NO_COVERAGE,none
Partial.java,org.joda.time.Partial,org.pitest.mutationtest.engine.gregor.mutators.NonVoidMethodCallMutator,<init>,222,NO_COVERAGE,none
Partial.java,org.joda.time.Partial,org.pitest.mutationtest.engine.gregor.mutators.NonVoidMethodCallMutator,<init>,223,NO_COVERAGE,none
Partial.java,org.joda.time.Partial,org.pitest.mutationtest.engine.gregor.mutators.NonVoidMethodCallMutator,<init>,224,NO_COVERAGE,none
Partial.java,org.joda.time.Partial,org.pitest.mutationtest.engine.gregor.mutators.NonVoidMethodCallMutator,<init>,224,NO_COVERAGE,none
Partial.java,org.joda.time.Partial,org.pitest.mutationtest.engine.gregor.mutators.NonVoidMethodCallMutator,<init>,224,NO_COVERAGE,none
Partial.java,org.joda.time.Partial,org.pitest.mutationtest.engine.gregor.mutators.NonVoidMethodCallMutator,<init>,224,NO_COVERAGE,none
Partial.java,org.joda.time.Partial,org.pitest.mutationtest.engine.gregor.mutators.NonVoidMethodCallMutator,<init>,224,NO_COVERAGE,none
Partial.java,org.joda.time.Partial,org.pitest.mutationtest.engine.gregor.mutators.NonVoidMethodCallMutator,<init>,224,NO_COVERAGE,none
Partial.java,org.joda.time.Partial,org.pitest.mutationtest.engine.gregor.mutators.NonVoidMethodCallMutator,<init>,226,NO_COVERAGE,none
Partial.java,org.joda.time.Partial,org.pitest.mutationtest.engine.gregor.mutators.NonVoidMethodCallMutator,<init>,227,NO_COVERAGE,none
Partial.java,org.joda.time.Partial,org.pitest.mutationtest.engine.gregor.mutators.NonVoidMethodCallMutator,<init>,227,NO_COVERAGE,none
Partial.java,org.joda.time.Partial,org.pitest.mutationtest.engine.gregor.mutators.NonVoidMethodCallMutator,<init>,227,NO_COVERAGE,none
Partial.java,org.joda.time.Partial,org.pitest.mutationtest.engine.gregor.mutators.NonVoidMethodCallMutator,<init>,227,NO_COVERAGE,none
Partial.java,org.joda.time.Partial,org.pitest.mutationtest.engine.gregor.mutators.NonVoidMethodCallMutator,<init>,227,NO_COVERAGE,none
Partial.java,org.joda.time.Partial,org.pitest.mutationtest.engine.gregor.mutators.NonVoidMethodCallMutator,<init>,227,NO_COVERAGE,none
Partial.java,org.joda.time.Partial,org.pitest.mutationtest.engine.gregor.mutators.NonVoidMethodCallMutator,<init>,230,NO_COVERAGE,none
Partial.java,org.joda.time.Partial,org.pitest.mutationtest.engine.gregor.mutators.NonVoidMethodCallMutator,<init>,232,NO_COVERAGE,none
Partial.java,org.joda.time.Partial,org.pitest.mutationtest.engine.gregor.mutators.NonVoidMethodCallMutator,<init>,233,NO_COVERAGE,none
Partial.java,org.joda.time.Partial,org.pitest.mutationtest.engine.gregor.mutators.NonVoidMethodCallMutator,<init>,233,NO_COVERAGE,none
Partial.java,org.joda.time.Partial,org.pitest.mutationtest.engine.gregor.mutators.NonVoidMethodCallMutator,<init>,233,NO_COVERAGE,none
Partial.java,org.joda.time.Partial,org.pitest.mutationtest.engine.gregor.mutators.NonVoidMethodCallMutator,<init>,233,NO_COVERAGE,none
Partial.java,org.joda.time.Partial,org.pitest.mutationtest.engine.gregor.mutators.NonVoidMethodCallMutator,<init>,233,NO_COVERAGE,none
Partial.java,org.joda.time.Partial,org.pitest.mutationtest.engine.gregor.mutators.NonVoidMethodCallMutator,<init>,233,NO_COVERAGE,none
Partial.java,org.joda.time.Partial,org.pitest.mutationtest.engine.gregor.mutators.NonVoidMethodCallMutator,<init>,235,NO_COVERAGE,none
Partial.java,org.joda.time.Partial,org.pitest.mutationtest.engine.gregor.mutators.NonVoidMethodCallMutator,<init>,236,NO_COVERAGE,none
Partial.java,org.joda.time.Partial,org.pitest.mutationtest.engine.gregor.mutators.NonVoidMethodCallMutator,<init>,237,NO_COVERAGE,none
Partial.java,org.joda.time.Partial,org.pitest.mutationtest.engine.gregor.mutators.NonVoidMethodCallMutator,<init>,240,NO_COVERAGE,none
Partial.java,org.joda.time.Partial,org.pitest.mutationtest.engine.gregor.mutators.NonVoidMethodCallMutator,<init>,241,NO_COVERAGE,none
Partial.java,org.joda.time.Partial,org.pitest.mutationtest.engine.gregor.mutators.NonVoidMethodCallMutator,<init>,241,NO_COVERAGE,none
Partial.java,org.joda.time.Partial,org.pitest.mutationtest.engine.gregor.mutators.NonVoidMethodCallMutator,<init>,241,NO_COVERAGE,none
Partial.java,org.joda.time.Partial,org.pitest.mutationtest.engine.gregor.mutators.NonVoidMethodCallMutator,<init>,241,NO_COVERAGE,none
Partial.java,org.joda.time.Partial,org.pitest.mutationtest.engine.gregor.mutators.NonVoidMethodCallMutator,<init>,241,NO_COVERAGE,none
Partial.java,org.joda.time.Partial,org.pitest.mutationtest.engine.gregor.mutators.NonVoidMethodCallMutator,<init>,241,NO_COVERAGE,none
Partial.java,org.joda.time.Partial,org.pitest.mutationtest.engine.gregor.mutators.NonVoidMethodCallMutator,<init>,245,NO_COVERAGE,none
Partial.java,org.joda.time.Partial,org.pitest.mutationtest.engine.gregor.mutators.NonVoidMethodCallMutator,<init>,246,NO_COVERAGE,none
Partial.java,org.joda.time.Partial,org.pitest.mutationtest.engine.gregor.mutators.NonVoidMethodCallMutator,<init>,246,NO_COVERAGE,none
Partial.java,org.joda.time.Partial,org.pitest.mutationtest.engine.gregor.mutators.NonVoidMethodCallMutator,<init>,246,NO_COVERAGE,none
Partial.java,org.joda.time.Partial,org.pitest.mutationtest.engine.gregor.mutators.NonVoidMethodCallMutator,<init>,246,NO_COVERAGE,none
Partial.java,org.joda.time.Partial,org.pitest.mutationtest.engine.gregor.mutators.NonVoidMethodCallMutator,<init>,246,NO_COVERAGE,none
Partial.java,org.joda.time.Partial,org.pitest.mutationtest.engine.gregor.mutators.NonVoidMethodCallMutator,<init>,246,NO_COVERAGE,none
Partial.java,org.joda.time.Partial,org.pitest.mutationtest.engine.gregor.mutators.NonVoidMethodCallMutator,<init>,248,NO_COVERAGE,none
Partial.java,org.joda.time.Partial,org.pitest.mutationtest.engine.gregor.mutators.NonVoidMethodCallMutator,<init>,249,NO_COVERAGE,none
Partial.java,org.joda.time.Partial,org.pitest.mutationtest.engine.gregor.mutators.NonVoidMethodCallMutator,<init>,250,NO_COVERAGE,none
Partial.java,org.joda.time.Partial,org.pitest.mutationtest.engine.gregor.mutators.NonVoidMethodCallMutator,<init>,251,NO_COVERAGE,none
Partial.java,org.joda.time.Partial,org.pitest.mutationtest.engine.gregor.mutators.NonVoidMethodCallMutator,<init>,252,NO_COVERAGE,none
Partial.java,org.joda.time.Partial,org.pitest.mutationtest.engine.gregor.mutators.NonVoidMethodCallMutator,<init>,252,NO_COVERAGE,none
Partial.java,org.joda.time.Partial,org.pitest.mutationtest.engine.gregor.mutators.NonVoidMethodCallMutator,<init>,252,NO_COVERAGE,none
Partial.java,org.joda.time.Partial,org.pitest.mutationtest.engine.gregor.mutators.NonVoidMethodCallMutator,<init>,252,NO_COVERAGE,none
Partial.java,org.joda.time.Partial,org.pitest.mutationtest.engine.gregor.mutators.NonVoidMethodCallMutator,<init>,252,NO_COVERAGE,none
Partial.java,org.joda.time.Partial,org.pitest.mutationtest.engine.gregor.mutators.NonVoidMethodCallMutator,<init>,252,NO_COVERAGE,none
Partial.java,org.joda.time.Partial,org.pitest.mutationtest.engine.gregor.mutators.NonVoidMethodCallMutator,<init>,254,NO_COVERAGE,none
Partial.java,org.joda.time.Partial,org.pitest.mutationtest.engine.gregor.mutators.NonVoidMethodCallMutator,<init>,255,NO_COVERAGE,none
Partial.java,org.joda.time.Partial,org.pitest.mutationtest.engine.gregor.mutators.NonVoidMethodCallMutator,<init>,256,NO_COVERAGE,none
Partial.java,org.joda.time.Partial,org.pitest.mutationtest.engine.gregor.mutators.NonVoidMethodCallMutator,<init>,256,NO_COVERAGE,none
Partial.java,org.joda.time.Partial,org.pitest.mutationtest.engine.gregor.mutators.NonVoidMethodCallMutator,<init>,256,NO_COVERAGE,none
Partial.java,org.joda.time.Partial,org.pitest.mutationtest.engine.gregor.mutators.NonVoidMethodCallMutator,<init>,256,NO_COVERAGE,none
Partial.java,org.joda.time.Partial,org.pitest.mutationtest.engine.gregor.mutators.NonVoidMethodCallMutator,<init>,256,NO_COVERAGE,none
Partial.java,org.joda.time.Partial,org.pitest.mutationtest.engine.gregor.mutators.NonVoidMethodCallMutator,<init>,256,NO_COVERAGE,none
Partial.java,org.joda.time.Partial,org.pitest.mutationtest.engine.gregor.mutators.NonVoidMethodCallMutator,<init>,260,NO_COVERAGE,none
Partial.java,org.joda.time.Partial,org.pitest.mutationtest.engine.gregor.mutators.NonVoidMethodCallMutator,<init>,260,NO_COVERAGE,none
Partial.java,org.joda.time.Partial,org.pitest.mutationtest.engine.gregor.mutators.NonVoidMethodCallMutator,<init>,261,NO_COVERAGE,none
Partial.java,org.joda.time.Partial,org.pitest.mutationtest.engine.gregor.mutators.NonVoidMethodCallMutator,<init>,263,NO_COVERAGE,none
Partial.java,org.joda.time.Partial,org.pitest.mutationtest.engine.gregor.mutators.NonVoidMethodCallMutator,<init>,263,NO_COVERAGE,none
Partial.java,org.joda.time.Partial,org.pitest.mutationtest.engine.gregor.mutators.NonVoidMethodCallMutator,<init>,263,NO_COVERAGE,none
Partial.java,org.joda.time.Partial,org.pitest.mutationtest.engine.gregor.mutators.NonVoidMethodCallMutator,<init>,263,NO_COVERAGE,none
Partial.java,org.joda.time.Partial,org.pitest.mutationtest.engine.gregor.mutators.NonVoidMethodCallMutator,<init>,263,NO_COVERAGE,none
Partial.java,org.joda.time.Partial,org.pitest.mutationtest.engine.gregor.mutators.NonVoidMethodCallMutator,<init>,263,NO_COVERAGE,none
Partial.java,org.joda.time.Partial,org.pitest.mutationtest.engine.gregor.mutators.NonVoidMethodCallMutator,<init>,271,NO_COVERAGE,none
Partial.java,org.joda.time.Partial,org.pitest.mutationtest.engine.gregor.mutators.NonVoidMethodCallMutator,<init>,273,NO_COVERAGE,none
Partial.java,org.joda.time.Partial,org.pitest.mutationtest.engine.gregor.mutators.RemoveConditionalMutator_EQUAL_ELSE,<init>,197,SURVIVED,none
Partial.java,org.joda.time.Partial,org.pitest.mutationtest.engine.gregor.mutators.RemoveConditionalMutator_EQUAL_ELSE,<init>,200,SURVIVED,none
Partial.java,org.joda.time.Partial,org.pitest.mutationtest.engine.gregor.mutators.RemoveConditionalMutator_EQUAL_ELSE,<init>,203,SURVIVED,none
Partial.java,org.joda.time.Partial,org.pitest.mutationtest.engine.gregor.mutators.RemoveConditionalMutator_EQUAL_ELSE,<init>,206,NO_COVERAGE,none
Partial.java,org.joda.time.Partial,org.pitest.mutationtest.engine.gregor.mutators.RemoveConditionalMutator_EQUAL_ELSE,<init>,212,NO_COVERAGE,none
Partial.java,org.joda.time.Partial,org.pitest.mutationtest.engine.gregor.mutators.RemoveConditionalMutator_EQUAL_ELSE,<init>,221,NO_COVERAGE,none
Partial.java,org.joda.time.Partial,org.pitest.mutationtest.engine.gregor.mutators.RemoveConditionalMutator_EQUAL_ELSE,<init>,222,NO_COVERAGE,none
Partial.java,org.joda.time.Partial,org.pitest.mutationtest.engine.gregor.mutators.RemoveConditionalMutator_EQUAL_ELSE,<init>,234,NO_COVERAGE,none
Partial.java,org.joda.time.Partial,org.pitest.mutationtest.engine.gregor.mutators.RemoveConditionalMutator_EQUAL_ELSE,<init>,235,NO_COVERAGE,none
Partial.java,org.joda.time.Partial,org.pitest.mutationtest.engine.gregor.mutators.RemoveConditionalMutator_EQUAL_ELSE,<init>,238,NO_COVERAGE,none
Partial.java,org.joda.time.Partial,org.pitest.mutationtest.engine.gregor.mutators.RemoveConditionalMutator_EQUAL_ELSE,<init>,239,NO_COVERAGE,none
Partial.java,org.joda.time.Partial,org.pitest.mutationtest.engine.gregor.mutators.RemoveConditionalMutator_EQUAL_ELSE,<init>,244,NO_COVERAGE,none
Partial.java,org.joda.time.Partial,org.pitest.mutationtest.engine.gregor.mutators.RemoveConditionalMutator_EQUAL_ELSE,<init>,254,NO_COVERAGE,none
Partial.java,org.joda.time.Partial,org.pitest.mutationtest.engine.gregor.mutators.RemoveConditionalMutator_EQUAL_ELSE,<init>,260,NO_COVERAGE,none
Partial.java,org.joda.time.Partial,org.pitest.mutationtest.engine.gregor.mutators.RemoveConditionalMutator_EQUAL_ELSE,<init>,260,NO_COVERAGE,none
Partial.java,org.joda.time.Partial,org.pitest.mutationtest.engine.gregor.mutators.RemoveConditionalMutator_EQUAL_IF,<init>,197,SURVIVED,none
Partial.java,org.joda.time.Partial,org.pitest.mutationtest.engine.gregor.mutators.RemoveConditionalMutator_EQUAL_IF,<init>,200,SURVIVED,none
Partial.java,org.joda.time.Partial,org.pitest.mutationtest.engine.gregor.mutators.RemoveConditionalMutator_EQUAL_IF,<init>,203,SURVIVED,none
Partial.java,org.joda.time.Partial,org.pitest.mutationtest.engine.gregor.mutators.RemoveConditionalMutator_EQUAL_IF,<init>,206,NO_COVERAGE,none
Partial.java,org.joda.time.Partial,org.pitest.mutationtest.engine.gregor.mutators.RemoveConditionalMutator_EQUAL_IF,<init>,212,NO_COVERAGE,none
Partial.java,org.joda.time.Partial,org.pitest.mutationtest.engine.gregor.mutators.RemoveConditionalMutator_EQUAL_IF,<init>,221,NO_COVERAGE,none
Partial.java,org.joda.time.Partial,org.pitest.mutationtest.engine.gregor.mutators.RemoveConditionalMutator_EQUAL_IF,<init>,222,NO_COVERAGE,none
Partial.java,org.joda.time.Partial,org.pitest.mutationtest.engine.gregor.mutators.RemoveConditionalMutator_EQUAL_IF,<init>,234,NO_COVERAGE,none
Partial.java,org.joda.time.Partial,org.pitest.mutationtest.engine.gregor.mutators.RemoveConditionalMutator_EQUAL_IF,<init>,235,NO_COVERAGE,none
Partial.java,org.joda.time.Partial,org.pitest.mutationtest.engine.gregor.mutators.RemoveConditionalMutator_EQUAL_IF,<init>,238,NO_COVERAGE,none
Partial.java,org.joda.time.Partial,org.pitest.mutationtest.engine.gregor.mutators.RemoveConditionalMutator_EQUAL_IF,<init>,239,NO_COVERAGE,none
Partial.java,org.joda.time.Partial,org.pitest.mutationtest.engine.gregor.mutators.RemoveConditionalMutator_EQUAL_IF,<init>,244,NO_COVERAGE,none
Partial.java,org.joda.time.Partial,org.pitest.mutationtest.engine.gregor.mutators.RemoveConditionalMutator_EQUAL_IF,<init>,254,NO_COVERAGE,none
Partial.java,org.joda.time.Partial,org.pitest.mutationtest.engine.gregor.mutators.RemoveConditionalMutator_EQUAL_IF,<init>,260,NO_COVERAGE,none
Partial.java,org.joda.time.Partial,org.pitest.mutationtest.engine.gregor.mutators.RemoveConditionalMutator_EQUAL_IF,<init>,260,NO_COVERAGE,none
Partial.java,org.joda.time.Partial,org.pitest.mutationtest.engine.gregor.mutators.RemoveConditionalMutator_ORDER_ELSE,<init>,211,NO_COVERAGE,none
Partial.java,org.joda.time.Partial,org.pitest.mutationtest.engine.gregor.mutators.RemoveConditionalMutator_ORDER_ELSE,<init>,217,NO_COVERAGE,none
Partial.java,org.joda.time.Partial,org.pitest.mutationtest.engine.gregor.mutators.RemoveConditionalMutator_ORDER_ELSE,<init>,220,NO_COVERAGE,none
Partial.java,org.joda.time.Partial,org.pitest.mutationtest.engine.gregor.mutators.RemoveConditionalMutator_ORDER_ELSE,<init>,231,NO_COVERAGE,none
Partial.java,org.joda.time.Partial,org.pitest.mutationtest.engine.gregor.mutators.RemoveConditionalMutator_ORDER_ELSE,<init>,250,NO_COVERAGE,none
Partial.java,org.joda.time.Partial,org.pitest.mutationtest.engine.gregor.mutators.RemoveConditionalMutator_ORDER_IF,<init>,211,NO_COVERAGE,none
Partial.java,org.joda.time.Partial,org.pitest.mutationtest.engine.gregor.mutators.RemoveConditionalMutator_ORDER_IF,<init>,217,NO_COVERAGE,none
Partial.java,org.joda.time.Partial,org.pitest.mutationtest.engine.gregor.mutators.RemoveConditionalMutator_ORDER_IF,<init>,220,NO_COVERAGE,none
Partial.java,org.joda.time.Partial,org.pitest.mutationtest.engine.gregor.mutators.RemoveConditionalMutator_ORDER_IF,<init>,231,NO_COVERAGE,none
Partial.java,org.joda.time.Partial,org.pitest.mutationtest.engine.gregor.mutators.RemoveConditionalMutator_ORDER_IF,<init>,250,NO_COVERAGE,none
Partial.java,org.joda.time.Partial,org.pitest.mutationtest.engine.gregor.mutators.VoidMethodCallMutator,<init>,272,NO_COVERAGE,none
Partial.java,org.joda.time.Partial,org.pitest.mutationtest.engine.gregor.mutators.experimental.MemberVariableMutator,<init>,196,SURVIVED,none
Partial.java,org.joda.time.Partial,org.pitest.mutationtest.engine.gregor.mutators.experimental.MemberVariableMutator,<init>,207,NO_COVERAGE,none
Partial.java,org.joda.time.Partial,org.pitest.mutationtest.engine.gregor.mutators.experimental.MemberVariableMutator,<init>,208,NO_COVERAGE,none
Partial.java,org.joda.time.Partial,org.pitest.mutationtest.engine.gregor.mutators.experimental.MemberVariableMutator,<init>,271,NO_COVERAGE,none
Partial.java,org.joda.time.Partial,org.pitest.mutationtest.engine.gregor.mutators.experimental.MemberVariableMutator,<init>,273,NO_COVERAGE,none
Partial.java,org.joda.time.Partial,org.pitest.mutationtest.engine.gregor.mutators.experimental.NakedReceiverMutator,<init>,195,SURVIVED,none
Partial.java,org.joda.time.Partial,org.pitest.mutationtest.engine.gregor.mutators.experimental.NakedReceiverMutator,<init>,213,NO_COVERAGE,none
Partial.java,org.joda.time.Partial,org.pitest.mutationtest.engine.gregor.mutators.experimental.NakedReceiverMutator,<init>,213,NO_COVERAGE,none
Partial.java,org.joda.time.Partial,org.pitest.mutationtest.engine.gregor.mutators.experimental.NakedReceiverMutator,<init>,223,NO_COVERAGE,none
Partial.java,org.joda.time.Partial,org.pitest.mutationtest.engine.gregor.mutators.experimental.NakedReceiverMutator,<init>,224,NO_COVERAGE,none
Partial.java,org.joda.time.Partial,org.pitest.mutationtest.engine.gregor.mutators.experimental.NakedReceiverMutator,<init>,224,NO_COVERAGE,none
Partial.java,org.joda.time.Partial,org.pitest.mutationtest.engine.gregor.mutators.experimental.NakedReceiverMutator,<init>,224,NO_COVERAGE,none
Partial.java,org.joda.time.Partial,org.pitest.mutationtest.engine.gregor.mutators.experimental.NakedReceiverMutator,<init>,226,NO_COVERAGE,none
Partial.java,org.joda.time.Partial,org.pitest.mutationtest.engine.gregor.mutators.experimental.NakedReceiverMutator,<init>,227,NO_COVERAGE,none
Partial.java,org.joda.time.Partial,org.pitest.mutationtest.engine.gregor.mutators.experimental.NakedReceiverMutator,<init>,227,NO_COVERAGE,none
Partial.java,org.joda.time.Partial,org.pitest.mutationtest.engine.gregor.mutators.experimental.NakedReceiverMutator,<init>,227,NO_COVERAGE,none
Partial.java,org.joda.time.Partial,org.pitest.mutationtest.engine.gregor.mutators.experimental.NakedReceiverMutator,<init>,232,NO_COVERAGE,none
Partial.java,org.joda.time.Partial,org.pitest.mutationtest.engine.gregor.mutators.experimental.NakedReceiverMutator,<init>,233,NO_COVERAGE,none
Partial.java,org.joda.time.Partial,org.pitest.mutationtest.engine.gregor.mutators.experimental.NakedReceiverMutator,<init>,233,NO_COVERAGE,none
Partial.java,org.joda.time.Partial,org.pitest.mutationtest.engine.gregor.mutators.experimental.NakedReceiverMutator,<init>,233,NO_COVERAGE,none
Partial.java,org.joda.time.Partial,org.pitest.mutationtest.engine.gregor.mutators.experimental.NakedReceiverMutator,<init>,240,NO_COVERAGE,none
Partial.java,org.joda.time.Partial,org.pitest.mutationtest.engine.gregor.mutators.experimental.NakedReceiverMutator,<init>,241,NO_COVERAGE,none
Partial.java,org.joda.time.Partial,org.pitest.mutationtest.engine.gregor.mutators.experimental.NakedReceiverMutator,<init>,241,NO_COVERAGE,none
Partial.java,org.joda.time.Partial,org.pitest.mutationtest.engine.gregor.mutators.experimental.NakedReceiverMutator,<init>,241,NO_COVERAGE,none
Partial.java,org.joda.time.Partial,org.pitest.mutationtest.engine.gregor.mutators.experimental.NakedReceiverMutator,<init>,245,NO_COVERAGE,none
Partial.java,org.joda.time.Partial,org.pitest.mutationtest.engine.gregor.mutators.experimental.NakedReceiverMutator,<init>,246,NO_COVERAGE,none
Partial.java,org.joda.time.Partial,org.pitest.mutationtest.engine.gregor.mutators.experimental.NakedReceiverMutator,<init>,246,NO_COVERAGE,none
Partial.java,org.joda.time.Partial,org.pitest.mutationtest.engine.gregor.mutators.experimental.NakedReceiverMutator,<init>,246,NO_COVERAGE,none
Partial.java,org.joda.time.Partial,org.pitest.mutationtest.engine.gregor.mutators.experimental.NakedReceiverMutator,<init>,251,NO_COVERAGE,none
Partial.java,org.joda.time.Partial,org.pitest.mutationtest.engine.gregor.mutators.experimental.NakedReceiverMutator,<init>,252,NO_COVERAGE,none
Partial.java,org.joda.time.Partial,org.pitest.mutationtest.engine.gregor.mutators.experimental.NakedReceiverMutator,<init>,252,NO_COVERAGE,none
Partial.java,org.joda.time.Partial,org.pitest.mutationtest.engine.gregor.mutators.experimental.NakedReceiverMutator,<init>,252,NO_COVERAGE,none
Partial.java,org.joda.time.Partial,org.pitest.mutationtest.engine.gregor.mutators.experimental.NakedReceiverMutator,<init>,255,NO_COVERAGE,none
Partial.java,org.joda.time.Partial,org.pitest.mutationtest.engine.gregor.mutators.experimental.NakedReceiverMutator,<init>,256,NO_COVERAGE,none
Partial.java,org.joda.time.Partial,org.pitest.mutationtest.engine.gregor.mutators.experimental.NakedReceiverMutator,<init>,256,NO_COVERAGE,none
Partial.java,org.joda.time.Partial,org.pitest.mutationtest.engine.gregor.mutators.experimental.NakedReceiverMutator,<init>,256,NO_COVERAGE,none
Partial.java,org.joda.time.Partial,org.pitest.mutationtest.engine.gregor.mutators.experimental.NakedReceiverMutator,<init>,261,NO_COVERAGE,none
Partial.java,org.joda.time.Partial,org.pitest.mutationtest.engine.gregor.mutators.experimental.NakedReceiverMutator,<init>,263,NO_COVERAGE,none
Partial.java,org.joda.time.Partial,org.pitest.mutationtest.engine.gregor.mutators.experimental.NakedReceiverMutator,<init>,263,NO_COVERAGE,none
Partial.java,org.joda.time.Partial,org.pitest.mutationtest.engine.gregor.mutators.experimental.NakedReceiverMutator,<init>,263,NO_COVERAGE,none
Partial.java,org.joda.time.Partial,org.pitest.mutationtest.engine.gregor.mutators.NullReturnValsMutator,getChronology,346,SURVIVED,none
Partial.java,org.joda.time.Partial,org.pitest.mutationtest.engine.gregor.mutators.ReturnValsMutator,getChronology,346,KILLED,org.joda.time.Partial_ESTest.test43
Partial.java,org.joda.time.Partial,org.pitest.mutationtest.engine.gregor.mutators.NonVoidMethodCallMutator,getField,358,KILLED,org.joda.time.Partial_ESTest.test49
Partial.java,org.joda.time.Partial,org.pitest.mutationtest.engine.gregor.mutators.NullReturnValsMutator,getField,358,KILLED,org.joda.time.Partial_ESTest.test33
Partial.java,org.joda.time.Partial,org.pitest.mutationtest.engine.gregor.mutators.ReturnValsMutator,getField,358,KILLED,org.joda.time.Partial_ESTest.test33
Partial.java,org.joda.time.Partial,org.pitest.mutationtest.engine.gregor.mutators.NullReturnValsMutator,getFieldType,369,KILLED,org.joda.time.Partial_ESTest.test22
Partial.java,org.joda.time.Partial,org.pitest.mutationtest.engine.gregor.mutators.ReturnValsMutator,getFieldType,369,KILLED,org.joda.time.Partial_ESTest.test51
Partial.java,org.joda.time.Partial,org.pitest.mutationtest.engine.gregor.mutators.NonVoidMethodCallMutator,getFieldTypes,381,SURVIVED,none
Partial.java,org.joda.time.Partial,org.pitest.mutationtest.engine.gregor.mutators.NullReturnValsMutator,getFieldTypes,381,SURVIVED,none
Partial.java,org.joda.time.Partial,org.pitest.mutationtest.engine.gregor.mutators.ReturnValsMutator,getFieldTypes,381,SURVIVED,none
Partial.java,org.joda.time.Partial,org.pitest.mutationtest.engine.gregor.mutators.ConstructorCallMutator,getFormatter,743,KILLED,org.joda.time.Partial_ESTest.test14
Partial.java,org.joda.time.Partial,org.pitest.mutationtest.engine.gregor.mutators.InlineConstantMutator,getFormatter,741,SURVIVED,none
Partial.java,org.joda.time.Partial,org.pitest.mutationtest.engine.gregor.mutators.InlineConstantMutator,getFormatter,744,KILLED,org.joda.time.Partial_ESTest.test14
Partial.java,org.joda.time.Partial,org.pitest.mutationtest.engine.gregor.mutators.InlineConstantMutator,getFormatter,744,SURVIVED,none
Partial.java,org.joda.time.Partial,org.pitest.mutationtest.engine.gregor.mutators.InlineConstantMutator,getFormatter,744,SURVIVED,none
Partial.java,org.joda.time.Partial,org.pitest.mutationtest.engine.gregor.mutators.InlineConstantMutator,getFormatter,746,KILLED,org.joda.time.Partial_ESTest.test14
Partial.java,org.joda.time.Partial,org.pitest.mutationtest.engine.gregor.mutators.InlineConstantMutator,getFormatter,746,KILLED,org.joda.time.Partial_ESTest.test14
Partial.java,org.joda.time.Partial,org.pitest.mutationtest.engine.gregor.mutators.InlineConstantMutator,getFormatter,753,KILLED,org.joda.time.Partial_ESTest.test15
Partial.java,org.joda.time.Partial,org.pitest.mutationtest.engine.gregor.mutators.NegateConditionalsMutator,getFormatter,737,KILLED,org.joda.time.Partial_ESTest.test17
Partial.java,org.joda.time.Partial,org.pitest.mutationtest.engine.gregor.mutators.NegateConditionalsMutator,getFormatter,738,KILLED,org.joda.time.Partial_ESTest.test14
Partial.java,org.joda.time.Partial,org.pitest.mutationtest.engine.gregor.mutators.NegateConditionalsMutator,getFormatter,745,KILLED,org.joda.time.Partial_ESTest.test14
Partial.java,org.joda.time.Partial,org.pitest.mutationtest.engine.gregor.mutators.NonVoidMethodCallMutator,getFormatter,738,KILLED,org.joda.time.Partial_ESTest.test14
Partial.java,org.joda.time.Partial,org.pitest.mutationtest.engine.gregor.mutators.NonVoidMethodCallMutator,getFormatter,743,KILLED,org.joda.time.Partial_ESTest.test17
Partial.java,org.joda.time.Partial,org.pitest.mutationtest.engine.gregor.mutators.NonVoidMethodCallMutator,getFormatter,744,KILLED,org.joda.time.Partial_ESTest.test14
Partial.java,org.joda.time.Partial,org.pitest.mutationtest.engine.gregor.mutators.NonVoidMethodCallMutator,getFormatter,745,SURVIVED,none
Partial.java,org.joda.time.Partial,org.pitest.mutationtest.engine.gregor.mutators.NullReturnValsMutator,getFormatter,753,KILLED,org.joda.time.Partial_ESTest.test15
Partial.java,org.joda.time.Partial,org.pitest.mutationtest.engine.gregor.mutators.RemoveConditionalMutator_EQUAL_ELSE,getFormatter,737,KILLED,org.joda.time.Partial_ESTest.test17
Partial.java,org.joda.time.Partial,org.pitest.mutationtest.engine.gregor.mutators.RemoveConditionalMutator_EQUAL_ELSE,getFormatter,738,SURVIVED,none
Partial.java,org.joda.time.Partial,org.pitest.mutationtest.engine.gregor.mutators.RemoveConditionalMutator_EQUAL_ELSE,getFormatter,745,KILLED,org.joda.time.Partial_ESTest.test14
Partial.java,org.joda.time.Partial,org.pitest.mutationtest.engine.gregor.mutators.RemoveConditionalMutator_EQUAL_IF,getFormatter,737,SURVIVED,none
Partial.java,org.joda.time.Partial,org.pitest.mutationtest.engine.gregor.mutators.RemoveConditionalMutator_EQUAL_IF,getFormatter,738,KILLED,org.joda.time.Partial_ESTest.test14
Partial.java,org.joda.time.Partial,org.pitest.mutationtest.engine.gregor.mutators.RemoveConditionalMutator_EQUAL_IF,getFormatter,745,SURVIVED,none
Partial.java,org.joda.time.Partial,org.pitest.mutationtest.engine.gregor.mutators.ReturnValsMutator,getFormatter,739,KILLED,org.joda.time.Partial_ESTest.test16
Partial.java,org.joda.time.Partial,org.pitest.mutationtest.engine.gregor.mutators.ReturnValsMutator,getFormatter,753,KILLED,org.joda.time.Partial_ESTest.test17
Partial.java,org.joda.time.Partial,org.pitest.mutationtest.engine.gregor.mutators.experimental.MemberVariableMutator,getFormatter,751,KILLED,org.joda.time.Partial_ESTest.test14
Partial.java,org.joda.time.Partial,org.pitest.mutationtest.engine.gregor.mutators.PrimitiveReturnsMutator,getValue,393,KILLED,org.joda.time.Partial_ESTest.test32
Partial.java,org.joda.time.Partial,org.pitest.mutationtest.engine.gregor.mutators.ReturnValsMutator,getValue,393,KILLED,org.joda.time.Partial_ESTest.test20
Partial.java,org.joda.time.Partial,org.pitest.mutationtest.engine.gregor.mutators.NonVoidMethodCallMutator,getValues,406,KILLED,org.joda.time.Partial_ESTest.test21
Partial.java,org.joda.time.Partial,org.pitest.mutationtest.engine.gregor.mutators.NullReturnValsMutator,getValues,406,KILLED,org.joda.time.Partial_ESTest.test21
Partial.java,org.joda.time.Partial,org.pitest.mutationtest.engine.gregor.mutators.ReturnValsMutator,getValues,406,KILLED,org.joda.time.Partial_ESTest.test21
Partial.java,org.joda.time.Partial,org.pitest.mutationtest.engine.gregor.mutators.BooleanFalseReturnValsMutator,isMatch,695,NO_COVERAGE,none
Partial.java,org.joda.time.Partial,org.pitest.mutationtest.engine.gregor.mutators.BooleanTrueReturnValsMutator,isMatch,692,NO_COVERAGE,none
Partial.java,org.joda.time.Partial,org.pitest.mutationtest.engine.gregor.mutators.ConditionalsBoundaryMutator,isMatch,689,NO_COVERAGE,none
Partial.java,org.joda.time.Partial,org.pitest.mutationtest.engine.gregor.mutators.IncrementsMutator,isMatch,689,NO_COVERAGE,none
Partial.java,org.joda.time.Partial,org.pitest.mutationtest.engine.gregor.mutators.InlineConstantMutator,isMatch,689,NO_COVERAGE,none
Partial.java,org.joda.time.Partial,org.pitest.mutationtest.engine.gregor.mutators.InlineConstantMutator,isMatch,692,NO_COVERAGE,none
Partial.java,org.joda.time.Partial,org.pitest.mutationtest.engine.gregor.mutators.InlineConstantMutator,isMatch,695,NO_COVERAGE,none
Partial.java,org.joda.time.Partial,org.pitest.mutationtest.engine.gregor.mutators.NegateConditionalsMutator,isMatch,689,NO_COVERAGE,none
Partial.java,org.joda.time.Partial,org.pitest.mutationtest.engine.gregor.mutators.NegateConditionalsMutator,isMatch,691,NO_COVERAGE,none
Partial.java,org.joda.time.Partial,org.pitest.mutationtest.engine.gregor.mutators.NonVoidMethodCallMutator,isMatch,687,NO_COVERAGE,none
Partial.java,org.joda.time.Partial,org.pitest.mutationtest.engine.gregor.mutators.NonVoidMethodCallMutator,isMatch,688,NO_COVERAGE,none
Partial.java,org.joda.time.Partial,org.pitest.mutationtest.engine.gregor.mutators.NonVoidMethodCallMutator,isMatch,690,NO_COVERAGE,none
Partial.java,org.joda.time.Partial,org.pitest.mutationtest.engine.gregor.mutators.NonVoidMethodCallMutator,isMatch,690,NO_COVERAGE,none
Partial.java,org.joda.time.Partial,org.pitest.mutationtest.engine.gregor.mutators.RemoveConditionalMutator_EQUAL_ELSE,isMatch,691,NO_COVERAGE,none
Partial.java,org.joda.time.Partial,org.pitest.mutationtest.engine.gregor.mutators.RemoveConditionalMutator_EQUAL_IF,isMatch,691,NO_COVERAGE,none
Partial.java,org.joda.time.Partial,org.pitest.mutationtest.engine.gregor.mutators.RemoveConditionalMutator_ORDER_ELSE,isMatch,689,NO_COVERAGE,none
Partial.java,org.joda.time.Partial,org.pitest.mutationtest.engine.gregor.mutators.RemoveConditionalMutator_ORDER_IF,isMatch,689,NO_COVERAGE,none
Partial.java,org.joda.time.Partial,org.pitest.mutationtest.engine.gregor.mutators.ReturnValsMutator,isMatch,692,NO_COVERAGE,none
Partial.java,org.joda.time.Partial,org.pitest.mutationtest.engine.gregor.mutators.ReturnValsMutator,isMatch,695,NO_COVERAGE,none
Partial.java,org.joda.time.Partial,org.pitest.mutationtest.engine.gregor.mutators.BooleanFalseReturnValsMutator,isMatch,720,KILLED,org.joda.time.Partial_ESTest.test20
Partial.java,org.joda.time.Partial,org.pitest.mutationtest.engine.gregor.mutators.BooleanTrueReturnValsMutator,isMatch,717,KILLED,org.joda.time.Partial_ESTest.test18
Partial.java,org.joda.time.Partial,org.pitest.mutationtest.engine.gregor.mutators.ConditionalsBoundaryMutator,isMatch,714,KILLED,org.joda.time.Partial_ESTest.test20
Partial.java,org.joda.time.Partial,org.pitest.mutationtest.engine.gregor.mutators.ConstructorCallMutator,isMatch,712,KILLED,org.joda.time.Partial_ESTest.test19
Partial.java,org.joda.time.Partial,org.pitest.mutationtest.engine.gregor.mutators.IncrementsMutator,isMatch,714,KILLED,org.joda.time.Partial_ESTest.test20
Partial.java,org.joda.time.Partial,org.pitest.mutationtest.engine.gregor.mutators.InlineConstantMutator,isMatch,714,SURVIVED,none
Partial.java,org.joda.time.Partial,org.pitest.mutationtest.engine.gregor.mutators.InlineConstantMutator,isMatch,717,KILLED,org.joda.time.Partial_ESTest.test18
Partial.java,org.joda.time.Partial,org.pitest.mutationtest.engine.gregor.mutators.InlineConstantMutator,isMatch,720,KILLED,org.joda.time.Partial_ESTest.test20
Partial.java,org.joda.time.Partial,org.pitest.mutationtest.engine.gregor.mutators.NegateConditionalsMutator,isMatch,711,KILLED,org.joda.time.Partial_ESTest.test19
Partial.java,org.joda.time.Partial,org.pitest.mutationtest.engine.gregor.mutators.NegateConditionalsMutator,isMatch,714,KILLED,org.joda.time.Partial_ESTest.test18
Partial.java,org.joda.time.Partial,org.pitest.mutationtest.engine.gregor.mutators.NegateConditionalsMutator,isMatch,716,KILLED,org.joda.time.Partial_ESTest.test20
Partial.java,org.joda.time.Partial,org.pitest.mutationtest.engine.gregor.mutators.NonVoidMethodCallMutator,isMatch,715,SURVIVED,none
Partial.java,org.joda.time.Partial,org.pitest.mutationtest.engine.gregor.mutators.RemoveConditionalMutator_EQUAL_ELSE,isMatch,711,KILLED,org.joda.time.Partial_ESTest.test19
Partial.java,org.joda.time.Partial,org.pitest.mutationtest.engine.gregor.mutators.RemoveConditionalMutator_EQUAL_ELSE,isMatch,716,KILLED,org.joda.time.Partial_ESTest.test18
Partial.java,org.joda.time.Partial,org.pitest.mutationtest.engine.gregor.mutators.RemoveConditionalMutator_EQUAL_IF,isMatch,711,KILLED,org.joda.time.Partial_ESTest.test20
Partial.java,org.joda.time.Partial,org.pitest.mutationtest.engine.gregor.mutators.RemoveConditionalMutator_EQUAL_IF,isMatch,716,KILLED,org.joda.time.Partial_ESTest.test20
Partial.java,org.joda.time.Partial,org.pitest.mutationtest.engine.gregor.mutators.RemoveConditionalMutator_ORDER_ELSE,isMatch,714,KILLED,org.joda.time.Partial_ESTest.test18
Partial.java,org.joda.time.Partial,org.pitest.mutationtest.engine.gregor.mutators.RemoveConditionalMutator_ORDER_IF,isMatch,714,KILLED,org.joda.time.Partial_ESTest.test20
Partial.java,org.joda.time.Partial,org.pitest.mutationtest.engine.gregor.mutators.ReturnValsMutator,isMatch,717,KILLED,org.joda.time.Partial_ESTest.test18
Partial.java,org.joda.time.Partial,org.pitest.mutationtest.engine.gregor.mutators.ReturnValsMutator,isMatch,720,KILLED,org.joda.time.Partial_ESTest.test20
Partial.java,org.joda.time.Partial,org.pitest.mutationtest.engine.gregor.mutators.InlineConstantMutator,minus,658,KILLED,org.joda.time.Partial_ESTest.test22
Partial.java,org.joda.time.Partial,org.pitest.mutationtest.engine.gregor.mutators.NonVoidMethodCallMutator,minus,658,SURVIVED,none
Partial.java,org.joda.time.Partial,org.pitest.mutationtest.engine.gregor.mutators.NullReturnValsMutator,minus,658,SURVIVED,none
Partial.java,org.joda.time.Partial,org.pitest.mutationtest.engine.gregor.mutators.ReturnValsMutator,minus,658,SURVIVED,none
Partial.java,org.joda.time.Partial,org.pitest.mutationtest.engine.gregor.mutators.experimental.NakedReceiverMutator,minus,658,KILLED,org.joda.time.Partial_ESTest.test22
Partial.java,org.joda.time.Partial,org.pitest.mutationtest.engine.gregor.mutators.InlineConstantMutator,plus,645,KILLED,org.joda.time.Partial_ESTest.test21
Partial.java,org.joda.time.Partial,org.pitest.mutationtest.engine.gregor.mutators.NonVoidMethodCallMutator,plus,645,KILLED,org.joda.time.Partial_ESTest.test21
Partial.java,org.joda.time.Partial,org.pitest.mutationtest.engine.gregor.mutators.NullReturnValsMutator,plus,645,KILLED,org.joda.time.Partial_ESTest.test21
Partial.java,org.joda.time.Partial,org.pitest.mutationtest.engine.gregor.mutators.ReturnValsMutator,plus,645,KILLED,org.joda.time.Partial_ESTest.test21
Partial.java,org.joda.time.Partial,org.pitest.mutationtest.engine.gregor.mutators.experimental.NakedReceiverMutator,plus,645,KILLED,org.joda.time.Partial_ESTest.test21
Partial.java,org.joda.time.Partial,org.pitest.mutationtest.engine.gregor.mutators.ConstructorCallMutator,property,673,KILLED,org.joda.time.Partial_ESTest.test41
Partial.java,org.joda.time.Partial,org.pitest.mutationtest.engine.gregor.mutators.NonVoidMethodCallMutator,property,673,SURVIVED,none
Partial.java,org.joda.time.Partial,org.pitest.mutationtest.engine.gregor.mutators.NullReturnValsMutator,property,673,KILLED,org.joda.time.Partial_ESTest.test41
Partial.java,org.joda.time.Partial,org.pitest.mutationtest.engine.gregor.mutators.ReturnValsMutator,property,673,KILLED,org.joda.time.Partial_ESTest.test41
Partial.java,org.joda.time.Partial,org.pitest.mutationtest.engine.gregor.mutators.PrimitiveReturnsMutator,size,334,KILLED,org.joda.time.Partial_ESTest.test49
Partial.java,org.joda.time.Partial,org.pitest.mutationtest.engine.gregor.mutators.ReturnValsMutator,size,334,KILLED,org.joda.time.Partial_ESTest.test49
Partial.java,org.joda.time.Partial,org.pitest.mutationtest.engine.gregor.mutators.EmptyObjectReturnValsMutator,toString,774,KILLED,org.joda.time.Partial_ESTest.test12
Partial.java,org.joda.time.Partial,org.pitest.mutationtest.engine.gregor.mutators.EmptyObjectReturnValsMutator,toString,779,SURVIVED,none
Partial.java,org.joda.time.Partial,org.pitest.mutationtest.engine.gregor.mutators.EmptyObjectReturnValsMutator,toString,781,KILLED,org.joda.time.Partial_ESTest.test14
Partial.java,org.joda.time.Partial,org.pitest.mutationtest.engine.gregor.mutators.InlineConstantMutator,toString,777,SURVIVED,none
Partial.java,org.joda.time.Partial,org.pitest.mutationtest.engine.gregor.mutators.NegateConditionalsMutator,toString,770,KILLED,org.joda.time.Partial_ESTest.test14
Partial.java,org.joda.time.Partial,org.pitest.mutationtest.engine.gregor.mutators.NegateConditionalsMutator,toString,773,KILLED,org.joda.time.Partial_ESTest.test14
Partial.java,org.joda.time.Partial,org.pitest.mutationtest.engine.gregor.mutators.NegateConditionalsMutator,toString,778,KILLED,org.joda.time.Partial_ESTest.test14
Partial.java,org.joda.time.Partial,org.pitest.mutationtest.engine.gregor.mutators.NonVoidMethodCallMutator,toString,771,KILLED,org.joda.time.Partial_ESTest.test14
Partial.java,org.joda.time.Partial,org.pitest.mutationtest.engine.gregor.mutators.NonVoidMethodCallMutator,toString,774,KILLED,org.joda.time.Partial_ESTest.test12
Partial.java,org.joda.time.Partial,org.pitest.mutationtest.engine.gregor.mutators.NonVoidMethodCallMutator,toString,779,KILLED,org.joda.time.Partial_ESTest.test09
Partial.java,org.joda.time.Partial,org.pitest.mutationtest.engine.gregor.mutators.NonVoidMethodCallMutator,toString,781,KILLED,org.joda.time.Partial_ESTest.test14
Partial.java,org.joda.time.Partial,org.pitest.mutationtest.engine.gregor.mutators.RemoveConditionalMutator_EQUAL_ELSE,toString,770,KILLED,org.joda.time.Partial_ESTest.test14
Partial.java,org.joda.time.Partial,org.pitest.mutationtest.engine.gregor.mutators.RemoveConditionalMutator_EQUAL_ELSE,toString,773,KILLED,org.joda.time.Partial_ESTest.test12
Partial.java,org.joda.time.Partial,org.pitest.mutationtest.engine.gregor.mutators.RemoveConditionalMutator_EQUAL_ELSE,toString,778,SURVIVED,none
Partial.java,org.joda.time.Partial,org.pitest.mutationtest.engine.gregor.mutators.RemoveConditionalMutator_EQUAL_IF,toString,770,SURVIVED,none
Partial.java,org.joda.time.Partial,org.pitest.mutationtest.engine.gregor.mutators.RemoveConditionalMutator_EQUAL_IF,toString,773,KILLED,org.joda.time.Partial_ESTest.test14
Partial.java,org.joda.time.Partial,org.pitest.mutationtest.engine.gregor.mutators.RemoveConditionalMutator_EQUAL_IF,toString,778,KILLED,org.joda.time.Partial_ESTest.test14
Partial.java,org.joda.time.Partial,org.pitest.mutationtest.engine.gregor.mutators.ReturnValsMutator,toString,774,KILLED,org.joda.time.Partial_ESTest.test12
Partial.java,org.joda.time.Partial,org.pitest.mutationtest.engine.gregor.mutators.ReturnValsMutator,toString,779,SURVIVED,none
Partial.java,org.joda.time.Partial,org.pitest.mutationtest.engine.gregor.mutators.ReturnValsMutator,toString,781,KILLED,org.joda.time.Partial_ESTest.test14
Partial.java,org.joda.time.Partial,org.pitest.mutationtest.engine.gregor.mutators.EmptyObjectReturnValsMutator,toString,818,SURVIVED,none
Partial.java,org.joda.time.Partial,org.pitest.mutationtest.engine.gregor.mutators.EmptyObjectReturnValsMutator,toString,820,SURVIVED,none
Partial.java,org.joda.time.Partial,org.pitest.mutationtest.engine.gregor.mutators.NegateConditionalsMutator,toString,817,KILLED,org.joda.time.Partial_ESTest.test10
Partial.java,org.joda.time.Partial,org.pitest.mutationtest.engine.gregor.mutators.NonVoidMethodCallMutator,toString,818,KILLED,org.joda.time.Partial_ESTest.test09
Partial.java,org.joda.time.Partial,org.pitest.mutationtest.engine.gregor.mutators.NonVoidMethodCallMutator,toString,820,KILLED,org.joda.time.Partial_ESTest.test10
Partial.java,org.joda.time.Partial,org.pitest.mutationtest.engine.gregor.mutators.NonVoidMethodCallMutator,toString,820,SURVIVED,none
Partial.java,org.joda.time.Partial,org.pitest.mutationtest.engine.gregor.mutators.RemoveConditionalMutator_EQUAL_ELSE,toString,817,KILLED,org.joda.time.Partial_ESTest.test09
Partial.java,org.joda.time.Partial,org.pitest.mutationtest.engine.gregor.mutators.RemoveConditionalMutator_EQUAL_IF,toString,817,KILLED,org.joda.time.Partial_ESTest.test10
Partial.java,org.joda.time.Partial,org.pitest.mutationtest.engine.gregor.mutators.ReturnValsMutator,toString,818,SURVIVED,none
Partial.java,org.joda.time.Partial,org.pitest.mutationtest.engine.gregor.mutators.ReturnValsMutator,toString,820,SURVIVED,none
Partial.java,org.joda.time.Partial,org.pitest.mutationtest.engine.gregor.mutators.EmptyObjectReturnValsMutator,toString,833,SURVIVED,none
Partial.java,org.joda.time.Partial,org.pitest.mutationtest.engine.gregor.mutators.EmptyObjectReturnValsMutator,toString,835,SURVIVED,none
Partial.java,org.joda.time.Partial,org.pitest.mutationtest.engine.gregor.mutators.NegateConditionalsMutator,toString,832,KILLED,org.joda.time.Partial_ESTest.test08
Partial.java,org.joda.time.Partial,org.pitest.mutationtest.engine.gregor.mutators.NonVoidMethodCallMutator,toString,833,KILLED,org.joda.time.Partial_ESTest.test07
Partial.java,org.joda.time.Partial,org.pitest.mutationtest.engine.gregor.mutators.NonVoidMethodCallMutator,toString,835,KILLED,org.joda.time.Partial_ESTest.test08
Partial.java,org.joda.time.Partial,org.pitest.mutationtest.engine.gregor.mutators.NonVoidMethodCallMutator,toString,835,SURVIVED,none
Partial.java,org.joda.time.Partial,org.pitest.mutationtest.engine.gregor.mutators.NonVoidMethodCallMutator,toString,835,SURVIVED,none
Partial.java,org.joda.time.Partial,org.pitest.mutationtest.engine.gregor.mutators.RemoveConditionalMutator_EQUAL_ELSE,toString,832,KILLED,org.joda.time.Partial_ESTest.test07
Partial.java,org.joda.time.Partial,org.pitest.mutationtest.engine.gregor.mutators.RemoveConditionalMutator_EQUAL_IF,toString,832,KILLED,org.joda.time.Partial_ESTest.test08
Partial.java,org.joda.time.Partial,org.pitest.mutationtest.engine.gregor.mutators.ReturnValsMutator,toString,833,SURVIVED,none
Partial.java,org.joda.time.Partial,org.pitest.mutationtest.engine.gregor.mutators.ReturnValsMutator,toString,835,SURVIVED,none
Partial.java,org.joda.time.Partial,org.pitest.mutationtest.engine.gregor.mutators.experimental.NakedReceiverMutator,toString,835,SURVIVED,none
Partial.java,org.joda.time.Partial,org.pitest.mutationtest.engine.gregor.mutators.ConditionalsBoundaryMutator,toStringList,797,KILLED,org.joda.time.Partial_ESTest.test12
Partial.java,org.joda.time.Partial,org.pitest.mutationtest.engine.gregor.mutators.ConditionalsBoundaryMutator,toStringList,798,KILLED,org.joda.time.Partial_ESTest.test00
Partial.java,org.joda.time.Partial,org.pitest.mutationtest.engine.gregor.mutators.ConstructorCallMutator,toStringList,795,KILLED,org.joda.time.Partial_ESTest.test12
Partial.java,org.joda.time.Partial,org.pitest.mutationtest.engine.gregor.mutators.EmptyObjectReturnValsMutator,toStringList,806,KILLED,org.joda.time.Partial_ESTest.test12
Partial.java,org.joda.time.Partial,org.pitest.mutationtest.engine.gregor.mutators.IncrementsMutator,toStringList,797,KILLED,org.joda.time.Partial_ESTest.test11
Partial.java,org.joda.time.Partial,org.pitest.mutationtest.engine.gregor.mutators.InlineConstantMutator,toStringList,795,SURVIVED,none
Partial.java,org.joda.time.Partial,org.pitest.mutationtest.engine.gregor.mutators.InlineConstantMutator,toStringList,796,KILLED,org.joda.time.Partial_ESTest.test12
Partial.java,org.joda.time.Partial,org.pitest.mutationtest.engine.gregor.mutators.InlineConstantMutator,toStringList,797,KILLED,org.joda.time.Partial_ESTest.test00
Partial.java,org.joda.time.Partial,org.pitest.mutationtest.engine.gregor.mutators.InlineConstantMutator,toStringList,799,KILLED,org.joda.time.Partial_ESTest.test00
Partial.java,org.joda.time.Partial,org.pitest.mutationtest.engine.gregor.mutators.InlineConstantMutator,toStringList,799,KILLED,org.joda.time.Partial_ESTest.test00
Partial.java,org.joda.time.Partial,org.pitest.mutationtest.engine.gregor.mutators.InlineConstantMutator,toStringList,802,KILLED,org.joda.time.Partial_ESTest.test00
Partial.java,org.joda.time.Partial,org.pitest.mutationtest.engine.gregor.mutators.InlineConstantMutator,toStringList,805,KILLED,org.joda.time.Partial_ESTest.test12
Partial.java,org.joda.time.Partial,org.pitest.mutationtest.engine.gregor.mutators.MathMutator,toStringList,795,KILLED,org.joda.time.Partial_ESTest.test12
Partial.java,org.joda.time.Partial,org.pitest.mutationtest.engine.gregor.mutators.NegateConditionalsMutator,toStringList,797,KILLED,org.joda.time.Partial_ESTest.test09
Partial.java,org.joda.time.Partial,org.pitest.mutationtest.engine.gregor.mutators.NegateConditionalsMutator,toStringList,798,KILLED,org.joda.time.Partial_ESTest.test00
Partial.java,org.joda.time.Partial,org.pitest.mutationtest.engine.gregor.mutators.NonVoidMethodCallMutator,toStringList,794,KILLED,org.joda.time.Partial_ESTest.test09
Partial.java,org.joda.time.Partial,org.pitest.mutationtest.engine.gregor.mutators.NonVoidMethodCallMutator,toStringList,796,KILLED,org.joda.time.Partial_ESTest.test12
Partial.java,org.joda.time.Partial,org.pitest.mutationtest.engine.gregor.mutators.NonVoidMethodCallMutator,toStringList,799,KILLED,org.joda.time.Partial_ESTest.test00
Partial.java,org.joda.time.Partial,org.pitest.mutationtest.engine.gregor.mutators.NonVoidMethodCallMutator,toStringList,799,KILLED,org.joda.time.Partial_ESTest.test00
Partial.java,org.joda.time.Partial,org.pitest.mutationtest.engine.gregor.mutators.NonVoidMethodCallMutator,toStringList,801,KILLED,org.joda.time.Partial_ESTest.test13
Partial.java,org.joda.time.Partial,org.pitest.mutationtest.engine.gregor.mutators.NonVoidMethodCallMutator,toStringList,801,KILLED,org.joda.time.Partial_ESTest.test00
Partial.java,org.joda.time.Partial,org.pitest.mutationtest.engine.gregor.mutators.NonVoidMethodCallMutator,toStringList,802,KILLED,org.joda.time.Partial_ESTest.test00
Partial.java,org.joda.time.Partial,org.pitest.mutationtest.engine.gregor.mutators.NonVoidMethodCallMutator,toStringList,803,KILLED,org.joda.time.Partial_ESTest.test00
Partial.java,org.joda.time.Partial,org.pitest.mutationtest.engine.gregor.mutators.NonVoidMethodCallMutator,toStringList,805,KILLED,org.joda.time.Partial_ESTest.test12
Partial.java,org.joda.time.Partial,org.pitest.mutationtest.engine.gregor.mutators.NonVoidMethodCallMutator,toStringList,806,KILLED,org.joda.time.Partial_ESTest.test12
Partial.java,org.joda.time.Partial,org.pitest.mutationtest.engine.gregor.mutators.RemoveConditionalMutator_ORDER_ELSE,toStringList,797,KILLED,org.joda.time.Partial_ESTest.test09
Partial.java,org.joda.time.Partial,org.pitest.mutationtest.engine.gregor.mutators.RemoveConditionalMutator_ORDER_ELSE,toStringList,798,KILLED,org.joda.time.Partial_ESTest.test00
Partial.java,org.joda.time.Partial,org.pitest.mutationtest.engine.gregor.mutators.RemoveConditionalMutator_ORDER_IF,toStringList,797,KILLED,org.joda.time.Partial_ESTest.test12
Partial.java,org.joda.time.Partial,org.pitest.mutationtest.engine.gregor.mutators.RemoveConditionalMutator_ORDER_IF,toStringList,798,KILLED,org.joda.time.Partial_ESTest.test00
Partial.java,org.joda.time.Partial,org.pitest.mutationtest.engine.gregor.mutators.ReturnValsMutator,toStringList,806,KILLED,org.joda.time.Partial_ESTest.test12
Partial.java,org.joda.time.Partial,org.pitest.mutationtest.engine.gregor.mutators.experimental.NakedReceiverMutator,toStringList,796,KILLED,org.joda.time.Partial_ESTest.test12
Partial.java,org.joda.time.Partial,org.pitest.mutationtest.engine.gregor.mutators.experimental.NakedReceiverMutator,toStringList,799,KILLED,org.joda.time.Partial_ESTest.test00
Partial.java,org.joda.time.Partial,org.pitest.mutationtest.engine.gregor.mutators.experimental.NakedReceiverMutator,toStringList,799,KILLED,org.joda.time.Partial_ESTest.test00
Partial.java,org.joda.time.Partial,org.pitest.mutationtest.engine.gregor.mutators.experimental.NakedReceiverMutator,toStringList,801,KILLED,org.joda.time.Partial_ESTest.test00
Partial.java,org.joda.time.Partial,org.pitest.mutationtest.engine.gregor.mutators.experimental.NakedReceiverMutator,toStringList,802,KILLED,org.joda.time.Partial_ESTest.test00
Partial.java,org.joda.time.Partial,org.pitest.mutationtest.engine.gregor.mutators.experimental.NakedReceiverMutator,toStringList,803,KILLED,org.joda.time.Partial_ESTest.test00
Partial.java,org.joda.time.Partial,org.pitest.mutationtest.engine.gregor.mutators.experimental.NakedReceiverMutator,toStringList,805,KILLED,org.joda.time.Partial_ESTest.test12
Partial.java,org.joda.time.Partial,org.pitest.mutationtest.engine.gregor.mutators.ArgumentPropagationMutator,with,499,KILLED,org.joda.time.Partial_ESTest.test32
Partial.java,org.joda.time.Partial,org.pitest.mutationtest.engine.gregor.mutators.ArgumentPropagationMutator,with,503,KILLED,org.joda.time.Partial_ESTest.test33
Partial.java,org.joda.time.Partial,org.pitest.mutationtest.engine.gregor.mutators.ConditionalsBoundaryMutator,with,464,SURVIVED,none
Partial.java,org.joda.time.Partial,org.pitest.mutationtest.engine.gregor.mutators.ConditionalsBoundaryMutator,with,469,NO_COVERAGE,none
Partial.java,org.joda.time.Partial,org.pitest.mutationtest.engine.gregor.mutators.ConditionalsBoundaryMutator,with,480,NO_COVERAGE,none
Partial.java,org.joda.time.Partial,org.pitest.mutationtest.engine.gregor.mutators.ConstructorCallMutator,with,453,KILLED,org.joda.time.Partial_ESTest.test34
Partial.java,org.joda.time.Partial,org.pitest.mutationtest.engine.gregor.mutators.ConstructorCallMutator,with,495,NO_COVERAGE,none
Partial.java,org.joda.time.Partial,org.pitest.mutationtest.engine.gregor.mutators.ConstructorCallMutator,with,504,SURVIVED,none
Partial.java,org.joda.time.Partial,org.pitest.mutationtest.engine.gregor.mutators.IncrementsMutator,with,464,SURVIVED,none
Partial.java,org.joda.time.Partial,org.pitest.mutationtest.engine.gregor.mutators.InlineConstantMutator,with,456,KILLED,org.joda.time.Partial_ESTest.test32
Partial.java,org.joda.time.Partial,org.pitest.mutationtest.engine.gregor.mutators.InlineConstantMutator,with,457,SURVIVED,none
Partial.java,org.joda.time.Partial,org.pitest.mutationtest.engine.gregor.mutators.InlineConstantMutator,with,461,SURVIVED,none
Partial.java,org.joda.time.Partial,org.pitest.mutationtest.engine.gregor.mutators.InlineConstantMutator,with,487,NO_COVERAGE,none
Partial.java,org.joda.time.Partial,org.pitest.mutationtest.engine.gregor.mutators.InlineConstantMutator,with,487,NO_COVERAGE,none
Partial.java,org.joda.time.Partial,org.pitest.mutationtest.engine.gregor.mutators.InlineConstantMutator,with,488,NO_COVERAGE,none
Partial.java,org.joda.time.Partial,org.pitest.mutationtest.engine.gregor.mutators.InlineConstantMutator,with,488,NO_COVERAGE,none
Partial.java,org.joda.time.Partial,org.pitest.mutationtest.engine.gregor.mutators.InlineConstantMutator,with,491,NO_COVERAGE,none
Partial.java,org.joda.time.Partial,org.pitest.mutationtest.engine.gregor.mutators.InlineConstantMutator,with,491,NO_COVERAGE,none
Partial.java,org.joda.time.Partial,org.pitest.mutationtest.engine.gregor.mutators.InlineConstantMutator,with,492,NO_COVERAGE,none
Partial.java,org.joda.time.Partial,org.pitest.mutationtest.engine.gregor.mutators.InlineConstantMutator,with,492,NO_COVERAGE,none
Partial.java,org.joda.time.Partial,org.pitest.mutationtest.engine.gregor.mutators.MathMutator,with,457,SURVIVED,none
Partial.java,org.joda.time.Partial,org.pitest.mutationtest.engine.gregor.mutators.MathMutator,with,491,NO_COVERAGE,none
Partial.java,org.joda.time.Partial,org.pitest.mutationtest.engine.gregor.mutators.MathMutator,with,491,NO_COVERAGE,none
Partial.java,org.joda.time.Partial,org.pitest.mutationtest.engine.gregor.mutators.MathMutator,with,491,NO_COVERAGE,none
Partial.java,org.joda.time.Partial,org.pitest.mutationtest.engine.gregor.mutators.MathMutator,with,492,NO_COVERAGE,none
Partial.java,org.joda.time.Partial,org.pitest.mutationtest.engine.gregor.mutators.MathMutator,with,492,NO_COVERAGE,none
Partial.java,org.joda.time.Partial,org.pitest.mutationtest.engine.gregor.mutators.MathMutator,with,492,NO_COVERAGE,none
Partial.java,org.joda.time.Partial,org.pitest.mutationtest.engine.gregor.mutators.NegateConditionalsMutator,with,452,KILLED,org.joda.time.Partial_ESTest.test51
Partial.java,org.joda.time.Partial,org.pitest.mutationtest.engine.gregor.mutators.NegateConditionalsMutator,with,456,KILLED,org.joda.time.Partial_ESTest.test32
Partial.java,org.joda.time.Partial,org.pitest.mutationtest.engine.gregor.mutators.NegateConditionalsMutator,with,463,SURVIVED,none
Partial.java,org.joda.time.Partial,org.pitest.mutationtest.engine.gregor.mutators.NegateConditionalsMutator,with,464,SURVIVED,none
Partial.java,org.joda.time.Partial,org.pitest.mutationtest.engine.gregor.mutators.NegateConditionalsMutator,with,467,SURVIVED,none
Partial.java,org.joda.time.Partial,org.pitest.mutationtest.engine.gregor.mutators.NegateConditionalsMutator,with,469,NO_COVERAGE,none
Partial.java,org.joda.time.Partial,org.pitest.mutationtest.engine.gregor.mutators.NegateConditionalsMutator,with,471,NO_COVERAGE,none
Partial.java,org.joda.time.Partial,org.pitest.mutationtest.engine.gregor.mutators.NegateConditionalsMutator,with,472,NO_COVERAGE,none
Partial.java,org.joda.time.Partial,org.pitest.mutationtest.engine.gregor.mutators.NegateConditionalsMutator,with,475,NO_COVERAGE,none
Partial.java,org.joda.time.Partial,org.pitest.mutationtest.engine.gregor.mutators.NegateConditionalsMutator,with,480,NO_COVERAGE,none
Partial.java,org.joda.time.Partial,org.pitest.mutationtest.engine.gregor.mutators.NegateConditionalsMutator,with,499,KILLED,org.joda.time.Partial_ESTest.test32
Partial.java,org.joda.time.Partial,org.pitest.mutationtest.engine.gregor.mutators.NonVoidMethodCallMutator,with,455,SURVIVED,none
Partial.java,org.joda.time.Partial,org.pitest.mutationtest.engine.gregor.mutators.NonVoidMethodCallMutator,with,462,SURVIVED,none
Partial.java,org.joda.time.Partial,org.pitest.mutationtest.engine.gregor.mutators.NonVoidMethodCallMutator,with,462,SURVIVED,none
Partial.java,org.joda.time.Partial,org.pitest.mutationtest.engine.gregor.mutators.NonVoidMethodCallMutator,with,463,SURVIVED,none
Partial.java,org.joda.time.Partial,org.pitest.mutationtest.engine.gregor.mutators.NonVoidMethodCallMutator,with,466,SURVIVED,none
Partial.java,org.joda.time.Partial,org.pitest.mutationtest.engine.gregor.mutators.NonVoidMethodCallMutator,with,466,SURVIVED,none
Partial.java,org.joda.time.Partial,org.pitest.mutationtest.engine.gregor.mutators.NonVoidMethodCallMutator,with,467,SURVIVED,none
Partial.java,org.joda.time.Partial,org.pitest.mutationtest.engine.gregor.mutators.NonVoidMethodCallMutator,with,468,NO_COVERAGE,none
Partial.java,org.joda.time.Partial,org.pitest.mutationtest.engine.gregor.mutators.NonVoidMethodCallMutator,with,472,NO_COVERAGE,none
Partial.java,org.joda.time.Partial,org.pitest.mutationtest.engine.gregor.mutators.NonVoidMethodCallMutator,with,475,NO_COVERAGE,none
Partial.java,org.joda.time.Partial,org.pitest.mutationtest.engine.gregor.mutators.NonVoidMethodCallMutator,with,478,NO_COVERAGE,none
Partial.java,org.joda.time.Partial,org.pitest.mutationtest.engine.gregor.mutators.NonVoidMethodCallMutator,with,478,NO_COVERAGE,none
Partial.java,org.joda.time.Partial,org.pitest.mutationtest.engine.gregor.mutators.NonVoidMethodCallMutator,with,479,NO_COVERAGE,none
Partial.java,org.joda.time.Partial,org.pitest.mutationtest.engine.gregor.mutators.NonVoidMethodCallMutator,with,479,NO_COVERAGE,none
Partial.java,org.joda.time.Partial,org.pitest.mutationtest.engine.gregor.mutators.NonVoidMethodCallMutator,with,480,NO_COVERAGE,none
Partial.java,org.joda.time.Partial,org.pitest.mutationtest.engine.gregor.mutators.NonVoidMethodCallMutator,with,499,KILLED,org.joda.time.Partial_ESTest.test32
Partial.java,org.joda.time.Partial,org.pitest.mutationtest.engine.gregor.mutators.NonVoidMethodCallMutator,with,502,SURVIVED,none
Partial.java,org.joda.time.Partial,org.pitest.mutationtest.engine.gregor.mutators.NonVoidMethodCallMutator,with,503,KILLED,org.joda.time.Partial_ESTest.test33
Partial.java,org.joda.time.Partial,org.pitest.mutationtest.engine.gregor.mutators.NonVoidMethodCallMutator,with,503,KILLED,org.joda.time.Partial_ESTest.test33
Partial.java,org.joda.time.Partial,org.pitest.mutationtest.engine.gregor.mutators.NullReturnValsMutator,with,497,NO_COVERAGE,none
Partial.java,org.joda.time.Partial,org.pitest.mutationtest.engine.gregor.mutators.NullReturnValsMutator,with,500,KILLED,org.joda.time.Partial_ESTest.test32
Partial.java,org.joda.time.Partial,org.pitest.mutationtest.engine.gregor.mutators.NullReturnValsMutator,with,504,SURVIVED,none
Partial.java,org.joda.time.Partial,org.pitest.mutationtest.engine.gregor.mutators.RemoveConditionalMutator_EQUAL_ELSE,with,452,KILLED,org.joda.time.Partial_ESTest.test34
Partial.java,org.joda.time.Partial,org.pitest.mutationtest.engine.gregor.mutators.RemoveConditionalMutator_EQUAL_ELSE,with,456,SURVIVED,none
Partial.java,org.joda.time.Partial,org.pitest.mutationtest.engine.gregor.mutators.RemoveConditionalMutator_EQUAL_ELSE,with,463,SURVIVED,none
Partial.java,org.joda.time.Partial,org.pitest.mutationtest.engine.gregor.mutators.RemoveConditionalMutator_EQUAL_ELSE,with,467,SURVIVED,none
Partial.java,org.joda.time.Partial,org.pitest.mutationtest.engine.gregor.mutators.RemoveConditionalMutator_EQUAL_ELSE,with,471,NO_COVERAGE,none
Partial.java,org.joda.time.Partial,org.pitest.mutationtest.engine.gregor.mutators.RemoveConditionalMutator_EQUAL_ELSE,with,472,NO_COVERAGE,none
Partial.java,org.joda.time.Partial,org.pitest.mutationtest.engine.gregor.mutators.RemoveConditionalMutator_EQUAL_ELSE,with,475,NO_COVERAGE,none
Partial.java,org.joda.time.Partial,org.pitest.mutationtest.engine.gregor.mutators.RemoveConditionalMutator_EQUAL_ELSE,with,499,KILLED,org.joda.time.Partial_ESTest.test32
Partial.java,org.joda.time.Partial,org.pitest.mutationtest.engine.gregor.mutators.RemoveConditionalMutator_EQUAL_IF,with,452,KILLED,org.joda.time.Partial_ESTest.test51
Partial.java,org.joda.time.Partial,org.pitest.mutationtest.engine.gregor.mutators.RemoveConditionalMutator_EQUAL_IF,with,456,KILLED,org.joda.time.Partial_ESTest.test32
Partial.java,org.joda.time.Partial,org.pitest.mutationtest.engine.gregor.mutators.RemoveConditionalMutator_EQUAL_IF,with,463,SURVIVED,none
Partial.java,org.joda.time.Partial,org.pitest.mutationtest.engine.gregor.mutators.RemoveConditionalMutator_EQUAL_IF,with,467,SURVIVED,none
Partial.java,org.joda.time.Partial,org.pitest.mutationtest.engine.gregor.mutators.RemoveConditionalMutator_EQUAL_IF,with,471,NO_COVERAGE,none
Partial.java,org.joda.time.Partial,org.pitest.mutationtest.engine.gregor.mutators.RemoveConditionalMutator_EQUAL_IF,with,472,NO_COVERAGE,none
Partial.java,org.joda.time.Partial,org.pitest.mutationtest.engine.gregor.mutators.RemoveConditionalMutator_EQUAL_IF,with,475,NO_COVERAGE,none
Partial.java,org.joda.time.Partial,org.pitest.mutationtest.engine.gregor.mutators.RemoveConditionalMutator_EQUAL_IF,with,499,KILLED,org.joda.time.Partial_ESTest.test33
Partial.java,org.joda.time.Partial,org.pitest.mutationtest.engine.gregor.mutators.RemoveConditionalMutator_ORDER_ELSE,with,464,SURVIVED,none
Partial.java,org.joda.time.Partial,org.pitest.mutationtest.engine.gregor.mutators.RemoveConditionalMutator_ORDER_ELSE,with,469,NO_COVERAGE,none
Partial.java,org.joda.time.Partial,org.pitest.mutationtest.engine.gregor.mutators.RemoveConditionalMutator_ORDER_ELSE,with,480,NO_COVERAGE,none
Partial.java,org.joda.time.Partial,org.pitest.mutationtest.engine.gregor.mutators.RemoveConditionalMutator_ORDER_IF,with,464,SURVIVED,none
Partial.java,org.joda.time.Partial,org.pitest.mutationtest.engine.gregor.mutators.RemoveConditionalMutator_ORDER_IF,with,469,NO_COVERAGE,none
Partial.java,org.joda.time.Partial,org.pitest.mutationtest.engine.gregor.mutators.RemoveConditionalMutator_ORDER_IF,with,480,NO_COVERAGE,none
Partial.java,org.joda.time.Partial,org.pitest.mutationtest.engine.gregor.mutators.ReturnValsMutator,with,497,NO_COVERAGE,none
Partial.java,org.joda.time.Partial,org.pitest.mutationtest.engine.gregor.mutators.ReturnValsMutator,with,500,KILLED,org.joda.time.Partial_ESTest.test32
Partial.java,org.joda.time.Partial,org.pitest.mutationtest.engine.gregor.mutators.ReturnValsMutator,with,504,SURVIVED,none
Partial.java,org.joda.time.Partial,org.pitest.mutationtest.engine.gregor.mutators.VoidMethodCallMutator,with,487,NO_COVERAGE,none
Partial.java,org.joda.time.Partial,org.pitest.mutationtest.engine.gregor.mutators.VoidMethodCallMutator,with,488,NO_COVERAGE,none
Partial.java,org.joda.time.Partial,org.pitest.mutationtest.engine.gregor.mutators.VoidMethodCallMutator,with,491,NO_COVERAGE,none
Partial.java,org.joda.time.Partial,org.pitest.mutationtest.engine.gregor.mutators.VoidMethodCallMutator,with,492,NO_COVERAGE,none
Partial.java,org.joda.time.Partial,org.pitest.mutationtest.engine.gregor.mutators.VoidMethodCallMutator,with,496,NO_COVERAGE,none
Partial.java,org.joda.time.Partial,org.pitest.mutationtest.engine.gregor.mutators.experimental.RemoveIncrementsMutator,with,464,SURVIVED,none
Partial.java,org.joda.time.Partial,org.pitest.mutationtest.engine.gregor.mutators.ArgumentPropagationMutator,withChronologyRetainFields,425,NO_COVERAGE,none
Partial.java,org.joda.time.Partial,org.pitest.mutationtest.engine.gregor.mutators.ConstructorCallMutator,withChronologyRetainFields,430,NO_COVERAGE,none
Partial.java,org.joda.time.Partial,org.pitest.mutationtest.engine.gregor.mutators.NegateConditionalsMutator,withChronologyRetainFields,427,NO_COVERAGE,none
Partial.java,org.joda.time.Partial,org.pitest.mutationtest.engine.gregor.mutators.NonVoidMethodCallMutator,withChronologyRetainFields,425,NO_COVERAGE,none
Partial.java,org.joda.time.Partial,org.pitest.mutationtest.engine.gregor.mutators.NonVoidMethodCallMutator,withChronologyRetainFields,426,NO_COVERAGE,none
Partial.java,org.joda.time.Partial,org.pitest.mutationtest.engine.gregor.mutators.NonVoidMethodCallMutator,withChronologyRetainFields,427,NO_COVERAGE,none
Partial.java,org.joda.time.Partial,org.pitest.mutationtest.engine.gregor.mutators.NullReturnValsMutator,withChronologyRetainFields,428,NO_COVERAGE,none
Partial.java,org.joda.time.Partial,org.pitest.mutationtest.engine.gregor.mutators.NullReturnValsMutator,withChronologyRetainFields,432,NO_COVERAGE,none
Partial.java,org.joda.time.Partial,org.pitest.mutationtest.engine.gregor.mutators.RemoveConditionalMutator_EQUAL_ELSE,withChronologyRetainFields,427,NO_COVERAGE,none
Partial.java,org.joda.time.Partial,org.pitest.mutationtest.engine.gregor.mutators.RemoveConditionalMutator_EQUAL_IF,withChronologyRetainFields,427,NO_COVERAGE,none
Partial.java,org.joda.time.Partial,org.pitest.mutationtest.engine.gregor.mutators.ReturnValsMutator,withChronologyRetainFields,428,NO_COVERAGE,none
Partial.java,org.joda.time.Partial,org.pitest.mutationtest.engine.gregor.mutators.ReturnValsMutator,withChronologyRetainFields,432,NO_COVERAGE,none
Partial.java,org.joda.time.Partial,org.pitest.mutationtest.engine.gregor.mutators.VoidMethodCallMutator,withChronologyRetainFields,431,NO_COVERAGE,none
Partial.java,org.joda.time.Partial,org.pitest.mutationtest.engine.gregor.mutators.experimental.NakedReceiverMutator,withChronologyRetainFields,426,NO_COVERAGE,none
Partial.java,org.joda.time.Partial,org.pitest.mutationtest.engine.gregor.mutators.ArgumentPropagationMutator,withField,548,KILLED,org.joda.time.Partial_ESTest.test28
Partial.java,org.joda.time.Partial,org.pitest.mutationtest.engine.gregor.mutators.ArgumentPropagationMutator,withField,552,KILLED,org.joda.time.Partial_ESTest.test29
Partial.java,org.joda.time.Partial,org.pitest.mutationtest.engine.gregor.mutators.ConstructorCallMutator,withField,553,SURVIVED,none
Partial.java,org.joda.time.Partial,org.pitest.mutationtest.engine.gregor.mutators.NegateConditionalsMutator,withField,548,KILLED,org.joda.time.Partial_ESTest.test29
Partial.java,org.joda.time.Partial,org.pitest.mutationtest.engine.gregor.mutators.NonVoidMethodCallMutator,withField,547,KILLED,org.joda.time.Partial_ESTest.test29
Partial.java,org.joda.time.Partial,org.pitest.mutationtest.engine.gregor.mutators.NonVoidMethodCallMutator,withField,548,KILLED,org.joda.time.Partial_ESTest.test28
Partial.java,org.joda.time.Partial,org.pitest.mutationtest.engine.gregor.mutators.NonVoidMethodCallMutator,withField,551,SURVIVED,none
Partial.java,org.joda.time.Partial,org.pitest.mutationtest.engine.gregor.mutators.NonVoidMethodCallMutator,withField,552,KILLED,org.joda.time.Partial_ESTest.test29
Partial.java,org.joda.time.Partial,org.pitest.mutationtest.engine.gregor.mutators.NonVoidMethodCallMutator,withField,552,KILLED,org.joda.time.Partial_ESTest.test29
Partial.java,org.joda.time.Partial,org.pitest.mutationtest.engine.gregor.mutators.NullReturnValsMutator,withField,549,KILLED,org.joda.time.Partial_ESTest.test28
Partial.java,org.joda.time.Partial,org.pitest.mutationtest.engine.gregor.mutators.NullReturnValsMutator,withField,553,SURVIVED,none
Partial.java,org.joda.time.Partial,org.pitest.mutationtest.engine.gregor.mutators.RemoveConditionalMutator_EQUAL_ELSE,withField,548,KILLED,org.joda.time.Partial_ESTest.test28
Partial.java,org.joda.time.Partial,org.pitest.mutationtest.engine.gregor.mutators.RemoveConditionalMutator_EQUAL_IF,withField,548,KILLED,org.joda.time.Partial_ESTest.test29
Partial.java,org.joda.time.Partial,org.pitest.mutationtest.engine.gregor.mutators.ReturnValsMutator,withField,549,KILLED,org.joda.time.Partial_ESTest.test28
Partial.java,org.joda.time.Partial,org.pitest.mutationtest.engine.gregor.mutators.ReturnValsMutator,withField,553,SURVIVED,none
Partial.java,org.joda.time.Partial,org.pitest.mutationtest.engine.gregor.mutators.ArgumentPropagationMutator,withFieldAddWrapped,600,KILLED,org.joda.time.Partial_ESTest.test25
Partial.java,org.joda.time.Partial,org.pitest.mutationtest.engine.gregor.mutators.ConstructorCallMutator,withFieldAddWrapped,601,SURVIVED,none
Partial.java,org.joda.time.Partial,org.pitest.mutationtest.engine.gregor.mutators.NegateConditionalsMutator,withFieldAddWrapped,596,KILLED,org.joda.time.Partial_ESTest.test24
Partial.java,org.joda.time.Partial,org.pitest.mutationtest.engine.gregor.mutators.NonVoidMethodCallMutator,withFieldAddWrapped,595,SURVIVED,none
Partial.java,org.joda.time.Partial,org.pitest.mutationtest.engine.gregor.mutators.NonVoidMethodCallMutator,withFieldAddWrapped,599,KILLED,org.joda.time.Partial_ESTest.test25
Partial.java,org.joda.time.Partial,org.pitest.mutationtest.engine.gregor.mutators.NonVoidMethodCallMutator,withFieldAddWrapped,600,SURVIVED,none
Partial.java,org.joda.time.Partial,org.pitest.mutationtest.engine.gregor.mutators.NonVoidMethodCallMutator,withFieldAddWrapped,600,KILLED,org.joda.time.Partial_ESTest.test25
Partial.java,org.joda.time.Partial,org.pitest.mutationtest.engine.gregor.mutators.NullReturnValsMutator,withFieldAddWrapped,597,KILLED,org.joda.time.Partial_ESTest.test24
Partial.java,org.joda.time.Partial,org.pitest.mutationtest.engine.gregor.mutators.NullReturnValsMutator,withFieldAddWrapped,601,SURVIVED,none
Partial.java,org.joda.time.Partial,org.pitest.mutationtest.engine.gregor.mutators.RemoveConditionalMutator_EQUAL_ELSE,withFieldAddWrapped,596,KILLED,org.joda.time.Partial_ESTest.test24
Partial.java,org.joda.time.Partial,org.pitest.mutationtest.engine.gregor.mutators.RemoveConditionalMutator_EQUAL_IF,withFieldAddWrapped,596,KILLED,org.joda.time.Partial_ESTest.test25
Partial.java,org.joda.time.Partial,org.pitest.mutationtest.engine.gregor.mutators.ReturnValsMutator,withFieldAddWrapped,597,KILLED,org.joda.time.Partial_ESTest.test24
Partial.java,org.joda.time.Partial,org.pitest.mutationtest.engine.gregor.mutators.ReturnValsMutator,withFieldAddWrapped,601,SURVIVED,none
Partial.java,org.joda.time.Partial,org.pitest.mutationtest.engine.gregor.mutators.ArgumentPropagationMutator,withFieldAdded,576,KILLED,org.joda.time.Partial_ESTest.test27
Partial.java,org.joda.time.Partial,org.pitest.mutationtest.engine.gregor.mutators.ConstructorCallMutator,withFieldAdded,577,SURVIVED,none
Partial.java,org.joda.time.Partial,org.pitest.mutationtest.engine.gregor.mutators.NegateConditionalsMutator,withFieldAdded,572,KILLED,org.joda.time.Partial_ESTest.test26
Partial.java,org.joda.time.Partial,org.pitest.mutationtest.engine.gregor.mutators.NonVoidMethodCallMutator,withFieldAdded,571,SURVIVED,none
Partial.java,org.joda.time.Partial,org.pitest.mutationtest.engine.gregor.mutators.NonVoidMethodCallMutator,withFieldAdded,575,KILLED,org.joda.time.Partial_ESTest.test27
Partial.java,org.joda.time.Partial,org.pitest.mutationtest.engine.gregor.mutators.NonVoidMethodCallMutator,withFieldAdded,576,KILLED,org.joda.time.Partial_ESTest.test27
Partial.java,org.joda.time.Partial,org.pitest.mutationtest.engine.gregor.mutators.NonVoidMethodCallMutator,withFieldAdded,576,KILLED,org.joda.time.Partial_ESTest.test27
Partial.java,org.joda.time.Partial,org.pitest.mutationtest.engine.gregor.mutators.NullReturnValsMutator,withFieldAdded,573,KILLED,org.joda.time.Partial_ESTest.test26
Partial.java,org.joda.time.Partial,org.pitest.mutationtest.engine.gregor.mutators.NullReturnValsMutator,withFieldAdded,577,SURVIVED,none
Partial.java,org.joda.time.Partial,org.pitest.mutationtest.engine.gregor.mutators.RemoveConditionalMutator_EQUAL_ELSE,withFieldAdded,572,KILLED,org.joda.time.Partial_ESTest.test26
Partial.java,org.joda.time.Partial,org.pitest.mutationtest.engine.gregor.mutators.RemoveConditionalMutator_EQUAL_IF,withFieldAdded,572,KILLED,org.joda.time.Partial_ESTest.test27
Partial.java,org.joda.time.Partial,org.pitest.mutationtest.engine.gregor.mutators.ReturnValsMutator,withFieldAdded,573,KILLED,org.joda.time.Partial_ESTest.test26
Partial.java,org.joda.time.Partial,org.pitest.mutationtest.engine.gregor.mutators.ReturnValsMutator,withFieldAdded,577,SURVIVED,none
Partial.java,org.joda.time.Partial,org.pitest.mutationtest.engine.gregor.mutators.ArgumentPropagationMutator,withPeriodAdded,629,KILLED,org.joda.time.Partial_ESTest.test21
Partial.java,org.joda.time.Partial,org.pitest.mutationtest.engine.gregor.mutators.ArgumentPropagationMutator,withPeriodAdded,629,KILLED,org.joda.time.Partial_ESTest.test02
Partial.java,org.joda.time.Partial,org.pitest.mutationtest.engine.gregor.mutators.ArgumentPropagationMutator,withPeriodAdded,628,KILLED,org.joda.time.Partial_ESTest.test21
Partial.java,org.joda.time.Partial,org.pitest.mutationtest.engine.gregor.mutators.ConditionalsBoundaryMutator,withPeriodAdded,624,KILLED,org.joda.time.Partial_ESTest.test22
Partial.java,org.joda.time.Partial,org.pitest.mutationtest.engine.gregor.mutators.ConditionalsBoundaryMutator,withPeriodAdded,627,KILLED,org.joda.time.Partial_ESTest.test21
Partial.java,org.joda.time.Partial,org.pitest.mutationtest.engine.gregor.mutators.ConstructorCallMutator,withPeriodAdded,632,KILLED,org.joda.time.Partial_ESTest.test21
Partial.java,org.joda.time.Partial,org.pitest.mutationtest.engine.gregor.mutators.IncrementsMutator,withPeriodAdded,624,KILLED,org.joda.time.Partial_ESTest.test22
Partial.java,org.joda.time.Partial,org.pitest.mutationtest.engine.gregor.mutators.InlineConstantMutator,withPeriodAdded,624,KILLED,org.joda.time.Partial_ESTest.test21
Partial.java,org.joda.time.Partial,org.pitest.mutationtest.engine.gregor.mutators.NegateConditionalsMutator,withPeriodAdded,620,KILLED,org.joda.time.Partial_ESTest.test22
Partial.java,org.joda.time.Partial,org.pitest.mutationtest.engine.gregor.mutators.NegateConditionalsMutator,withPeriodAdded,620,KILLED,org.joda.time.Partial_ESTest.test22
Partial.java,org.joda.time.Partial,org.pitest.mutationtest.engine.gregor.mutators.NegateConditionalsMutator,withPeriodAdded,624,KILLED,org.joda.time.Partial_ESTest.test21
Partial.java,org.joda.time.Partial,org.pitest.mutationtest.engine.gregor.mutators.NegateConditionalsMutator,withPeriodAdded,627,KILLED,org.joda.time.Partial_ESTest.test22
Partial.java,org.joda.time.Partial,org.pitest.mutationtest.engine.gregor.mutators.NonVoidMethodCallMutator,withPeriodAdded,623,KILLED,org.joda.time.Partial_ESTest.test21
Partial.java,org.joda.time.Partial,org.pitest.mutationtest.engine.gregor.mutators.NonVoidMethodCallMutator,withPeriodAdded,624,KILLED,org.joda.time.Partial_ESTest.test21
Partial.java,org.joda.time.Partial,org.pitest.mutationtest.engine.gregor.mutators.NonVoidMethodCallMutator,withPeriodAdded,625,KILLED,org.joda.time.Partial_ESTest.test21
Partial.java,org.joda.time.Partial,org.pitest.mutationtest.engine.gregor.mutators.NonVoidMethodCallMutator,withPeriodAdded,626,KILLED,org.joda.time.Partial_ESTest.test22
Partial.java,org.joda.time.Partial,org.pitest.mutationtest.engine.gregor.mutators.NonVoidMethodCallMutator,withPeriodAdded,628,KILLED,org.joda.time.Partial_ESTest.test21
Partial.java,org.joda.time.Partial,org.pitest.mutationtest.engine.gregor.mutators.NonVoidMethodCallMutator,withPeriodAdded,629,KILLED,org.joda.time.Partial_ESTest.test21
Partial.java,org.joda.time.Partial,org.pitest.mutationtest.engine.gregor.mutators.NonVoidMethodCallMutator,withPeriodAdded,629,KILLED,org.joda.time.Partial_ESTest.test21
Partial.java,org.joda.time.Partial,org.pitest.mutationtest.engine.gregor.mutators.NonVoidMethodCallMutator,withPeriodAdded,628,KILLED,org.joda.time.Partial_ESTest.test21
Partial.java,org.joda.time.Partial,org.pitest.mutationtest.engine.gregor.mutators.NullReturnValsMutator,withPeriodAdded,621,KILLED,org.joda.time.Partial_ESTest.test23
Partial.java,org.joda.time.Partial,org.pitest.mutationtest.engine.gregor.mutators.NullReturnValsMutator,withPeriodAdded,632,KILLED,org.joda.time.Partial_ESTest.test21
Partial.java,org.joda.time.Partial,org.pitest.mutationtest.engine.gregor.mutators.RemoveConditionalMutator_EQUAL_ELSE,withPeriodAdded,620,KILLED,org.joda.time.Partial_ESTest.test22
Partial.java,org.joda.time.Partial,org.pitest.mutationtest.engine.gregor.mutators.RemoveConditionalMutator_EQUAL_ELSE,withPeriodAdded,620,KILLED,org.joda.time.Partial_ESTest.test23
Partial.java,org.joda.time.Partial,org.pitest.mutationtest.engine.gregor.mutators.RemoveConditionalMutator_EQUAL_IF,withPeriodAdded,620,KILLED,org.joda.time.Partial_ESTest.test04
Partial.java,org.joda.time.Partial,org.pitest.mutationtest.engine.gregor.mutators.RemoveConditionalMutator_EQUAL_IF,withPeriodAdded,620,KILLED,org.joda.time.Partial_ESTest.test22
Partial.java,org.joda.time.Partial,org.pitest.mutationtest.engine.gregor.mutators.RemoveConditionalMutator_ORDER_ELSE,withPeriodAdded,624,KILLED,org.joda.time.Partial_ESTest.test21
Partial.java,org.joda.time.Partial,org.pitest.mutationtest.engine.gregor.mutators.RemoveConditionalMutator_ORDER_ELSE,withPeriodAdded,627,KILLED,org.joda.time.Partial_ESTest.test21
Partial.java,org.joda.time.Partial,org.pitest.mutationtest.engine.gregor.mutators.RemoveConditionalMutator_ORDER_IF,withPeriodAdded,624,KILLED,org.joda.time.Partial_ESTest.test22
Partial.java,org.joda.time.Partial,org.pitest.mutationtest.engine.gregor.mutators.RemoveConditionalMutator_ORDER_IF,withPeriodAdded,627,KILLED,org.joda.time.Partial_ESTest.test22
Partial.java,org.joda.time.Partial,org.pitest.mutationtest.engine.gregor.mutators.ReturnValsMutator,withPeriodAdded,621,KILLED,org.joda.time.Partial_ESTest.test23
Partial.java,org.joda.time.Partial,org.pitest.mutationtest.engine.gregor.mutators.ReturnValsMutator,withPeriodAdded,632,KILLED,org.joda.time.Partial_ESTest.test21
Partial.java,org.joda.time.Partial,org.pitest.mutationtest.engine.gregor.mutators.ConstructorCallMutator,without,524,SURVIVED,none
Partial.java,org.joda.time.Partial,org.pitest.mutationtest.engine.gregor.mutators.InlineConstantMutator,without,517,KILLED,org.joda.time.Partial_ESTest.test30
Partial.java,org.joda.time.Partial,org.pitest.mutationtest.engine.gregor.mutators.InlineConstantMutator,without,518,KILLED,org.joda.time.Partial_ESTest.test30
Partial.java,org.joda.time.Partial,org.pitest.mutationtest.engine.gregor.mutators.InlineConstantMutator,without,519,SURVIVED,none
Partial.java,org.joda.time.Partial,org.pitest.mutationtest.engine.gregor.mutators.InlineConstantMutator,without,520,SURVIVED,none
Partial.java,org.joda.time.Partial,org.pitest.mutationtest.engine.gregor.mutators.InlineConstantMutator,without,520,SURVIVED,none
Partial.java,org.joda.time.Partial,org.pitest.mutationtest.engine.gregor.mutators.InlineConstantMutator,without,521,SURVIVED,none
Partial.java,org.joda.time.Partial,org.pitest.mutationtest.engine.gregor.mutators.InlineConstantMutator,without,522,SURVIVED,none
Partial.java,org.joda.time.Partial,org.pitest.mutationtest.engine.gregor.mutators.InlineConstantMutator,without,522,SURVIVED,none
Partial.java,org.joda.time.Partial,org.pitest.mutationtest.engine.gregor.mutators.InlineConstantMutator,without,523,SURVIVED,none
Partial.java,org.joda.time.Partial,org.pitest.mutationtest.engine.gregor.mutators.MathMutator,without,518,KILLED,org.joda.time.Partial_ESTest.test30
Partial.java,org.joda.time.Partial,org.pitest.mutationtest.engine.gregor.mutators.MathMutator,without,519,SURVIVED,none
Partial.java,org.joda.time.Partial,org.pitest.mutationtest.engine.gregor.mutators.MathMutator,without,521,KILLED,org.joda.time.Partial_ESTest.test30
Partial.java,org.joda.time.Partial,org.pitest.mutationtest.engine.gregor.mutators.MathMutator,without,521,SURVIVED,none
Partial.java,org.joda.time.Partial,org.pitest.mutationtest.engine.gregor.mutators.MathMutator,without,523,SURVIVED,none
Partial.java,org.joda.time.Partial,org.pitest.mutationtest.engine.gregor.mutators.MathMutator,without,523,SURVIVED,none
Partial.java,org.joda.time.Partial,org.pitest.mutationtest.engine.gregor.mutators.NegateConditionalsMutator,without,517,KILLED,org.joda.time.Partial_ESTest.test30
Partial.java,org.joda.time.Partial,org.pitest.mutationtest.engine.gregor.mutators.NonVoidMethodCallMutator,without,516,KILLED,org.joda.time.Partial_ESTest.test31
Partial.java,org.joda.time.Partial,org.pitest.mutationtest.engine.gregor.mutators.NonVoidMethodCallMutator,without,518,KILLED,org.joda.time.Partial_ESTest.test30
Partial.java,org.joda.time.Partial,org.pitest.mutationtest.engine.gregor.mutators.NonVoidMethodCallMutator,without,519,KILLED,org.joda.time.Partial_ESTest.test30
Partial.java,org.joda.time.Partial,org.pitest.mutationtest.engine.gregor.mutators.NullReturnValsMutator,without,526,SURVIVED,none
Partial.java,org.joda.time.Partial,org.pitest.mutationtest.engine.gregor.mutators.NullReturnValsMutator,without,528,KILLED,org.joda.time.Partial_ESTest.test31
Partial.java,org.joda.time.Partial,org.pitest.mutationtest.engine.gregor.mutators.RemoveConditionalMutator_EQUAL_ELSE,without,517,KILLED,org.joda.time.Partial_ESTest.test30
Partial.java,org.joda.time.Partial,org.pitest.mutationtest.engine.gregor.mutators.RemoveConditionalMutator_EQUAL_IF,without,517,KILLED,org.joda.time.Partial_ESTest.test31
Partial.java,org.joda.time.Partial,org.pitest.mutationtest.engine.gregor.mutators.ReturnValsMutator,without,526,SURVIVED,none
Partial.java,org.joda.time.Partial,org.pitest.mutationtest.engine.gregor.mutators.ReturnValsMutator,without,528,KILLED,org.joda.time.Partial_ESTest.test31
Partial.java,org.joda.time.Partial,org.pitest.mutationtest.engine.gregor.mutators.VoidMethodCallMutator,without,520,SURVIVED,none
Partial.java,org.joda.time.Partial,org.pitest.mutationtest.engine.gregor.mutators.VoidMethodCallMutator,without,521,SURVIVED,none
Partial.java,org.joda.time.Partial,org.pitest.mutationtest.engine.gregor.mutators.VoidMethodCallMutator,without,522,SURVIVED,none
Partial.java,org.joda.time.Partial,org.pitest.mutationtest.engine.gregor.mutators.VoidMethodCallMutator,without,523,SURVIVED,none
Partial.java,org.joda.time.Partial,org.pitest.mutationtest.engine.gregor.mutators.VoidMethodCallMutator,without,525,SURVIVED,none
