JCLO.java,edu.mscd.cs.jclo.JCLO,org.pitest.mutationtest.engine.gregor.mutators.ConditionalsBoundaryMutator,<init>,71,KILLED,edu.mscd.cs.jclo.JCLO_ESTest.test14
JCLO.java,edu.mscd.cs.jclo.JCLO,org.pitest.mutationtest.engine.gregor.mutators.InlineConstantMutator,<init>,71,KILLED,edu.mscd.cs.jclo.JCLO_ESTest.test10
JCLO.java,edu.mscd.cs.jclo.JCLO,org.pitest.mutationtest.engine.gregor.mutators.InlineConstantMutator,<init>,73,KILLED,edu.mscd.cs.jclo.JCLO_ESTest.test10
JCLO.java,edu.mscd.cs.jclo.JCLO,org.pitest.mutationtest.engine.gregor.mutators.NegateConditionalsMutator,<init>,71,KILLED,edu.mscd.cs.jclo.JCLO_ESTest.test10
JCLO.java,edu.mscd.cs.jclo.JCLO,org.pitest.mutationtest.engine.gregor.mutators.NonVoidMethodCallMutator,<init>,69,KILLED,edu.mscd.cs.jclo.JCLO_ESTest.test14
JCLO.java,edu.mscd.cs.jclo.JCLO,org.pitest.mutationtest.engine.gregor.mutators.NonVoidMethodCallMutator,<init>,69,KILLED,edu.mscd.cs.jclo.JCLO_ESTest.test14
JCLO.java,edu.mscd.cs.jclo.JCLO,org.pitest.mutationtest.engine.gregor.mutators.RemoveConditionalMutator_ORDER_ELSE,<init>,71,KILLED,edu.mscd.cs.jclo.JCLO_ESTest.test10
JCLO.java,edu.mscd.cs.jclo.JCLO,org.pitest.mutationtest.engine.gregor.mutators.RemoveConditionalMutator_ORDER_IF,<init>,71,KILLED,edu.mscd.cs.jclo.JCLO_ESTest.test14
JCLO.java,edu.mscd.cs.jclo.JCLO,org.pitest.mutationtest.engine.gregor.mutators.VoidMethodCallMutator,<init>,73,KILLED,edu.mscd.cs.jclo.JCLO_ESTest.test10
JCLO.java,edu.mscd.cs.jclo.JCLO,org.pitest.mutationtest.engine.gregor.mutators.experimental.MemberVariableMutator,<init>,30,KILLED,edu.mscd.cs.jclo.JCLO_ESTest.test11
JCLO.java,edu.mscd.cs.jclo.JCLO,org.pitest.mutationtest.engine.gregor.mutators.experimental.MemberVariableMutator,<init>,65,KILLED,edu.mscd.cs.jclo.JCLO_ESTest.test10
JCLO.java,edu.mscd.cs.jclo.JCLO,org.pitest.mutationtest.engine.gregor.mutators.experimental.MemberVariableMutator,<init>,66,KILLED,edu.mscd.cs.jclo.JCLO_ESTest.test09
JCLO.java,edu.mscd.cs.jclo.JCLO,org.pitest.mutationtest.engine.gregor.mutators.experimental.MemberVariableMutator,<init>,67,KILLED,edu.mscd.cs.jclo.JCLO_ESTest.test05
JCLO.java,edu.mscd.cs.jclo.JCLO,org.pitest.mutationtest.engine.gregor.mutators.experimental.MemberVariableMutator,<init>,69,KILLED,edu.mscd.cs.jclo.JCLO_ESTest.test14
JCLO.java,edu.mscd.cs.jclo.JCLO,org.pitest.mutationtest.engine.gregor.mutators.ArgumentPropagationMutator,addToArray,311,NO_COVERAGE,none
JCLO.java,edu.mscd.cs.jclo.JCLO,org.pitest.mutationtest.engine.gregor.mutators.ConditionalsBoundaryMutator,addToArray,309,NO_COVERAGE,none
JCLO.java,edu.mscd.cs.jclo.JCLO,org.pitest.mutationtest.engine.gregor.mutators.IncrementsMutator,addToArray,309,NO_COVERAGE,none
JCLO.java,edu.mscd.cs.jclo.JCLO,org.pitest.mutationtest.engine.gregor.mutators.InlineConstantMutator,addToArray,299,NO_COVERAGE,none
JCLO.java,edu.mscd.cs.jclo.JCLO,org.pitest.mutationtest.engine.gregor.mutators.InlineConstantMutator,addToArray,300,NO_COVERAGE,none
JCLO.java,edu.mscd.cs.jclo.JCLO,org.pitest.mutationtest.engine.gregor.mutators.InlineConstantMutator,addToArray,306,NO_COVERAGE,none
JCLO.java,edu.mscd.cs.jclo.JCLO,org.pitest.mutationtest.engine.gregor.mutators.InlineConstantMutator,addToArray,309,NO_COVERAGE,none
JCLO.java,edu.mscd.cs.jclo.JCLO,org.pitest.mutationtest.engine.gregor.mutators.MathMutator,addToArray,306,NO_COVERAGE,none
JCLO.java,edu.mscd.cs.jclo.JCLO,org.pitest.mutationtest.engine.gregor.mutators.NegateConditionalsMutator,addToArray,297,NO_COVERAGE,none
JCLO.java,edu.mscd.cs.jclo.JCLO,org.pitest.mutationtest.engine.gregor.mutators.NegateConditionalsMutator,addToArray,309,NO_COVERAGE,none
JCLO.java,edu.mscd.cs.jclo.JCLO,org.pitest.mutationtest.engine.gregor.mutators.NonVoidMethodCallMutator,addToArray,294,NO_COVERAGE,none
JCLO.java,edu.mscd.cs.jclo.JCLO,org.pitest.mutationtest.engine.gregor.mutators.NonVoidMethodCallMutator,addToArray,295,NO_COVERAGE,none
JCLO.java,edu.mscd.cs.jclo.JCLO,org.pitest.mutationtest.engine.gregor.mutators.NonVoidMethodCallMutator,addToArray,295,NO_COVERAGE,none
JCLO.java,edu.mscd.cs.jclo.JCLO,org.pitest.mutationtest.engine.gregor.mutators.NonVoidMethodCallMutator,addToArray,299,NO_COVERAGE,none
JCLO.java,edu.mscd.cs.jclo.JCLO,org.pitest.mutationtest.engine.gregor.mutators.NonVoidMethodCallMutator,addToArray,304,NO_COVERAGE,none
JCLO.java,edu.mscd.cs.jclo.JCLO,org.pitest.mutationtest.engine.gregor.mutators.NonVoidMethodCallMutator,addToArray,306,NO_COVERAGE,none
JCLO.java,edu.mscd.cs.jclo.JCLO,org.pitest.mutationtest.engine.gregor.mutators.NonVoidMethodCallMutator,addToArray,311,NO_COVERAGE,none
JCLO.java,edu.mscd.cs.jclo.JCLO,org.pitest.mutationtest.engine.gregor.mutators.NullReturnValsMutator,addToArray,317,NO_COVERAGE,none
JCLO.java,edu.mscd.cs.jclo.JCLO,org.pitest.mutationtest.engine.gregor.mutators.RemoveConditionalMutator_EQUAL_ELSE,addToArray,297,NO_COVERAGE,none
JCLO.java,edu.mscd.cs.jclo.JCLO,org.pitest.mutationtest.engine.gregor.mutators.RemoveConditionalMutator_EQUAL_IF,addToArray,297,NO_COVERAGE,none
JCLO.java,edu.mscd.cs.jclo.JCLO,org.pitest.mutationtest.engine.gregor.mutators.RemoveConditionalMutator_ORDER_ELSE,addToArray,309,NO_COVERAGE,none
JCLO.java,edu.mscd.cs.jclo.JCLO,org.pitest.mutationtest.engine.gregor.mutators.RemoveConditionalMutator_ORDER_IF,addToArray,309,NO_COVERAGE,none
JCLO.java,edu.mscd.cs.jclo.JCLO,org.pitest.mutationtest.engine.gregor.mutators.ReturnValsMutator,addToArray,317,NO_COVERAGE,none
JCLO.java,edu.mscd.cs.jclo.JCLO,org.pitest.mutationtest.engine.gregor.mutators.VoidMethodCallMutator,addToArray,300,NO_COVERAGE,none
JCLO.java,edu.mscd.cs.jclo.JCLO,org.pitest.mutationtest.engine.gregor.mutators.VoidMethodCallMutator,addToArray,311,NO_COVERAGE,none
JCLO.java,edu.mscd.cs.jclo.JCLO,org.pitest.mutationtest.engine.gregor.mutators.VoidMethodCallMutator,addToArray,314,NO_COVERAGE,none
JCLO.java,edu.mscd.cs.jclo.JCLO,org.pitest.mutationtest.engine.gregor.mutators.experimental.NakedReceiverMutator,addToArray,295,NO_COVERAGE,none
JCLO.java,edu.mscd.cs.jclo.JCLO,org.pitest.mutationtest.engine.gregor.mutators.ArgumentPropagationMutator,getArrayType,155,KILLED,edu.mscd.cs.jclo.JCLO_ESTest.test13
JCLO.java,edu.mscd.cs.jclo.JCLO,org.pitest.mutationtest.engine.gregor.mutators.EmptyObjectReturnValsMutator,getArrayType,155,KILLED,edu.mscd.cs.jclo.JCLO_ESTest.test13
JCLO.java,edu.mscd.cs.jclo.JCLO,org.pitest.mutationtest.engine.gregor.mutators.NonVoidMethodCallMutator,getArrayType,155,KILLED,edu.mscd.cs.jclo.JCLO_ESTest.test10
JCLO.java,edu.mscd.cs.jclo.JCLO,org.pitest.mutationtest.engine.gregor.mutators.NonVoidMethodCallMutator,getArrayType,155,KILLED,edu.mscd.cs.jclo.JCLO_ESTest.test10
JCLO.java,edu.mscd.cs.jclo.JCLO,org.pitest.mutationtest.engine.gregor.mutators.NonVoidMethodCallMutator,getArrayType,155,KILLED,edu.mscd.cs.jclo.JCLO_ESTest.test13
JCLO.java,edu.mscd.cs.jclo.JCLO,org.pitest.mutationtest.engine.gregor.mutators.ReturnValsMutator,getArrayType,155,KILLED,edu.mscd.cs.jclo.JCLO_ESTest.test13
JCLO.java,edu.mscd.cs.jclo.JCLO,org.pitest.mutationtest.engine.gregor.mutators.experimental.NakedReceiverMutator,getArrayType,155,KILLED,edu.mscd.cs.jclo.JCLO_ESTest.test13
JCLO.java,edu.mscd.cs.jclo.JCLO,org.pitest.mutationtest.engine.gregor.mutators.experimental.NakedReceiverMutator,getArrayType,155,KILLED,edu.mscd.cs.jclo.JCLO_ESTest.test13
JCLO.java,edu.mscd.cs.jclo.JCLO,org.pitest.mutationtest.engine.gregor.mutators.BooleanFalseReturnValsMutator,getBoolean,463,SURVIVED,none
JCLO.java,edu.mscd.cs.jclo.JCLO,org.pitest.mutationtest.engine.gregor.mutators.BooleanTrueReturnValsMutator,getBoolean,463,SURVIVED,none
JCLO.java,edu.mscd.cs.jclo.JCLO,org.pitest.mutationtest.engine.gregor.mutators.NonVoidMethodCallMutator,getBoolean,463,SURVIVED,none
JCLO.java,edu.mscd.cs.jclo.JCLO,org.pitest.mutationtest.engine.gregor.mutators.NonVoidMethodCallMutator,getBoolean,463,KILLED,edu.mscd.cs.jclo.JCLO_ESTest.test23
JCLO.java,edu.mscd.cs.jclo.JCLO,org.pitest.mutationtest.engine.gregor.mutators.ReturnValsMutator,getBoolean,463,SURVIVED,none
JCLO.java,edu.mscd.cs.jclo.JCLO,org.pitest.mutationtest.engine.gregor.mutators.ArgumentPropagationMutator,getBooleanValue,351,NO_COVERAGE,none
JCLO.java,edu.mscd.cs.jclo.JCLO,org.pitest.mutationtest.engine.gregor.mutators.EmptyObjectReturnValsMutator,getBooleanValue,354,NO_COVERAGE,none
JCLO.java,edu.mscd.cs.jclo.JCLO,org.pitest.mutationtest.engine.gregor.mutators.EmptyObjectReturnValsMutator,getBooleanValue,356,NO_COVERAGE,none
JCLO.java,edu.mscd.cs.jclo.JCLO,org.pitest.mutationtest.engine.gregor.mutators.EmptyObjectReturnValsMutator,getBooleanValue,360,NO_COVERAGE,none
JCLO.java,edu.mscd.cs.jclo.JCLO,org.pitest.mutationtest.engine.gregor.mutators.NegateConditionalsMutator,getBooleanValue,349,NO_COVERAGE,none
JCLO.java,edu.mscd.cs.jclo.JCLO,org.pitest.mutationtest.engine.gregor.mutators.NegateConditionalsMutator,getBooleanValue,353,NO_COVERAGE,none
JCLO.java,edu.mscd.cs.jclo.JCLO,org.pitest.mutationtest.engine.gregor.mutators.NegateConditionalsMutator,getBooleanValue,353,NO_COVERAGE,none
JCLO.java,edu.mscd.cs.jclo.JCLO,org.pitest.mutationtest.engine.gregor.mutators.NonVoidMethodCallMutator,getBooleanValue,351,NO_COVERAGE,none
JCLO.java,edu.mscd.cs.jclo.JCLO,org.pitest.mutationtest.engine.gregor.mutators.NonVoidMethodCallMutator,getBooleanValue,353,NO_COVERAGE,none
JCLO.java,edu.mscd.cs.jclo.JCLO,org.pitest.mutationtest.engine.gregor.mutators.NonVoidMethodCallMutator,getBooleanValue,353,NO_COVERAGE,none
JCLO.java,edu.mscd.cs.jclo.JCLO,org.pitest.mutationtest.engine.gregor.mutators.RemoveConditionalMutator_EQUAL_ELSE,getBooleanValue,349,NO_COVERAGE,none
JCLO.java,edu.mscd.cs.jclo.JCLO,org.pitest.mutationtest.engine.gregor.mutators.RemoveConditionalMutator_EQUAL_ELSE,getBooleanValue,353,NO_COVERAGE,none
JCLO.java,edu.mscd.cs.jclo.JCLO,org.pitest.mutationtest.engine.gregor.mutators.RemoveConditionalMutator_EQUAL_ELSE,getBooleanValue,353,NO_COVERAGE,none
JCLO.java,edu.mscd.cs.jclo.JCLO,org.pitest.mutationtest.engine.gregor.mutators.RemoveConditionalMutator_EQUAL_IF,getBooleanValue,349,NO_COVERAGE,none
JCLO.java,edu.mscd.cs.jclo.JCLO,org.pitest.mutationtest.engine.gregor.mutators.RemoveConditionalMutator_EQUAL_IF,getBooleanValue,353,NO_COVERAGE,none
JCLO.java,edu.mscd.cs.jclo.JCLO,org.pitest.mutationtest.engine.gregor.mutators.RemoveConditionalMutator_EQUAL_IF,getBooleanValue,353,NO_COVERAGE,none
JCLO.java,edu.mscd.cs.jclo.JCLO,org.pitest.mutationtest.engine.gregor.mutators.ReturnValsMutator,getBooleanValue,354,NO_COVERAGE,none
JCLO.java,edu.mscd.cs.jclo.JCLO,org.pitest.mutationtest.engine.gregor.mutators.ReturnValsMutator,getBooleanValue,356,NO_COVERAGE,none
JCLO.java,edu.mscd.cs.jclo.JCLO,org.pitest.mutationtest.engine.gregor.mutators.ReturnValsMutator,getBooleanValue,360,NO_COVERAGE,none
JCLO.java,edu.mscd.cs.jclo.JCLO,org.pitest.mutationtest.engine.gregor.mutators.experimental.NakedReceiverMutator,getBooleanValue,351,NO_COVERAGE,none
JCLO.java,edu.mscd.cs.jclo.JCLO,org.pitest.mutationtest.engine.gregor.mutators.NonVoidMethodCallMutator,getByte,468,SURVIVED,none
JCLO.java,edu.mscd.cs.jclo.JCLO,org.pitest.mutationtest.engine.gregor.mutators.NonVoidMethodCallMutator,getByte,468,KILLED,edu.mscd.cs.jclo.JCLO_ESTest.test25
JCLO.java,edu.mscd.cs.jclo.JCLO,org.pitest.mutationtest.engine.gregor.mutators.PrimitiveReturnsMutator,getByte,468,SURVIVED,none
JCLO.java,edu.mscd.cs.jclo.JCLO,org.pitest.mutationtest.engine.gregor.mutators.ReturnValsMutator,getByte,468,SURVIVED,none
JCLO.java,edu.mscd.cs.jclo.JCLO,org.pitest.mutationtest.engine.gregor.mutators.NonVoidMethodCallMutator,getBytes,508,SURVIVED,none
JCLO.java,edu.mscd.cs.jclo.JCLO,org.pitest.mutationtest.engine.gregor.mutators.NullReturnValsMutator,getBytes,508,SURVIVED,none
JCLO.java,edu.mscd.cs.jclo.JCLO,org.pitest.mutationtest.engine.gregor.mutators.ReturnValsMutator,getBytes,508,KILLED,edu.mscd.cs.jclo.JCLO_ESTest.test14
JCLO.java,edu.mscd.cs.jclo.JCLO,org.pitest.mutationtest.engine.gregor.mutators.NonVoidMethodCallMutator,getChar,473,KILLED,edu.mscd.cs.jclo.JCLO_ESTest.test29
JCLO.java,edu.mscd.cs.jclo.JCLO,org.pitest.mutationtest.engine.gregor.mutators.NonVoidMethodCallMutator,getChar,473,SURVIVED,none
JCLO.java,edu.mscd.cs.jclo.JCLO,org.pitest.mutationtest.engine.gregor.mutators.PrimitiveReturnsMutator,getChar,473,SURVIVED,none
JCLO.java,edu.mscd.cs.jclo.JCLO,org.pitest.mutationtest.engine.gregor.mutators.ReturnValsMutator,getChar,473,SURVIVED,none
JCLO.java,edu.mscd.cs.jclo.JCLO,org.pitest.mutationtest.engine.gregor.mutators.NonVoidMethodCallMutator,getChars,512,SURVIVED,none
JCLO.java,edu.mscd.cs.jclo.JCLO,org.pitest.mutationtest.engine.gregor.mutators.NullReturnValsMutator,getChars,512,SURVIVED,none
JCLO.java,edu.mscd.cs.jclo.JCLO,org.pitest.mutationtest.engine.gregor.mutators.ReturnValsMutator,getChars,512,KILLED,edu.mscd.cs.jclo.JCLO_ESTest.test24
JCLO.java,edu.mscd.cs.jclo.JCLO,org.pitest.mutationtest.engine.gregor.mutators.NonVoidMethodCallMutator,getDouble,493,SURVIVED,none
JCLO.java,edu.mscd.cs.jclo.JCLO,org.pitest.mutationtest.engine.gregor.mutators.NonVoidMethodCallMutator,getDouble,493,KILLED,edu.mscd.cs.jclo.JCLO_ESTest.test21
JCLO.java,edu.mscd.cs.jclo.JCLO,org.pitest.mutationtest.engine.gregor.mutators.PrimitiveReturnsMutator,getDouble,493,SURVIVED,none
JCLO.java,edu.mscd.cs.jclo.JCLO,org.pitest.mutationtest.engine.gregor.mutators.ReturnValsMutator,getDouble,493,SURVIVED,none
JCLO.java,edu.mscd.cs.jclo.JCLO,org.pitest.mutationtest.engine.gregor.mutators.NonVoidMethodCallMutator,getDoubles,529,SURVIVED,none
JCLO.java,edu.mscd.cs.jclo.JCLO,org.pitest.mutationtest.engine.gregor.mutators.NullReturnValsMutator,getDoubles,529,SURVIVED,none
JCLO.java,edu.mscd.cs.jclo.JCLO,org.pitest.mutationtest.engine.gregor.mutators.ReturnValsMutator,getDoubles,529,KILLED,edu.mscd.cs.jclo.JCLO_ESTest.test22
JCLO.java,edu.mscd.cs.jclo.JCLO,org.pitest.mutationtest.engine.gregor.mutators.ArgumentPropagationMutator,getEqualsValue,399,NO_COVERAGE,none
JCLO.java,edu.mscd.cs.jclo.JCLO,org.pitest.mutationtest.engine.gregor.mutators.ConstructorCallMutator,getEqualsValue,394,NO_COVERAGE,none
JCLO.java,edu.mscd.cs.jclo.JCLO,org.pitest.mutationtest.engine.gregor.mutators.ConstructorCallMutator,getEqualsValue,394,NO_COVERAGE,none
JCLO.java,edu.mscd.cs.jclo.JCLO,org.pitest.mutationtest.engine.gregor.mutators.EmptyObjectReturnValsMutator,getEqualsValue,399,NO_COVERAGE,none
JCLO.java,edu.mscd.cs.jclo.JCLO,org.pitest.mutationtest.engine.gregor.mutators.InlineConstantMutator,getEqualsValue,392,NO_COVERAGE,none
JCLO.java,edu.mscd.cs.jclo.JCLO,org.pitest.mutationtest.engine.gregor.mutators.NegateConditionalsMutator,getEqualsValue,392,NO_COVERAGE,none
JCLO.java,edu.mscd.cs.jclo.JCLO,org.pitest.mutationtest.engine.gregor.mutators.NonVoidMethodCallMutator,getEqualsValue,392,NO_COVERAGE,none
JCLO.java,edu.mscd.cs.jclo.JCLO,org.pitest.mutationtest.engine.gregor.mutators.NonVoidMethodCallMutator,getEqualsValue,394,NO_COVERAGE,none
JCLO.java,edu.mscd.cs.jclo.JCLO,org.pitest.mutationtest.engine.gregor.mutators.NonVoidMethodCallMutator,getEqualsValue,394,NO_COVERAGE,none
JCLO.java,edu.mscd.cs.jclo.JCLO,org.pitest.mutationtest.engine.gregor.mutators.NonVoidMethodCallMutator,getEqualsValue,394,NO_COVERAGE,none
JCLO.java,edu.mscd.cs.jclo.JCLO,org.pitest.mutationtest.engine.gregor.mutators.NonVoidMethodCallMutator,getEqualsValue,394,NO_COVERAGE,none
JCLO.java,edu.mscd.cs.jclo.JCLO,org.pitest.mutationtest.engine.gregor.mutators.NonVoidMethodCallMutator,getEqualsValue,399,NO_COVERAGE,none
JCLO.java,edu.mscd.cs.jclo.JCLO,org.pitest.mutationtest.engine.gregor.mutators.RemoveConditionalMutator_EQUAL_ELSE,getEqualsValue,392,NO_COVERAGE,none
JCLO.java,edu.mscd.cs.jclo.JCLO,org.pitest.mutationtest.engine.gregor.mutators.RemoveConditionalMutator_EQUAL_IF,getEqualsValue,392,NO_COVERAGE,none
JCLO.java,edu.mscd.cs.jclo.JCLO,org.pitest.mutationtest.engine.gregor.mutators.ReturnValsMutator,getEqualsValue,399,NO_COVERAGE,none
JCLO.java,edu.mscd.cs.jclo.JCLO,org.pitest.mutationtest.engine.gregor.mutators.experimental.NakedReceiverMutator,getEqualsValue,394,NO_COVERAGE,none
JCLO.java,edu.mscd.cs.jclo.JCLO,org.pitest.mutationtest.engine.gregor.mutators.experimental.NakedReceiverMutator,getEqualsValue,394,NO_COVERAGE,none
JCLO.java,edu.mscd.cs.jclo.JCLO,org.pitest.mutationtest.engine.gregor.mutators.experimental.NakedReceiverMutator,getEqualsValue,394,NO_COVERAGE,none
JCLO.java,edu.mscd.cs.jclo.JCLO,org.pitest.mutationtest.engine.gregor.mutators.experimental.NakedReceiverMutator,getEqualsValue,399,NO_COVERAGE,none
JCLO.java,edu.mscd.cs.jclo.JCLO,org.pitest.mutationtest.engine.gregor.mutators.ConditionalsBoundaryMutator,getField,105,KILLED,edu.mscd.cs.jclo.JCLO_ESTest.test14
JCLO.java,edu.mscd.cs.jclo.JCLO,org.pitest.mutationtest.engine.gregor.mutators.ConstructorCallMutator,getField,103,KILLED,edu.mscd.cs.jclo.JCLO_ESTest.test12
JCLO.java,edu.mscd.cs.jclo.JCLO,org.pitest.mutationtest.engine.gregor.mutators.InlineConstantMutator,getField,105,KILLED,edu.mscd.cs.jclo.JCLO_ESTest.test01
JCLO.java,edu.mscd.cs.jclo.JCLO,org.pitest.mutationtest.engine.gregor.mutators.NegateConditionalsMutator,getField,102,KILLED,edu.mscd.cs.jclo.JCLO_ESTest.test01
JCLO.java,edu.mscd.cs.jclo.JCLO,org.pitest.mutationtest.engine.gregor.mutators.NegateConditionalsMutator,getField,105,KILLED,edu.mscd.cs.jclo.JCLO_ESTest.test12
JCLO.java,edu.mscd.cs.jclo.JCLO,org.pitest.mutationtest.engine.gregor.mutators.NegateConditionalsMutator,getField,109,KILLED,edu.mscd.cs.jclo.JCLO_ESTest.test14
JCLO.java,edu.mscd.cs.jclo.JCLO,org.pitest.mutationtest.engine.gregor.mutators.NonVoidMethodCallMutator,getField,103,KILLED,edu.mscd.cs.jclo.JCLO_ESTest.test12
JCLO.java,edu.mscd.cs.jclo.JCLO,org.pitest.mutationtest.engine.gregor.mutators.NonVoidMethodCallMutator,getField,103,KILLED,edu.mscd.cs.jclo.JCLO_ESTest.test12
JCLO.java,edu.mscd.cs.jclo.JCLO,org.pitest.mutationtest.engine.gregor.mutators.NonVoidMethodCallMutator,getField,103,SURVIVED,none
JCLO.java,edu.mscd.cs.jclo.JCLO,org.pitest.mutationtest.engine.gregor.mutators.NonVoidMethodCallMutator,getField,107,KILLED,edu.mscd.cs.jclo.JCLO_ESTest.test14
JCLO.java,edu.mscd.cs.jclo.JCLO,org.pitest.mutationtest.engine.gregor.mutators.NonVoidMethodCallMutator,getField,109,KILLED,edu.mscd.cs.jclo.JCLO_ESTest.test01
JCLO.java,edu.mscd.cs.jclo.JCLO,org.pitest.mutationtest.engine.gregor.mutators.NullReturnValsMutator,getField,110,KILLED,edu.mscd.cs.jclo.JCLO_ESTest.test01
JCLO.java,edu.mscd.cs.jclo.JCLO,org.pitest.mutationtest.engine.gregor.mutators.RemoveConditionalMutator_EQUAL_ELSE,getField,102,SURVIVED,none
JCLO.java,edu.mscd.cs.jclo.JCLO,org.pitest.mutationtest.engine.gregor.mutators.RemoveConditionalMutator_EQUAL_ELSE,getField,109,KILLED,edu.mscd.cs.jclo.JCLO_ESTest.test01
JCLO.java,edu.mscd.cs.jclo.JCLO,org.pitest.mutationtest.engine.gregor.mutators.RemoveConditionalMutator_EQUAL_IF,getField,102,KILLED,edu.mscd.cs.jclo.JCLO_ESTest.test01
JCLO.java,edu.mscd.cs.jclo.JCLO,org.pitest.mutationtest.engine.gregor.mutators.RemoveConditionalMutator_EQUAL_IF,getField,109,KILLED,edu.mscd.cs.jclo.JCLO_ESTest.test14
JCLO.java,edu.mscd.cs.jclo.JCLO,org.pitest.mutationtest.engine.gregor.mutators.RemoveConditionalMutator_ORDER_ELSE,getField,105,KILLED,edu.mscd.cs.jclo.JCLO_ESTest.test01
JCLO.java,edu.mscd.cs.jclo.JCLO,org.pitest.mutationtest.engine.gregor.mutators.RemoveConditionalMutator_ORDER_IF,getField,105,KILLED,edu.mscd.cs.jclo.JCLO_ESTest.test14
JCLO.java,edu.mscd.cs.jclo.JCLO,org.pitest.mutationtest.engine.gregor.mutators.ReturnValsMutator,getField,110,KILLED,edu.mscd.cs.jclo.JCLO_ESTest.test01
JCLO.java,edu.mscd.cs.jclo.JCLO,org.pitest.mutationtest.engine.gregor.mutators.ReturnValsMutator,getField,113,KILLED,edu.mscd.cs.jclo.JCLO_ESTest.test14
JCLO.java,edu.mscd.cs.jclo.JCLO,org.pitest.mutationtest.engine.gregor.mutators.experimental.NakedReceiverMutator,getField,103,SURVIVED,none
JCLO.java,edu.mscd.cs.jclo.JCLO,org.pitest.mutationtest.engine.gregor.mutators.experimental.NakedReceiverMutator,getField,103,SURVIVED,none
JCLO.java,edu.mscd.cs.jclo.JCLO,org.pitest.mutationtest.engine.gregor.mutators.NonVoidMethodCallMutator,getFloat,488,SURVIVED,none
JCLO.java,edu.mscd.cs.jclo.JCLO,org.pitest.mutationtest.engine.gregor.mutators.NonVoidMethodCallMutator,getFloat,488,KILLED,edu.mscd.cs.jclo.JCLO_ESTest.test20
JCLO.java,edu.mscd.cs.jclo.JCLO,org.pitest.mutationtest.engine.gregor.mutators.PrimitiveReturnsMutator,getFloat,488,SURVIVED,none
JCLO.java,edu.mscd.cs.jclo.JCLO,org.pitest.mutationtest.engine.gregor.mutators.ReturnValsMutator,getFloat,488,SURVIVED,none
JCLO.java,edu.mscd.cs.jclo.JCLO,org.pitest.mutationtest.engine.gregor.mutators.NonVoidMethodCallMutator,getFloats,524,SURVIVED,none
JCLO.java,edu.mscd.cs.jclo.JCLO,org.pitest.mutationtest.engine.gregor.mutators.NullReturnValsMutator,getFloats,524,SURVIVED,none
JCLO.java,edu.mscd.cs.jclo.JCLO,org.pitest.mutationtest.engine.gregor.mutators.ReturnValsMutator,getFloats,524,KILLED,edu.mscd.cs.jclo.JCLO_ESTest.test17
JCLO.java,edu.mscd.cs.jclo.JCLO,org.pitest.mutationtest.engine.gregor.mutators.NonVoidMethodCallMutator,getInt,483,SURVIVED,none
JCLO.java,edu.mscd.cs.jclo.JCLO,org.pitest.mutationtest.engine.gregor.mutators.NonVoidMethodCallMutator,getInt,483,KILLED,edu.mscd.cs.jclo.JCLO_ESTest.test27
JCLO.java,edu.mscd.cs.jclo.JCLO,org.pitest.mutationtest.engine.gregor.mutators.PrimitiveReturnsMutator,getInt,483,SURVIVED,none
JCLO.java,edu.mscd.cs.jclo.JCLO,org.pitest.mutationtest.engine.gregor.mutators.ReturnValsMutator,getInt,483,SURVIVED,none
JCLO.java,edu.mscd.cs.jclo.JCLO,org.pitest.mutationtest.engine.gregor.mutators.NonVoidMethodCallMutator,getInts,520,SURVIVED,none
JCLO.java,edu.mscd.cs.jclo.JCLO,org.pitest.mutationtest.engine.gregor.mutators.NullReturnValsMutator,getInts,520,SURVIVED,none
JCLO.java,edu.mscd.cs.jclo.JCLO,org.pitest.mutationtest.engine.gregor.mutators.ReturnValsMutator,getInts,520,KILLED,edu.mscd.cs.jclo.JCLO_ESTest.test30
JCLO.java,edu.mscd.cs.jclo.JCLO,org.pitest.mutationtest.engine.gregor.mutators.ArgumentPropagationMutator,getKey,323,KILLED,edu.mscd.cs.jclo.JCLO_ESTest.test07
JCLO.java,edu.mscd.cs.jclo.JCLO,org.pitest.mutationtest.engine.gregor.mutators.ArgumentPropagationMutator,getKey,331,SURVIVED,none
JCLO.java,edu.mscd.cs.jclo.JCLO,org.pitest.mutationtest.engine.gregor.mutators.ArgumentPropagationMutator,getKey,332,SURVIVED,none
JCLO.java,edu.mscd.cs.jclo.JCLO,org.pitest.mutationtest.engine.gregor.mutators.ArgumentPropagationMutator,getKey,333,SURVIVED,none
JCLO.java,edu.mscd.cs.jclo.JCLO,org.pitest.mutationtest.engine.gregor.mutators.ConditionalsBoundaryMutator,getKey,337,KILLED,edu.mscd.cs.jclo.JCLO_ESTest.test12
JCLO.java,edu.mscd.cs.jclo.JCLO,org.pitest.mutationtest.engine.gregor.mutators.EmptyObjectReturnValsMutator,getKey,344,SURVIVED,none
JCLO.java,edu.mscd.cs.jclo.JCLO,org.pitest.mutationtest.engine.gregor.mutators.InlineConstantMutator,getKey,326,NO_COVERAGE,none
JCLO.java,edu.mscd.cs.jclo.JCLO,org.pitest.mutationtest.engine.gregor.mutators.InlineConstantMutator,getKey,328,SURVIVED,none
JCLO.java,edu.mscd.cs.jclo.JCLO,org.pitest.mutationtest.engine.gregor.mutators.InlineConstantMutator,getKey,337,SURVIVED,none
JCLO.java,edu.mscd.cs.jclo.JCLO,org.pitest.mutationtest.engine.gregor.mutators.InlineConstantMutator,getKey,339,KILLED,edu.mscd.cs.jclo.JCLO_ESTest.test05
JCLO.java,edu.mscd.cs.jclo.JCLO,org.pitest.mutationtest.engine.gregor.mutators.InlineConstantMutator,getKey,340,NO_COVERAGE,none
JCLO.java,edu.mscd.cs.jclo.JCLO,org.pitest.mutationtest.engine.gregor.mutators.NegateConditionalsMutator,getKey,322,SURVIVED,none
JCLO.java,edu.mscd.cs.jclo.JCLO,org.pitest.mutationtest.engine.gregor.mutators.NegateConditionalsMutator,getKey,325,SURVIVED,none
JCLO.java,edu.mscd.cs.jclo.JCLO,org.pitest.mutationtest.engine.gregor.mutators.NegateConditionalsMutator,getKey,335,KILLED,edu.mscd.cs.jclo.JCLO_ESTest.test05
JCLO.java,edu.mscd.cs.jclo.JCLO,org.pitest.mutationtest.engine.gregor.mutators.NegateConditionalsMutator,getKey,337,KILLED,edu.mscd.cs.jclo.JCLO_ESTest.test05
JCLO.java,edu.mscd.cs.jclo.JCLO,org.pitest.mutationtest.engine.gregor.mutators.NegateConditionalsMutator,getKey,339,KILLED,edu.mscd.cs.jclo.JCLO_ESTest.test05
JCLO.java,edu.mscd.cs.jclo.JCLO,org.pitest.mutationtest.engine.gregor.mutators.NonVoidMethodCallMutator,getKey,323,KILLED,edu.mscd.cs.jclo.JCLO_ESTest.test07
JCLO.java,edu.mscd.cs.jclo.JCLO,org.pitest.mutationtest.engine.gregor.mutators.NonVoidMethodCallMutator,getKey,326,NO_COVERAGE,none
JCLO.java,edu.mscd.cs.jclo.JCLO,org.pitest.mutationtest.engine.gregor.mutators.NonVoidMethodCallMutator,getKey,328,KILLED,edu.mscd.cs.jclo.JCLO_ESTest.test07
JCLO.java,edu.mscd.cs.jclo.JCLO,org.pitest.mutationtest.engine.gregor.mutators.NonVoidMethodCallMutator,getKey,331,KILLED,edu.mscd.cs.jclo.JCLO_ESTest.test07
JCLO.java,edu.mscd.cs.jclo.JCLO,org.pitest.mutationtest.engine.gregor.mutators.NonVoidMethodCallMutator,getKey,332,KILLED,edu.mscd.cs.jclo.JCLO_ESTest.test07
JCLO.java,edu.mscd.cs.jclo.JCLO,org.pitest.mutationtest.engine.gregor.mutators.NonVoidMethodCallMutator,getKey,333,SURVIVED,none
JCLO.java,edu.mscd.cs.jclo.JCLO,org.pitest.mutationtest.engine.gregor.mutators.NonVoidMethodCallMutator,getKey,339,KILLED,edu.mscd.cs.jclo.JCLO_ESTest.test05
JCLO.java,edu.mscd.cs.jclo.JCLO,org.pitest.mutationtest.engine.gregor.mutators.RemoveConditionalMutator_EQUAL_ELSE,getKey,322,SURVIVED,none
JCLO.java,edu.mscd.cs.jclo.JCLO,org.pitest.mutationtest.engine.gregor.mutators.RemoveConditionalMutator_EQUAL_ELSE,getKey,325,SURVIVED,none
JCLO.java,edu.mscd.cs.jclo.JCLO,org.pitest.mutationtest.engine.gregor.mutators.RemoveConditionalMutator_EQUAL_ELSE,getKey,335,KILLED,edu.mscd.cs.jclo.JCLO_ESTest.test05
JCLO.java,edu.mscd.cs.jclo.JCLO,org.pitest.mutationtest.engine.gregor.mutators.RemoveConditionalMutator_EQUAL_ELSE,getKey,339,SURVIVED,none
JCLO.java,edu.mscd.cs.jclo.JCLO,org.pitest.mutationtest.engine.gregor.mutators.RemoveConditionalMutator_EQUAL_IF,getKey,322,SURVIVED,none
JCLO.java,edu.mscd.cs.jclo.JCLO,org.pitest.mutationtest.engine.gregor.mutators.RemoveConditionalMutator_EQUAL_IF,getKey,325,SURVIVED,none
JCLO.java,edu.mscd.cs.jclo.JCLO,org.pitest.mutationtest.engine.gregor.mutators.RemoveConditionalMutator_EQUAL_IF,getKey,335,KILLED,edu.mscd.cs.jclo.JCLO_ESTest.test07
JCLO.java,edu.mscd.cs.jclo.JCLO,org.pitest.mutationtest.engine.gregor.mutators.RemoveConditionalMutator_EQUAL_IF,getKey,339,KILLED,edu.mscd.cs.jclo.JCLO_ESTest.test05
JCLO.java,edu.mscd.cs.jclo.JCLO,org.pitest.mutationtest.engine.gregor.mutators.RemoveConditionalMutator_ORDER_ELSE,getKey,337,KILLED,edu.mscd.cs.jclo.JCLO_ESTest.test05
JCLO.java,edu.mscd.cs.jclo.JCLO,org.pitest.mutationtest.engine.gregor.mutators.RemoveConditionalMutator_ORDER_IF,getKey,337,KILLED,edu.mscd.cs.jclo.JCLO_ESTest.test12
JCLO.java,edu.mscd.cs.jclo.JCLO,org.pitest.mutationtest.engine.gregor.mutators.ReturnValsMutator,getKey,344,SURVIVED,none
JCLO.java,edu.mscd.cs.jclo.JCLO,org.pitest.mutationtest.engine.gregor.mutators.experimental.NakedReceiverMutator,getKey,323,SURVIVED,none
JCLO.java,edu.mscd.cs.jclo.JCLO,org.pitest.mutationtest.engine.gregor.mutators.experimental.NakedReceiverMutator,getKey,326,NO_COVERAGE,none
JCLO.java,edu.mscd.cs.jclo.JCLO,org.pitest.mutationtest.engine.gregor.mutators.experimental.NakedReceiverMutator,getKey,328,SURVIVED,none
JCLO.java,edu.mscd.cs.jclo.JCLO,org.pitest.mutationtest.engine.gregor.mutators.experimental.NakedReceiverMutator,getKey,331,SURVIVED,none
JCLO.java,edu.mscd.cs.jclo.JCLO,org.pitest.mutationtest.engine.gregor.mutators.experimental.NakedReceiverMutator,getKey,332,SURVIVED,none
JCLO.java,edu.mscd.cs.jclo.JCLO,org.pitest.mutationtest.engine.gregor.mutators.experimental.NakedReceiverMutator,getKey,333,SURVIVED,none
JCLO.java,edu.mscd.cs.jclo.JCLO,org.pitest.mutationtest.engine.gregor.mutators.NonVoidMethodCallMutator,getLong,498,SURVIVED,none
JCLO.java,edu.mscd.cs.jclo.JCLO,org.pitest.mutationtest.engine.gregor.mutators.NonVoidMethodCallMutator,getLong,498,KILLED,edu.mscd.cs.jclo.JCLO_ESTest.test31
JCLO.java,edu.mscd.cs.jclo.JCLO,org.pitest.mutationtest.engine.gregor.mutators.PrimitiveReturnsMutator,getLong,498,SURVIVED,none
JCLO.java,edu.mscd.cs.jclo.JCLO,org.pitest.mutationtest.engine.gregor.mutators.ReturnValsMutator,getLong,498,SURVIVED,none
JCLO.java,edu.mscd.cs.jclo.JCLO,org.pitest.mutationtest.engine.gregor.mutators.NonVoidMethodCallMutator,getLongs,533,SURVIVED,none
JCLO.java,edu.mscd.cs.jclo.JCLO,org.pitest.mutationtest.engine.gregor.mutators.NullReturnValsMutator,getLongs,533,SURVIVED,none
JCLO.java,edu.mscd.cs.jclo.JCLO,org.pitest.mutationtest.engine.gregor.mutators.ReturnValsMutator,getLongs,533,KILLED,edu.mscd.cs.jclo.JCLO_ESTest.test15
JCLO.java,edu.mscd.cs.jclo.JCLO,org.pitest.mutationtest.engine.gregor.mutators.ArgumentPropagationMutator,getObject,88,KILLED,edu.mscd.cs.jclo.JCLO_ESTest.test01
JCLO.java,edu.mscd.cs.jclo.JCLO,org.pitest.mutationtest.engine.gregor.mutators.InlineConstantMutator,getObject,93,NO_COVERAGE,none
JCLO.java,edu.mscd.cs.jclo.JCLO,org.pitest.mutationtest.engine.gregor.mutators.NonVoidMethodCallMutator,getObject,88,KILLED,edu.mscd.cs.jclo.JCLO_ESTest.test10
JCLO.java,edu.mscd.cs.jclo.JCLO,org.pitest.mutationtest.engine.gregor.mutators.NullReturnValsMutator,getObject,88,KILLED,edu.mscd.cs.jclo.JCLO_ESTest.test10
JCLO.java,edu.mscd.cs.jclo.JCLO,org.pitest.mutationtest.engine.gregor.mutators.ReturnValsMutator,getObject,88,KILLED,edu.mscd.cs.jclo.JCLO_ESTest.test10
JCLO.java,edu.mscd.cs.jclo.JCLO,org.pitest.mutationtest.engine.gregor.mutators.ReturnValsMutator,getObject,96,NO_COVERAGE,none
JCLO.java,edu.mscd.cs.jclo.JCLO,org.pitest.mutationtest.engine.gregor.mutators.VoidMethodCallMutator,getObject,92,NO_COVERAGE,none
JCLO.java,edu.mscd.cs.jclo.JCLO,org.pitest.mutationtest.engine.gregor.mutators.VoidMethodCallMutator,getObject,93,NO_COVERAGE,none
JCLO.java,edu.mscd.cs.jclo.JCLO,org.pitest.mutationtest.engine.gregor.mutators.NonVoidMethodCallMutator,getShort,478,SURVIVED,none
JCLO.java,edu.mscd.cs.jclo.JCLO,org.pitest.mutationtest.engine.gregor.mutators.NonVoidMethodCallMutator,getShort,478,KILLED,edu.mscd.cs.jclo.JCLO_ESTest.test16
JCLO.java,edu.mscd.cs.jclo.JCLO,org.pitest.mutationtest.engine.gregor.mutators.PrimitiveReturnsMutator,getShort,478,SURVIVED,none
JCLO.java,edu.mscd.cs.jclo.JCLO,org.pitest.mutationtest.engine.gregor.mutators.ReturnValsMutator,getShort,478,SURVIVED,none
JCLO.java,edu.mscd.cs.jclo.JCLO,org.pitest.mutationtest.engine.gregor.mutators.NonVoidMethodCallMutator,getShorts,516,SURVIVED,none
JCLO.java,edu.mscd.cs.jclo.JCLO,org.pitest.mutationtest.engine.gregor.mutators.NullReturnValsMutator,getShorts,516,SURVIVED,none
JCLO.java,edu.mscd.cs.jclo.JCLO,org.pitest.mutationtest.engine.gregor.mutators.ReturnValsMutator,getShorts,516,KILLED,edu.mscd.cs.jclo.JCLO_ESTest.test26
JCLO.java,edu.mscd.cs.jclo.JCLO,org.pitest.mutationtest.engine.gregor.mutators.EmptyObjectReturnValsMutator,getString,503,KILLED,edu.mscd.cs.jclo.JCLO_ESTest.test28
JCLO.java,edu.mscd.cs.jclo.JCLO,org.pitest.mutationtest.engine.gregor.mutators.NonVoidMethodCallMutator,getString,503,SURVIVED,none
JCLO.java,edu.mscd.cs.jclo.JCLO,org.pitest.mutationtest.engine.gregor.mutators.ReturnValsMutator,getString,503,KILLED,edu.mscd.cs.jclo.JCLO_ESTest.test28
JCLO.java,edu.mscd.cs.jclo.JCLO,org.pitest.mutationtest.engine.gregor.mutators.NonVoidMethodCallMutator,getStrings,538,SURVIVED,none
JCLO.java,edu.mscd.cs.jclo.JCLO,org.pitest.mutationtest.engine.gregor.mutators.NullReturnValsMutator,getStrings,538,SURVIVED,none
JCLO.java,edu.mscd.cs.jclo.JCLO,org.pitest.mutationtest.engine.gregor.mutators.ReturnValsMutator,getStrings,538,KILLED,edu.mscd.cs.jclo.JCLO_ESTest.test19
JCLO.java,edu.mscd.cs.jclo.JCLO,org.pitest.mutationtest.engine.gregor.mutators.ArgumentPropagationMutator,getUsageType,206,KILLED,edu.mscd.cs.jclo.JCLO_ESTest.test13
JCLO.java,edu.mscd.cs.jclo.JCLO,org.pitest.mutationtest.engine.gregor.mutators.ConstructorCallMutator,getUsageType,202,KILLED,edu.mscd.cs.jclo.JCLO_ESTest.test13
JCLO.java,edu.mscd.cs.jclo.JCLO,org.pitest.mutationtest.engine.gregor.mutators.ConstructorCallMutator,getUsageType,206,KILLED,edu.mscd.cs.jclo.JCLO_ESTest.test13
JCLO.java,edu.mscd.cs.jclo.JCLO,org.pitest.mutationtest.engine.gregor.mutators.EmptyObjectReturnValsMutator,getUsageType,202,KILLED,edu.mscd.cs.jclo.JCLO_ESTest.test13
JCLO.java,edu.mscd.cs.jclo.JCLO,org.pitest.mutationtest.engine.gregor.mutators.EmptyObjectReturnValsMutator,getUsageType,206,KILLED,edu.mscd.cs.jclo.JCLO_ESTest.test13
JCLO.java,edu.mscd.cs.jclo.JCLO,org.pitest.mutationtest.engine.gregor.mutators.NegateConditionalsMutator,getUsageType,196,KILLED,edu.mscd.cs.jclo.JCLO_ESTest.test13
JCLO.java,edu.mscd.cs.jclo.JCLO,org.pitest.mutationtest.engine.gregor.mutators.NegateConditionalsMutator,getUsageType,198,KILLED,edu.mscd.cs.jclo.JCLO_ESTest.test13
JCLO.java,edu.mscd.cs.jclo.JCLO,org.pitest.mutationtest.engine.gregor.mutators.NegateConditionalsMutator,getUsageType,200,KILLED,edu.mscd.cs.jclo.JCLO_ESTest.test13
JCLO.java,edu.mscd.cs.jclo.JCLO,org.pitest.mutationtest.engine.gregor.mutators.NegateConditionalsMutator,getUsageType,202,KILLED,edu.mscd.cs.jclo.JCLO_ESTest.test13
JCLO.java,edu.mscd.cs.jclo.JCLO,org.pitest.mutationtest.engine.gregor.mutators.NegateConditionalsMutator,getUsageType,206,KILLED,edu.mscd.cs.jclo.JCLO_ESTest.test13
JCLO.java,edu.mscd.cs.jclo.JCLO,org.pitest.mutationtest.engine.gregor.mutators.NonVoidMethodCallMutator,getUsageType,196,KILLED,edu.mscd.cs.jclo.JCLO_ESTest.test13
JCLO.java,edu.mscd.cs.jclo.JCLO,org.pitest.mutationtest.engine.gregor.mutators.NonVoidMethodCallMutator,getUsageType,196,KILLED,edu.mscd.cs.jclo.JCLO_ESTest.test13
JCLO.java,edu.mscd.cs.jclo.JCLO,org.pitest.mutationtest.engine.gregor.mutators.NonVoidMethodCallMutator,getUsageType,200,KILLED,edu.mscd.cs.jclo.JCLO_ESTest.test13
JCLO.java,edu.mscd.cs.jclo.JCLO,org.pitest.mutationtest.engine.gregor.mutators.NonVoidMethodCallMutator,getUsageType,202,KILLED,edu.mscd.cs.jclo.JCLO_ESTest.test13
JCLO.java,edu.mscd.cs.jclo.JCLO,org.pitest.mutationtest.engine.gregor.mutators.NonVoidMethodCallMutator,getUsageType,202,KILLED,edu.mscd.cs.jclo.JCLO_ESTest.test13
JCLO.java,edu.mscd.cs.jclo.JCLO,org.pitest.mutationtest.engine.gregor.mutators.NonVoidMethodCallMutator,getUsageType,202,KILLED,edu.mscd.cs.jclo.JCLO_ESTest.test13
JCLO.java,edu.mscd.cs.jclo.JCLO,org.pitest.mutationtest.engine.gregor.mutators.NonVoidMethodCallMutator,getUsageType,202,KILLED,edu.mscd.cs.jclo.JCLO_ESTest.test13
JCLO.java,edu.mscd.cs.jclo.JCLO,org.pitest.mutationtest.engine.gregor.mutators.NonVoidMethodCallMutator,getUsageType,202,KILLED,edu.mscd.cs.jclo.JCLO_ESTest.test13
JCLO.java,edu.mscd.cs.jclo.JCLO,org.pitest.mutationtest.engine.gregor.mutators.NonVoidMethodCallMutator,getUsageType,206,KILLED,edu.mscd.cs.jclo.JCLO_ESTest.test13
JCLO.java,edu.mscd.cs.jclo.JCLO,org.pitest.mutationtest.engine.gregor.mutators.NonVoidMethodCallMutator,getUsageType,206,KILLED,edu.mscd.cs.jclo.JCLO_ESTest.test13
JCLO.java,edu.mscd.cs.jclo.JCLO,org.pitest.mutationtest.engine.gregor.mutators.NonVoidMethodCallMutator,getUsageType,206,KILLED,edu.mscd.cs.jclo.JCLO_ESTest.test13
JCLO.java,edu.mscd.cs.jclo.JCLO,org.pitest.mutationtest.engine.gregor.mutators.NonVoidMethodCallMutator,getUsageType,206,KILLED,edu.mscd.cs.jclo.JCLO_ESTest.test13
JCLO.java,edu.mscd.cs.jclo.JCLO,org.pitest.mutationtest.engine.gregor.mutators.NonVoidMethodCallMutator,getUsageType,206,KILLED,edu.mscd.cs.jclo.JCLO_ESTest.test13
JCLO.java,edu.mscd.cs.jclo.JCLO,org.pitest.mutationtest.engine.gregor.mutators.RemoveConditionalMutator_EQUAL_ELSE,getUsageType,196,KILLED,edu.mscd.cs.jclo.JCLO_ESTest.test13
JCLO.java,edu.mscd.cs.jclo.JCLO,org.pitest.mutationtest.engine.gregor.mutators.RemoveConditionalMutator_EQUAL_ELSE,getUsageType,198,SURVIVED,none
JCLO.java,edu.mscd.cs.jclo.JCLO,org.pitest.mutationtest.engine.gregor.mutators.RemoveConditionalMutator_EQUAL_ELSE,getUsageType,200,KILLED,edu.mscd.cs.jclo.JCLO_ESTest.test13
JCLO.java,edu.mscd.cs.jclo.JCLO,org.pitest.mutationtest.engine.gregor.mutators.RemoveConditionalMutator_EQUAL_ELSE,getUsageType,202,SURVIVED,none
JCLO.java,edu.mscd.cs.jclo.JCLO,org.pitest.mutationtest.engine.gregor.mutators.RemoveConditionalMutator_EQUAL_ELSE,getUsageType,206,SURVIVED,none
JCLO.java,edu.mscd.cs.jclo.JCLO,org.pitest.mutationtest.engine.gregor.mutators.RemoveConditionalMutator_EQUAL_IF,getUsageType,196,KILLED,edu.mscd.cs.jclo.JCLO_ESTest.test13
JCLO.java,edu.mscd.cs.jclo.JCLO,org.pitest.mutationtest.engine.gregor.mutators.RemoveConditionalMutator_EQUAL_IF,getUsageType,198,KILLED,edu.mscd.cs.jclo.JCLO_ESTest.test13
JCLO.java,edu.mscd.cs.jclo.JCLO,org.pitest.mutationtest.engine.gregor.mutators.RemoveConditionalMutator_EQUAL_IF,getUsageType,200,KILLED,edu.mscd.cs.jclo.JCLO_ESTest.test13
JCLO.java,edu.mscd.cs.jclo.JCLO,org.pitest.mutationtest.engine.gregor.mutators.RemoveConditionalMutator_EQUAL_IF,getUsageType,202,KILLED,edu.mscd.cs.jclo.JCLO_ESTest.test13
JCLO.java,edu.mscd.cs.jclo.JCLO,org.pitest.mutationtest.engine.gregor.mutators.RemoveConditionalMutator_EQUAL_IF,getUsageType,206,KILLED,edu.mscd.cs.jclo.JCLO_ESTest.test13
JCLO.java,edu.mscd.cs.jclo.JCLO,org.pitest.mutationtest.engine.gregor.mutators.ReturnValsMutator,getUsageType,198,KILLED,edu.mscd.cs.jclo.JCLO_ESTest.test13
JCLO.java,edu.mscd.cs.jclo.JCLO,org.pitest.mutationtest.engine.gregor.mutators.ReturnValsMutator,getUsageType,202,KILLED,edu.mscd.cs.jclo.JCLO_ESTest.test13
JCLO.java,edu.mscd.cs.jclo.JCLO,org.pitest.mutationtest.engine.gregor.mutators.ReturnValsMutator,getUsageType,206,KILLED,edu.mscd.cs.jclo.JCLO_ESTest.test13
JCLO.java,edu.mscd.cs.jclo.JCLO,org.pitest.mutationtest.engine.gregor.mutators.experimental.NakedReceiverMutator,getUsageType,202,KILLED,edu.mscd.cs.jclo.JCLO_ESTest.test13
JCLO.java,edu.mscd.cs.jclo.JCLO,org.pitest.mutationtest.engine.gregor.mutators.experimental.NakedReceiverMutator,getUsageType,202,KILLED,edu.mscd.cs.jclo.JCLO_ESTest.test13
JCLO.java,edu.mscd.cs.jclo.JCLO,org.pitest.mutationtest.engine.gregor.mutators.experimental.NakedReceiverMutator,getUsageType,202,KILLED,edu.mscd.cs.jclo.JCLO_ESTest.test13
JCLO.java,edu.mscd.cs.jclo.JCLO,org.pitest.mutationtest.engine.gregor.mutators.experimental.NakedReceiverMutator,getUsageType,206,KILLED,edu.mscd.cs.jclo.JCLO_ESTest.test13
JCLO.java,edu.mscd.cs.jclo.JCLO,org.pitest.mutationtest.engine.gregor.mutators.experimental.NakedReceiverMutator,getUsageType,206,KILLED,edu.mscd.cs.jclo.JCLO_ESTest.test13
JCLO.java,edu.mscd.cs.jclo.JCLO,org.pitest.mutationtest.engine.gregor.mutators.experimental.NakedReceiverMutator,getUsageType,206,KILLED,edu.mscd.cs.jclo.JCLO_ESTest.test13
JCLO.java,edu.mscd.cs.jclo.JCLO,org.pitest.mutationtest.engine.gregor.mutators.ConstructorCallMutator,getValue,128,KILLED,edu.mscd.cs.jclo.JCLO_ESTest.test14
JCLO.java,edu.mscd.cs.jclo.JCLO,org.pitest.mutationtest.engine.gregor.mutators.NegateConditionalsMutator,getValue,126,KILLED,edu.mscd.cs.jclo.JCLO_ESTest.test14
JCLO.java,edu.mscd.cs.jclo.JCLO,org.pitest.mutationtest.engine.gregor.mutators.NonVoidMethodCallMutator,getValue,124,KILLED,edu.mscd.cs.jclo.JCLO_ESTest.test01
JCLO.java,edu.mscd.cs.jclo.JCLO,org.pitest.mutationtest.engine.gregor.mutators.NonVoidMethodCallMutator,getValue,128,KILLED,edu.mscd.cs.jclo.JCLO_ESTest.test14
JCLO.java,edu.mscd.cs.jclo.JCLO,org.pitest.mutationtest.engine.gregor.mutators.NonVoidMethodCallMutator,getValue,128,KILLED,edu.mscd.cs.jclo.JCLO_ESTest.test14
JCLO.java,edu.mscd.cs.jclo.JCLO,org.pitest.mutationtest.engine.gregor.mutators.NonVoidMethodCallMutator,getValue,128,SURVIVED,none
JCLO.java,edu.mscd.cs.jclo.JCLO,org.pitest.mutationtest.engine.gregor.mutators.NonVoidMethodCallMutator,getValue,132,KILLED,edu.mscd.cs.jclo.JCLO_ESTest.test01
JCLO.java,edu.mscd.cs.jclo.JCLO,org.pitest.mutationtest.engine.gregor.mutators.NullReturnValsMutator,getValue,132,KILLED,edu.mscd.cs.jclo.JCLO_ESTest.test01
JCLO.java,edu.mscd.cs.jclo.JCLO,org.pitest.mutationtest.engine.gregor.mutators.RemoveConditionalMutator_EQUAL_ELSE,getValue,126,KILLED,edu.mscd.cs.jclo.JCLO_ESTest.test14
JCLO.java,edu.mscd.cs.jclo.JCLO,org.pitest.mutationtest.engine.gregor.mutators.RemoveConditionalMutator_EQUAL_IF,getValue,126,KILLED,edu.mscd.cs.jclo.JCLO_ESTest.test01
JCLO.java,edu.mscd.cs.jclo.JCLO,org.pitest.mutationtest.engine.gregor.mutators.ReturnValsMutator,getValue,129,KILLED,edu.mscd.cs.jclo.JCLO_ESTest.test14
JCLO.java,edu.mscd.cs.jclo.JCLO,org.pitest.mutationtest.engine.gregor.mutators.ReturnValsMutator,getValue,132,KILLED,edu.mscd.cs.jclo.JCLO_ESTest.test01
JCLO.java,edu.mscd.cs.jclo.JCLO,org.pitest.mutationtest.engine.gregor.mutators.VoidMethodCallMutator,getValue,128,SURVIVED,none
JCLO.java,edu.mscd.cs.jclo.JCLO,org.pitest.mutationtest.engine.gregor.mutators.experimental.NakedReceiverMutator,getValue,128,SURVIVED,none
JCLO.java,edu.mscd.cs.jclo.JCLO,org.pitest.mutationtest.engine.gregor.mutators.experimental.NakedReceiverMutator,getValue,128,SURVIVED,none
JCLO.java,edu.mscd.cs.jclo.JCLO,org.pitest.mutationtest.engine.gregor.mutators.InlineConstantMutator,main,543,SURVIVED,none
JCLO.java,edu.mscd.cs.jclo.JCLO,org.pitest.mutationtest.engine.gregor.mutators.InlineConstantMutator,main,543,KILLED,edu.mscd.cs.jclo.JCLO_ESTest.test02
JCLO.java,edu.mscd.cs.jclo.JCLO,org.pitest.mutationtest.engine.gregor.mutators.NegateConditionalsMutator,main,543,KILLED,edu.mscd.cs.jclo.JCLO_ESTest.test03
JCLO.java,edu.mscd.cs.jclo.JCLO,org.pitest.mutationtest.engine.gregor.mutators.NegateConditionalsMutator,main,543,SURVIVED,none
JCLO.java,edu.mscd.cs.jclo.JCLO,org.pitest.mutationtest.engine.gregor.mutators.NonVoidMethodCallMutator,main,543,SURVIVED,none
JCLO.java,edu.mscd.cs.jclo.JCLO,org.pitest.mutationtest.engine.gregor.mutators.RemoveConditionalMutator_EQUAL_ELSE,main,543,SURVIVED,none
JCLO.java,edu.mscd.cs.jclo.JCLO,org.pitest.mutationtest.engine.gregor.mutators.RemoveConditionalMutator_EQUAL_ELSE,main,543,SURVIVED,none
JCLO.java,edu.mscd.cs.jclo.JCLO,org.pitest.mutationtest.engine.gregor.mutators.RemoveConditionalMutator_EQUAL_IF,main,543,KILLED,edu.mscd.cs.jclo.JCLO_ESTest.test03
JCLO.java,edu.mscd.cs.jclo.JCLO,org.pitest.mutationtest.engine.gregor.mutators.RemoveConditionalMutator_EQUAL_IF,main,543,SURVIVED,none
JCLO.java,edu.mscd.cs.jclo.JCLO,org.pitest.mutationtest.engine.gregor.mutators.VoidMethodCallMutator,main,545,NO_COVERAGE,none
JCLO.java,edu.mscd.cs.jclo.JCLO,org.pitest.mutationtest.engine.gregor.mutators.ConstructorCallMutator,makeObject,374,NO_COVERAGE,none
JCLO.java,edu.mscd.cs.jclo.JCLO,org.pitest.mutationtest.engine.gregor.mutators.ConstructorCallMutator,makeObject,375,NO_COVERAGE,none
JCLO.java,edu.mscd.cs.jclo.JCLO,org.pitest.mutationtest.engine.gregor.mutators.ConstructorCallMutator,makeObject,376,NO_COVERAGE,none
JCLO.java,edu.mscd.cs.jclo.JCLO,org.pitest.mutationtest.engine.gregor.mutators.ConstructorCallMutator,makeObject,377,NO_COVERAGE,none
JCLO.java,edu.mscd.cs.jclo.JCLO,org.pitest.mutationtest.engine.gregor.mutators.ConstructorCallMutator,makeObject,378,NO_COVERAGE,none
JCLO.java,edu.mscd.cs.jclo.JCLO,org.pitest.mutationtest.engine.gregor.mutators.ConstructorCallMutator,makeObject,379,NO_COVERAGE,none
JCLO.java,edu.mscd.cs.jclo.JCLO,org.pitest.mutationtest.engine.gregor.mutators.ConstructorCallMutator,makeObject,380,NO_COVERAGE,none
JCLO.java,edu.mscd.cs.jclo.JCLO,org.pitest.mutationtest.engine.gregor.mutators.ConstructorCallMutator,makeObject,384,NO_COVERAGE,none
JCLO.java,edu.mscd.cs.jclo.JCLO,org.pitest.mutationtest.engine.gregor.mutators.InlineConstantMutator,makeObject,384,NO_COVERAGE,none
JCLO.java,edu.mscd.cs.jclo.JCLO,org.pitest.mutationtest.engine.gregor.mutators.NegateConditionalsMutator,makeObject,374,NO_COVERAGE,none
JCLO.java,edu.mscd.cs.jclo.JCLO,org.pitest.mutationtest.engine.gregor.mutators.NegateConditionalsMutator,makeObject,375,NO_COVERAGE,none
JCLO.java,edu.mscd.cs.jclo.JCLO,org.pitest.mutationtest.engine.gregor.mutators.NegateConditionalsMutator,makeObject,376,NO_COVERAGE,none
JCLO.java,edu.mscd.cs.jclo.JCLO,org.pitest.mutationtest.engine.gregor.mutators.NegateConditionalsMutator,makeObject,377,NO_COVERAGE,none
JCLO.java,edu.mscd.cs.jclo.JCLO,org.pitest.mutationtest.engine.gregor.mutators.NegateConditionalsMutator,makeObject,378,NO_COVERAGE,none
JCLO.java,edu.mscd.cs.jclo.JCLO,org.pitest.mutationtest.engine.gregor.mutators.NegateConditionalsMutator,makeObject,379,NO_COVERAGE,none
JCLO.java,edu.mscd.cs.jclo.JCLO,org.pitest.mutationtest.engine.gregor.mutators.NegateConditionalsMutator,makeObject,380,NO_COVERAGE,none
JCLO.java,edu.mscd.cs.jclo.JCLO,org.pitest.mutationtest.engine.gregor.mutators.NegateConditionalsMutator,makeObject,381,NO_COVERAGE,none
JCLO.java,edu.mscd.cs.jclo.JCLO,org.pitest.mutationtest.engine.gregor.mutators.NegateConditionalsMutator,makeObject,382,NO_COVERAGE,none
JCLO.java,edu.mscd.cs.jclo.JCLO,org.pitest.mutationtest.engine.gregor.mutators.NonVoidMethodCallMutator,makeObject,374,NO_COVERAGE,none
JCLO.java,edu.mscd.cs.jclo.JCLO,org.pitest.mutationtest.engine.gregor.mutators.NonVoidMethodCallMutator,makeObject,375,NO_COVERAGE,none
JCLO.java,edu.mscd.cs.jclo.JCLO,org.pitest.mutationtest.engine.gregor.mutators.NonVoidMethodCallMutator,makeObject,376,NO_COVERAGE,none
JCLO.java,edu.mscd.cs.jclo.JCLO,org.pitest.mutationtest.engine.gregor.mutators.NonVoidMethodCallMutator,makeObject,377,NO_COVERAGE,none
JCLO.java,edu.mscd.cs.jclo.JCLO,org.pitest.mutationtest.engine.gregor.mutators.NonVoidMethodCallMutator,makeObject,378,NO_COVERAGE,none
JCLO.java,edu.mscd.cs.jclo.JCLO,org.pitest.mutationtest.engine.gregor.mutators.NonVoidMethodCallMutator,makeObject,379,NO_COVERAGE,none
JCLO.java,edu.mscd.cs.jclo.JCLO,org.pitest.mutationtest.engine.gregor.mutators.NonVoidMethodCallMutator,makeObject,380,NO_COVERAGE,none
JCLO.java,edu.mscd.cs.jclo.JCLO,org.pitest.mutationtest.engine.gregor.mutators.NonVoidMethodCallMutator,makeObject,381,NO_COVERAGE,none
JCLO.java,edu.mscd.cs.jclo.JCLO,org.pitest.mutationtest.engine.gregor.mutators.NonVoidMethodCallMutator,makeObject,382,NO_COVERAGE,none
JCLO.java,edu.mscd.cs.jclo.JCLO,org.pitest.mutationtest.engine.gregor.mutators.NonVoidMethodCallMutator,makeObject,384,NO_COVERAGE,none
JCLO.java,edu.mscd.cs.jclo.JCLO,org.pitest.mutationtest.engine.gregor.mutators.NullReturnValsMutator,makeObject,374,NO_COVERAGE,none
JCLO.java,edu.mscd.cs.jclo.JCLO,org.pitest.mutationtest.engine.gregor.mutators.NullReturnValsMutator,makeObject,375,NO_COVERAGE,none
JCLO.java,edu.mscd.cs.jclo.JCLO,org.pitest.mutationtest.engine.gregor.mutators.NullReturnValsMutator,makeObject,376,NO_COVERAGE,none
JCLO.java,edu.mscd.cs.jclo.JCLO,org.pitest.mutationtest.engine.gregor.mutators.NullReturnValsMutator,makeObject,377,NO_COVERAGE,none
JCLO.java,edu.mscd.cs.jclo.JCLO,org.pitest.mutationtest.engine.gregor.mutators.NullReturnValsMutator,makeObject,378,NO_COVERAGE,none
JCLO.java,edu.mscd.cs.jclo.JCLO,org.pitest.mutationtest.engine.gregor.mutators.NullReturnValsMutator,makeObject,379,NO_COVERAGE,none
JCLO.java,edu.mscd.cs.jclo.JCLO,org.pitest.mutationtest.engine.gregor.mutators.NullReturnValsMutator,makeObject,380,NO_COVERAGE,none
JCLO.java,edu.mscd.cs.jclo.JCLO,org.pitest.mutationtest.engine.gregor.mutators.NullReturnValsMutator,makeObject,381,NO_COVERAGE,none
JCLO.java,edu.mscd.cs.jclo.JCLO,org.pitest.mutationtest.engine.gregor.mutators.NullReturnValsMutator,makeObject,384,NO_COVERAGE,none
JCLO.java,edu.mscd.cs.jclo.JCLO,org.pitest.mutationtest.engine.gregor.mutators.RemoveConditionalMutator_EQUAL_ELSE,makeObject,374,NO_COVERAGE,none
JCLO.java,edu.mscd.cs.jclo.JCLO,org.pitest.mutationtest.engine.gregor.mutators.RemoveConditionalMutator_EQUAL_ELSE,makeObject,375,NO_COVERAGE,none
JCLO.java,edu.mscd.cs.jclo.JCLO,org.pitest.mutationtest.engine.gregor.mutators.RemoveConditionalMutator_EQUAL_ELSE,makeObject,376,NO_COVERAGE,none
JCLO.java,edu.mscd.cs.jclo.JCLO,org.pitest.mutationtest.engine.gregor.mutators.RemoveConditionalMutator_EQUAL_ELSE,makeObject,377,NO_COVERAGE,none
JCLO.java,edu.mscd.cs.jclo.JCLO,org.pitest.mutationtest.engine.gregor.mutators.RemoveConditionalMutator_EQUAL_ELSE,makeObject,378,NO_COVERAGE,none
JCLO.java,edu.mscd.cs.jclo.JCLO,org.pitest.mutationtest.engine.gregor.mutators.RemoveConditionalMutator_EQUAL_ELSE,makeObject,379,NO_COVERAGE,none
JCLO.java,edu.mscd.cs.jclo.JCLO,org.pitest.mutationtest.engine.gregor.mutators.RemoveConditionalMutator_EQUAL_ELSE,makeObject,380,NO_COVERAGE,none
JCLO.java,edu.mscd.cs.jclo.JCLO,org.pitest.mutationtest.engine.gregor.mutators.RemoveConditionalMutator_EQUAL_ELSE,makeObject,381,NO_COVERAGE,none
JCLO.java,edu.mscd.cs.jclo.JCLO,org.pitest.mutationtest.engine.gregor.mutators.RemoveConditionalMutator_EQUAL_ELSE,makeObject,382,NO_COVERAGE,none
JCLO.java,edu.mscd.cs.jclo.JCLO,org.pitest.mutationtest.engine.gregor.mutators.RemoveConditionalMutator_EQUAL_IF,makeObject,374,NO_COVERAGE,none
JCLO.java,edu.mscd.cs.jclo.JCLO,org.pitest.mutationtest.engine.gregor.mutators.RemoveConditionalMutator_EQUAL_IF,makeObject,375,NO_COVERAGE,none
JCLO.java,edu.mscd.cs.jclo.JCLO,org.pitest.mutationtest.engine.gregor.mutators.RemoveConditionalMutator_EQUAL_IF,makeObject,376,NO_COVERAGE,none
JCLO.java,edu.mscd.cs.jclo.JCLO,org.pitest.mutationtest.engine.gregor.mutators.RemoveConditionalMutator_EQUAL_IF,makeObject,377,NO_COVERAGE,none
JCLO.java,edu.mscd.cs.jclo.JCLO,org.pitest.mutationtest.engine.gregor.mutators.RemoveConditionalMutator_EQUAL_IF,makeObject,378,NO_COVERAGE,none
JCLO.java,edu.mscd.cs.jclo.JCLO,org.pitest.mutationtest.engine.gregor.mutators.RemoveConditionalMutator_EQUAL_IF,makeObject,379,NO_COVERAGE,none
JCLO.java,edu.mscd.cs.jclo.JCLO,org.pitest.mutationtest.engine.gregor.mutators.RemoveConditionalMutator_EQUAL_IF,makeObject,380,NO_COVERAGE,none
JCLO.java,edu.mscd.cs.jclo.JCLO,org.pitest.mutationtest.engine.gregor.mutators.RemoveConditionalMutator_EQUAL_IF,makeObject,381,NO_COVERAGE,none
JCLO.java,edu.mscd.cs.jclo.JCLO,org.pitest.mutationtest.engine.gregor.mutators.RemoveConditionalMutator_EQUAL_IF,makeObject,382,NO_COVERAGE,none
JCLO.java,edu.mscd.cs.jclo.JCLO,org.pitest.mutationtest.engine.gregor.mutators.ReturnValsMutator,makeObject,374,NO_COVERAGE,none
JCLO.java,edu.mscd.cs.jclo.JCLO,org.pitest.mutationtest.engine.gregor.mutators.ReturnValsMutator,makeObject,375,NO_COVERAGE,none
JCLO.java,edu.mscd.cs.jclo.JCLO,org.pitest.mutationtest.engine.gregor.mutators.ReturnValsMutator,makeObject,376,NO_COVERAGE,none
JCLO.java,edu.mscd.cs.jclo.JCLO,org.pitest.mutationtest.engine.gregor.mutators.ReturnValsMutator,makeObject,377,NO_COVERAGE,none
JCLO.java,edu.mscd.cs.jclo.JCLO,org.pitest.mutationtest.engine.gregor.mutators.ReturnValsMutator,makeObject,378,NO_COVERAGE,none
JCLO.java,edu.mscd.cs.jclo.JCLO,org.pitest.mutationtest.engine.gregor.mutators.ReturnValsMutator,makeObject,379,NO_COVERAGE,none
JCLO.java,edu.mscd.cs.jclo.JCLO,org.pitest.mutationtest.engine.gregor.mutators.ReturnValsMutator,makeObject,380,NO_COVERAGE,none
JCLO.java,edu.mscd.cs.jclo.JCLO,org.pitest.mutationtest.engine.gregor.mutators.ReturnValsMutator,makeObject,381,NO_COVERAGE,none
JCLO.java,edu.mscd.cs.jclo.JCLO,org.pitest.mutationtest.engine.gregor.mutators.ReturnValsMutator,makeObject,384,NO_COVERAGE,none
JCLO.java,edu.mscd.cs.jclo.JCLO,org.pitest.mutationtest.engine.gregor.mutators.ReturnValsMutator,makeObject,387,NO_COVERAGE,none
JCLO.java,edu.mscd.cs.jclo.JCLO,org.pitest.mutationtest.engine.gregor.mutators.ArgumentPropagationMutator,parse,421,KILLED,edu.mscd.cs.jclo.JCLO_ESTest.test05
JCLO.java,edu.mscd.cs.jclo.JCLO,org.pitest.mutationtest.engine.gregor.mutators.ArgumentPropagationMutator,parse,441,NO_COVERAGE,none
JCLO.java,edu.mscd.cs.jclo.JCLO,org.pitest.mutationtest.engine.gregor.mutators.ArgumentPropagationMutator,parse,443,NO_COVERAGE,none
JCLO.java,edu.mscd.cs.jclo.JCLO,org.pitest.mutationtest.engine.gregor.mutators.ArgumentPropagationMutator,parse,453,NO_COVERAGE,none
JCLO.java,edu.mscd.cs.jclo.JCLO,org.pitest.mutationtest.engine.gregor.mutators.ConditionalsBoundaryMutator,parse,410,KILLED,edu.mscd.cs.jclo.JCLO_ESTest.test04
JCLO.java,edu.mscd.cs.jclo.JCLO,org.pitest.mutationtest.engine.gregor.mutators.ConstructorCallMutator,parse,428,KILLED,edu.mscd.cs.jclo.JCLO_ESTest.test07
JCLO.java,edu.mscd.cs.jclo.JCLO,org.pitest.mutationtest.engine.gregor.mutators.ConstructorCallMutator,parse,428,KILLED,edu.mscd.cs.jclo.JCLO_ESTest.test07
JCLO.java,edu.mscd.cs.jclo.JCLO,org.pitest.mutationtest.engine.gregor.mutators.IncrementsMutator,parse,445,NO_COVERAGE,none
JCLO.java,edu.mscd.cs.jclo.JCLO,org.pitest.mutationtest.engine.gregor.mutators.InlineConstantMutator,parse,410,KILLED,edu.mscd.cs.jclo.JCLO_ESTest.test05
JCLO.java,edu.mscd.cs.jclo.JCLO,org.pitest.mutationtest.engine.gregor.mutators.InlineConstantMutator,parse,419,SURVIVED,none
JCLO.java,edu.mscd.cs.jclo.JCLO,org.pitest.mutationtest.engine.gregor.mutators.InlineConstantMutator,parse,419,SURVIVED,none
JCLO.java,edu.mscd.cs.jclo.JCLO,org.pitest.mutationtest.engine.gregor.mutators.InlineConstantMutator,parse,419,SURVIVED,none
JCLO.java,edu.mscd.cs.jclo.JCLO,org.pitest.mutationtest.engine.gregor.mutators.NegateConditionalsMutator,parse,410,KILLED,edu.mscd.cs.jclo.JCLO_ESTest.test04
JCLO.java,edu.mscd.cs.jclo.JCLO,org.pitest.mutationtest.engine.gregor.mutators.NegateConditionalsMutator,parse,412,KILLED,edu.mscd.cs.jclo.JCLO_ESTest.test05
JCLO.java,edu.mscd.cs.jclo.JCLO,org.pitest.mutationtest.engine.gregor.mutators.NegateConditionalsMutator,parse,419,SURVIVED,none
JCLO.java,edu.mscd.cs.jclo.JCLO,org.pitest.mutationtest.engine.gregor.mutators.NegateConditionalsMutator,parse,426,KILLED,edu.mscd.cs.jclo.JCLO_ESTest.test07
JCLO.java,edu.mscd.cs.jclo.JCLO,org.pitest.mutationtest.engine.gregor.mutators.NegateConditionalsMutator,parse,435,NO_COVERAGE,none
JCLO.java,edu.mscd.cs.jclo.JCLO,org.pitest.mutationtest.engine.gregor.mutators.NegateConditionalsMutator,parse,440,NO_COVERAGE,none
JCLO.java,edu.mscd.cs.jclo.JCLO,org.pitest.mutationtest.engine.gregor.mutators.NegateConditionalsMutator,parse,442,NO_COVERAGE,none
JCLO.java,edu.mscd.cs.jclo.JCLO,org.pitest.mutationtest.engine.gregor.mutators.NegateConditionalsMutator,parse,442,NO_COVERAGE,none
JCLO.java,edu.mscd.cs.jclo.JCLO,org.pitest.mutationtest.engine.gregor.mutators.NegateConditionalsMutator,parse,449,NO_COVERAGE,none
JCLO.java,edu.mscd.cs.jclo.JCLO,org.pitest.mutationtest.engine.gregor.mutators.NegateConditionalsMutator,parse,452,NO_COVERAGE,none
JCLO.java,edu.mscd.cs.jclo.JCLO,org.pitest.mutationtest.engine.gregor.mutators.NonVoidMethodCallMutator,parse,412,KILLED,edu.mscd.cs.jclo.JCLO_ESTest.test05
JCLO.java,edu.mscd.cs.jclo.JCLO,org.pitest.mutationtest.engine.gregor.mutators.NonVoidMethodCallMutator,parse,418,SURVIVED,none
JCLO.java,edu.mscd.cs.jclo.JCLO,org.pitest.mutationtest.engine.gregor.mutators.NonVoidMethodCallMutator,parse,419,SURVIVED,none
JCLO.java,edu.mscd.cs.jclo.JCLO,org.pitest.mutationtest.engine.gregor.mutators.NonVoidMethodCallMutator,parse,421,KILLED,edu.mscd.cs.jclo.JCLO_ESTest.test05
JCLO.java,edu.mscd.cs.jclo.JCLO,org.pitest.mutationtest.engine.gregor.mutators.NonVoidMethodCallMutator,parse,424,SURVIVED,none
JCLO.java,edu.mscd.cs.jclo.JCLO,org.pitest.mutationtest.engine.gregor.mutators.NonVoidMethodCallMutator,parse,428,KILLED,edu.mscd.cs.jclo.JCLO_ESTest.test07
JCLO.java,edu.mscd.cs.jclo.JCLO,org.pitest.mutationtest.engine.gregor.mutators.NonVoidMethodCallMutator,parse,428,KILLED,edu.mscd.cs.jclo.JCLO_ESTest.test07
JCLO.java,edu.mscd.cs.jclo.JCLO,org.pitest.mutationtest.engine.gregor.mutators.NonVoidMethodCallMutator,parse,428,KILLED,edu.mscd.cs.jclo.JCLO_ESTest.test07
JCLO.java,edu.mscd.cs.jclo.JCLO,org.pitest.mutationtest.engine.gregor.mutators.NonVoidMethodCallMutator,parse,428,SURVIVED,none
JCLO.java,edu.mscd.cs.jclo.JCLO,org.pitest.mutationtest.engine.gregor.mutators.NonVoidMethodCallMutator,parse,432,NO_COVERAGE,none
JCLO.java,edu.mscd.cs.jclo.JCLO,org.pitest.mutationtest.engine.gregor.mutators.NonVoidMethodCallMutator,parse,433,NO_COVERAGE,none
JCLO.java,edu.mscd.cs.jclo.JCLO,org.pitest.mutationtest.engine.gregor.mutators.NonVoidMethodCallMutator,parse,435,NO_COVERAGE,none
JCLO.java,edu.mscd.cs.jclo.JCLO,org.pitest.mutationtest.engine.gregor.mutators.NonVoidMethodCallMutator,parse,436,NO_COVERAGE,none
JCLO.java,edu.mscd.cs.jclo.JCLO,org.pitest.mutationtest.engine.gregor.mutators.NonVoidMethodCallMutator,parse,436,NO_COVERAGE,none
JCLO.java,edu.mscd.cs.jclo.JCLO,org.pitest.mutationtest.engine.gregor.mutators.NonVoidMethodCallMutator,parse,440,NO_COVERAGE,none
JCLO.java,edu.mscd.cs.jclo.JCLO,org.pitest.mutationtest.engine.gregor.mutators.NonVoidMethodCallMutator,parse,441,NO_COVERAGE,none
JCLO.java,edu.mscd.cs.jclo.JCLO,org.pitest.mutationtest.engine.gregor.mutators.NonVoidMethodCallMutator,parse,443,NO_COVERAGE,none
JCLO.java,edu.mscd.cs.jclo.JCLO,org.pitest.mutationtest.engine.gregor.mutators.NonVoidMethodCallMutator,parse,447,NO_COVERAGE,none
JCLO.java,edu.mscd.cs.jclo.JCLO,org.pitest.mutationtest.engine.gregor.mutators.NonVoidMethodCallMutator,parse,452,NO_COVERAGE,none
JCLO.java,edu.mscd.cs.jclo.JCLO,org.pitest.mutationtest.engine.gregor.mutators.NonVoidMethodCallMutator,parse,453,NO_COVERAGE,none
JCLO.java,edu.mscd.cs.jclo.JCLO,org.pitest.mutationtest.engine.gregor.mutators.RemoveConditionalMutator_EQUAL_ELSE,parse,412,KILLED,edu.mscd.cs.jclo.JCLO_ESTest.test08
JCLO.java,edu.mscd.cs.jclo.JCLO,org.pitest.mutationtest.engine.gregor.mutators.RemoveConditionalMutator_EQUAL_ELSE,parse,419,SURVIVED,none
JCLO.java,edu.mscd.cs.jclo.JCLO,org.pitest.mutationtest.engine.gregor.mutators.RemoveConditionalMutator_EQUAL_ELSE,parse,426,KILLED,edu.mscd.cs.jclo.JCLO_ESTest.test07
JCLO.java,edu.mscd.cs.jclo.JCLO,org.pitest.mutationtest.engine.gregor.mutators.RemoveConditionalMutator_EQUAL_ELSE,parse,435,NO_COVERAGE,none
JCLO.java,edu.mscd.cs.jclo.JCLO,org.pitest.mutationtest.engine.gregor.mutators.RemoveConditionalMutator_EQUAL_ELSE,parse,440,NO_COVERAGE,none
JCLO.java,edu.mscd.cs.jclo.JCLO,org.pitest.mutationtest.engine.gregor.mutators.RemoveConditionalMutator_EQUAL_ELSE,parse,442,NO_COVERAGE,none
JCLO.java,edu.mscd.cs.jclo.JCLO,org.pitest.mutationtest.engine.gregor.mutators.RemoveConditionalMutator_EQUAL_ELSE,parse,442,NO_COVERAGE,none
JCLO.java,edu.mscd.cs.jclo.JCLO,org.pitest.mutationtest.engine.gregor.mutators.RemoveConditionalMutator_EQUAL_ELSE,parse,449,NO_COVERAGE,none
JCLO.java,edu.mscd.cs.jclo.JCLO,org.pitest.mutationtest.engine.gregor.mutators.RemoveConditionalMutator_EQUAL_ELSE,parse,452,NO_COVERAGE,none
JCLO.java,edu.mscd.cs.jclo.JCLO,org.pitest.mutationtest.engine.gregor.mutators.RemoveConditionalMutator_EQUAL_IF,parse,412,KILLED,edu.mscd.cs.jclo.JCLO_ESTest.test05
JCLO.java,edu.mscd.cs.jclo.JCLO,org.pitest.mutationtest.engine.gregor.mutators.RemoveConditionalMutator_EQUAL_IF,parse,419,SURVIVED,none
JCLO.java,edu.mscd.cs.jclo.JCLO,org.pitest.mutationtest.engine.gregor.mutators.RemoveConditionalMutator_EQUAL_IF,parse,426,SURVIVED,none
JCLO.java,edu.mscd.cs.jclo.JCLO,org.pitest.mutationtest.engine.gregor.mutators.RemoveConditionalMutator_EQUAL_IF,parse,435,NO_COVERAGE,none
JCLO.java,edu.mscd.cs.jclo.JCLO,org.pitest.mutationtest.engine.gregor.mutators.RemoveConditionalMutator_EQUAL_IF,parse,440,NO_COVERAGE,none
JCLO.java,edu.mscd.cs.jclo.JCLO,org.pitest.mutationtest.engine.gregor.mutators.RemoveConditionalMutator_EQUAL_IF,parse,442,NO_COVERAGE,none
JCLO.java,edu.mscd.cs.jclo.JCLO,org.pitest.mutationtest.engine.gregor.mutators.RemoveConditionalMutator_EQUAL_IF,parse,442,NO_COVERAGE,none
JCLO.java,edu.mscd.cs.jclo.JCLO,org.pitest.mutationtest.engine.gregor.mutators.RemoveConditionalMutator_EQUAL_IF,parse,449,NO_COVERAGE,none
JCLO.java,edu.mscd.cs.jclo.JCLO,org.pitest.mutationtest.engine.gregor.mutators.RemoveConditionalMutator_EQUAL_IF,parse,452,NO_COVERAGE,none
JCLO.java,edu.mscd.cs.jclo.JCLO,org.pitest.mutationtest.engine.gregor.mutators.RemoveConditionalMutator_ORDER_ELSE,parse,410,KILLED,edu.mscd.cs.jclo.JCLO_ESTest.test05
JCLO.java,edu.mscd.cs.jclo.JCLO,org.pitest.mutationtest.engine.gregor.mutators.RemoveConditionalMutator_ORDER_IF,parse,410,KILLED,edu.mscd.cs.jclo.JCLO_ESTest.test04
JCLO.java,edu.mscd.cs.jclo.JCLO,org.pitest.mutationtest.engine.gregor.mutators.VoidMethodCallMutator,parse,414,SURVIVED,none
JCLO.java,edu.mscd.cs.jclo.JCLO,org.pitest.mutationtest.engine.gregor.mutators.VoidMethodCallMutator,parse,455,NO_COVERAGE,none
JCLO.java,edu.mscd.cs.jclo.JCLO,org.pitest.mutationtest.engine.gregor.mutators.experimental.MemberVariableMutator,parse,418,SURVIVED,none
JCLO.java,edu.mscd.cs.jclo.JCLO,org.pitest.mutationtest.engine.gregor.mutators.experimental.MemberVariableMutator,parse,419,SURVIVED,none
JCLO.java,edu.mscd.cs.jclo.JCLO,org.pitest.mutationtest.engine.gregor.mutators.experimental.NakedReceiverMutator,parse,428,SURVIVED,none
JCLO.java,edu.mscd.cs.jclo.JCLO,org.pitest.mutationtest.engine.gregor.mutators.experimental.NakedReceiverMutator,parse,428,SURVIVED,none
JCLO.java,edu.mscd.cs.jclo.JCLO,org.pitest.mutationtest.engine.gregor.mutators.experimental.NakedReceiverMutator,parse,428,SURVIVED,none
JCLO.java,edu.mscd.cs.jclo.JCLO,org.pitest.mutationtest.engine.gregor.mutators.experimental.NakedReceiverMutator,parse,436,NO_COVERAGE,none
JCLO.java,edu.mscd.cs.jclo.JCLO,org.pitest.mutationtest.engine.gregor.mutators.experimental.RemoveIncrementsMutator,parse,445,NO_COVERAGE,none
JCLO.java,edu.mscd.cs.jclo.JCLO,org.pitest.mutationtest.engine.gregor.mutators.ConditionalsBoundaryMutator,parseAdditional,267,KILLED,edu.mscd.cs.jclo.JCLO_ESTest.test08
JCLO.java,edu.mscd.cs.jclo.JCLO,org.pitest.mutationtest.engine.gregor.mutators.IncrementsMutator,parseAdditional,267,KILLED,edu.mscd.cs.jclo.JCLO_ESTest.test08
JCLO.java,edu.mscd.cs.jclo.JCLO,org.pitest.mutationtest.engine.gregor.mutators.IncrementsMutator,parseAdditional,267,SURVIVED,none
JCLO.java,edu.mscd.cs.jclo.JCLO,org.pitest.mutationtest.engine.gregor.mutators.InlineConstantMutator,parseAdditional,267,SURVIVED,none
JCLO.java,edu.mscd.cs.jclo.JCLO,org.pitest.mutationtest.engine.gregor.mutators.MathMutator,parseAdditional,264,SURVIVED,none
JCLO.java,edu.mscd.cs.jclo.JCLO,org.pitest.mutationtest.engine.gregor.mutators.NegateConditionalsMutator,parseAdditional,267,SURVIVED,none
JCLO.java,edu.mscd.cs.jclo.JCLO,org.pitest.mutationtest.engine.gregor.mutators.NegateConditionalsMutator,parseAdditional,273,KILLED,edu.mscd.cs.jclo.JCLO_ESTest.test08
JCLO.java,edu.mscd.cs.jclo.JCLO,org.pitest.mutationtest.engine.gregor.mutators.NonVoidMethodCallMutator,parseAdditional,272,SURVIVED,none
JCLO.java,edu.mscd.cs.jclo.JCLO,org.pitest.mutationtest.engine.gregor.mutators.RemoveConditionalMutator_EQUAL_ELSE,parseAdditional,273,SURVIVED,none
JCLO.java,edu.mscd.cs.jclo.JCLO,org.pitest.mutationtest.engine.gregor.mutators.RemoveConditionalMutator_EQUAL_IF,parseAdditional,273,KILLED,edu.mscd.cs.jclo.JCLO_ESTest.test08
JCLO.java,edu.mscd.cs.jclo.JCLO,org.pitest.mutationtest.engine.gregor.mutators.RemoveConditionalMutator_ORDER_ELSE,parseAdditional,267,SURVIVED,none
JCLO.java,edu.mscd.cs.jclo.JCLO,org.pitest.mutationtest.engine.gregor.mutators.RemoveConditionalMutator_ORDER_IF,parseAdditional,267,KILLED,edu.mscd.cs.jclo.JCLO_ESTest.test08
JCLO.java,edu.mscd.cs.jclo.JCLO,org.pitest.mutationtest.engine.gregor.mutators.VoidMethodCallMutator,parseAdditional,275,NO_COVERAGE,none
JCLO.java,edu.mscd.cs.jclo.JCLO,org.pitest.mutationtest.engine.gregor.mutators.VoidMethodCallMutator,parseAdditional,279,SURVIVED,none
JCLO.java,edu.mscd.cs.jclo.JCLO,org.pitest.mutationtest.engine.gregor.mutators.experimental.RemoveIncrementsMutator,parseAdditional,267,SURVIVED,none
JCLO.java,edu.mscd.cs.jclo.JCLO,org.pitest.mutationtest.engine.gregor.mutators.VoidMethodCallMutator,setObject,145,NO_COVERAGE,none
JCLO.java,edu.mscd.cs.jclo.JCLO,org.pitest.mutationtest.engine.gregor.mutators.VoidMethodCallMutator,setObject,149,NO_COVERAGE,none
JCLO.java,edu.mscd.cs.jclo.JCLO,org.pitest.mutationtest.engine.gregor.mutators.ArgumentPropagationMutator,toString,186,KILLED,edu.mscd.cs.jclo.JCLO_ESTest.test11
JCLO.java,edu.mscd.cs.jclo.JCLO,org.pitest.mutationtest.engine.gregor.mutators.ConditionalsBoundaryMutator,toString,169,KILLED,edu.mscd.cs.jclo.JCLO_ESTest.test11
JCLO.java,edu.mscd.cs.jclo.JCLO,org.pitest.mutationtest.engine.gregor.mutators.ConstructorCallMutator,toString,176,KILLED,edu.mscd.cs.jclo.JCLO_ESTest.test11
JCLO.java,edu.mscd.cs.jclo.JCLO,org.pitest.mutationtest.engine.gregor.mutators.ConstructorCallMutator,toString,181,KILLED,edu.mscd.cs.jclo.JCLO_ESTest.test10
JCLO.java,edu.mscd.cs.jclo.JCLO,org.pitest.mutationtest.engine.gregor.mutators.ConstructorCallMutator,toString,182,KILLED,edu.mscd.cs.jclo.JCLO_ESTest.test10
JCLO.java,edu.mscd.cs.jclo.JCLO,org.pitest.mutationtest.engine.gregor.mutators.ConstructorCallMutator,toString,186,KILLED,edu.mscd.cs.jclo.JCLO_ESTest.test11
JCLO.java,edu.mscd.cs.jclo.JCLO,org.pitest.mutationtest.engine.gregor.mutators.EmptyObjectReturnValsMutator,toString,191,KILLED,edu.mscd.cs.jclo.JCLO_ESTest.test11
JCLO.java,edu.mscd.cs.jclo.JCLO,org.pitest.mutationtest.engine.gregor.mutators.IncrementsMutator,toString,169,KILLED,edu.mscd.cs.jclo.JCLO_ESTest.test11
JCLO.java,edu.mscd.cs.jclo.JCLO,org.pitest.mutationtest.engine.gregor.mutators.InlineConstantMutator,toString,167,KILLED,edu.mscd.cs.jclo.JCLO_ESTest.test11
JCLO.java,edu.mscd.cs.jclo.JCLO,org.pitest.mutationtest.engine.gregor.mutators.InlineConstantMutator,toString,169,KILLED,edu.mscd.cs.jclo.JCLO_ESTest.test10
JCLO.java,edu.mscd.cs.jclo.JCLO,org.pitest.mutationtest.engine.gregor.mutators.InlineConstantMutator,toString,177,KILLED,edu.mscd.cs.jclo.JCLO_ESTest.test11
JCLO.java,edu.mscd.cs.jclo.JCLO,org.pitest.mutationtest.engine.gregor.mutators.NegateConditionalsMutator,toString,169,KILLED,edu.mscd.cs.jclo.JCLO_ESTest.test10
JCLO.java,edu.mscd.cs.jclo.JCLO,org.pitest.mutationtest.engine.gregor.mutators.NegateConditionalsMutator,toString,176,KILLED,edu.mscd.cs.jclo.JCLO_ESTest.test11
JCLO.java,edu.mscd.cs.jclo.JCLO,org.pitest.mutationtest.engine.gregor.mutators.NegateConditionalsMutator,toString,179,KILLED,edu.mscd.cs.jclo.JCLO_ESTest.test10
JCLO.java,edu.mscd.cs.jclo.JCLO,org.pitest.mutationtest.engine.gregor.mutators.NonVoidMethodCallMutator,toString,172,KILLED,edu.mscd.cs.jclo.JCLO_ESTest.test11
JCLO.java,edu.mscd.cs.jclo.JCLO,org.pitest.mutationtest.engine.gregor.mutators.NonVoidMethodCallMutator,toString,173,KILLED,edu.mscd.cs.jclo.JCLO_ESTest.test10
JCLO.java,edu.mscd.cs.jclo.JCLO,org.pitest.mutationtest.engine.gregor.mutators.NonVoidMethodCallMutator,toString,174,KILLED,edu.mscd.cs.jclo.JCLO_ESTest.test10
JCLO.java,edu.mscd.cs.jclo.JCLO,org.pitest.mutationtest.engine.gregor.mutators.NonVoidMethodCallMutator,toString,176,KILLED,edu.mscd.cs.jclo.JCLO_ESTest.test11
JCLO.java,edu.mscd.cs.jclo.JCLO,org.pitest.mutationtest.engine.gregor.mutators.NonVoidMethodCallMutator,toString,176,KILLED,edu.mscd.cs.jclo.JCLO_ESTest.test11
JCLO.java,edu.mscd.cs.jclo.JCLO,org.pitest.mutationtest.engine.gregor.mutators.NonVoidMethodCallMutator,toString,176,KILLED,edu.mscd.cs.jclo.JCLO_ESTest.test11
JCLO.java,edu.mscd.cs.jclo.JCLO,org.pitest.mutationtest.engine.gregor.mutators.NonVoidMethodCallMutator,toString,179,KILLED,edu.mscd.cs.jclo.JCLO_ESTest.test10
JCLO.java,edu.mscd.cs.jclo.JCLO,org.pitest.mutationtest.engine.gregor.mutators.NonVoidMethodCallMutator,toString,181,KILLED,edu.mscd.cs.jclo.JCLO_ESTest.test10
JCLO.java,edu.mscd.cs.jclo.JCLO,org.pitest.mutationtest.engine.gregor.mutators.NonVoidMethodCallMutator,toString,181,SURVIVED,none
JCLO.java,edu.mscd.cs.jclo.JCLO,org.pitest.mutationtest.engine.gregor.mutators.NonVoidMethodCallMutator,toString,181,KILLED,edu.mscd.cs.jclo.JCLO_ESTest.test10
JCLO.java,edu.mscd.cs.jclo.JCLO,org.pitest.mutationtest.engine.gregor.mutators.NonVoidMethodCallMutator,toString,181,KILLED,edu.mscd.cs.jclo.JCLO_ESTest.test10
JCLO.java,edu.mscd.cs.jclo.JCLO,org.pitest.mutationtest.engine.gregor.mutators.NonVoidMethodCallMutator,toString,181,KILLED,edu.mscd.cs.jclo.JCLO_ESTest.test10
JCLO.java,edu.mscd.cs.jclo.JCLO,org.pitest.mutationtest.engine.gregor.mutators.NonVoidMethodCallMutator,toString,181,KILLED,edu.mscd.cs.jclo.JCLO_ESTest.test10
JCLO.java,edu.mscd.cs.jclo.JCLO,org.pitest.mutationtest.engine.gregor.mutators.NonVoidMethodCallMutator,toString,181,KILLED,edu.mscd.cs.jclo.JCLO_ESTest.test10
JCLO.java,edu.mscd.cs.jclo.JCLO,org.pitest.mutationtest.engine.gregor.mutators.NonVoidMethodCallMutator,toString,181,SURVIVED,none
JCLO.java,edu.mscd.cs.jclo.JCLO,org.pitest.mutationtest.engine.gregor.mutators.NonVoidMethodCallMutator,toString,182,SURVIVED,none
JCLO.java,edu.mscd.cs.jclo.JCLO,org.pitest.mutationtest.engine.gregor.mutators.NonVoidMethodCallMutator,toString,182,SURVIVED,none
JCLO.java,edu.mscd.cs.jclo.JCLO,org.pitest.mutationtest.engine.gregor.mutators.NonVoidMethodCallMutator,toString,182,SURVIVED,none
JCLO.java,edu.mscd.cs.jclo.JCLO,org.pitest.mutationtest.engine.gregor.mutators.NonVoidMethodCallMutator,toString,182,SURVIVED,none
JCLO.java,edu.mscd.cs.jclo.JCLO,org.pitest.mutationtest.engine.gregor.mutators.NonVoidMethodCallMutator,toString,186,KILLED,edu.mscd.cs.jclo.JCLO_ESTest.test11
JCLO.java,edu.mscd.cs.jclo.JCLO,org.pitest.mutationtest.engine.gregor.mutators.NonVoidMethodCallMutator,toString,186,KILLED,edu.mscd.cs.jclo.JCLO_ESTest.test11
JCLO.java,edu.mscd.cs.jclo.JCLO,org.pitest.mutationtest.engine.gregor.mutators.NonVoidMethodCallMutator,toString,186,KILLED,edu.mscd.cs.jclo.JCLO_ESTest.test11
JCLO.java,edu.mscd.cs.jclo.JCLO,org.pitest.mutationtest.engine.gregor.mutators.NonVoidMethodCallMutator,toString,186,KILLED,edu.mscd.cs.jclo.JCLO_ESTest.test11
JCLO.java,edu.mscd.cs.jclo.JCLO,org.pitest.mutationtest.engine.gregor.mutators.NonVoidMethodCallMutator,toString,186,KILLED,edu.mscd.cs.jclo.JCLO_ESTest.test11
JCLO.java,edu.mscd.cs.jclo.JCLO,org.pitest.mutationtest.engine.gregor.mutators.NonVoidMethodCallMutator,toString,186,KILLED,edu.mscd.cs.jclo.JCLO_ESTest.test11
JCLO.java,edu.mscd.cs.jclo.JCLO,org.pitest.mutationtest.engine.gregor.mutators.NonVoidMethodCallMutator,toString,186,KILLED,edu.mscd.cs.jclo.JCLO_ESTest.test11
JCLO.java,edu.mscd.cs.jclo.JCLO,org.pitest.mutationtest.engine.gregor.mutators.NonVoidMethodCallMutator,toString,186,KILLED,edu.mscd.cs.jclo.JCLO_ESTest.test11
JCLO.java,edu.mscd.cs.jclo.JCLO,org.pitest.mutationtest.engine.gregor.mutators.NonVoidMethodCallMutator,toString,186,KILLED,edu.mscd.cs.jclo.JCLO_ESTest.test11
JCLO.java,edu.mscd.cs.jclo.JCLO,org.pitest.mutationtest.engine.gregor.mutators.RemoveConditionalMutator_EQUAL_ELSE,toString,176,KILLED,edu.mscd.cs.jclo.JCLO_ESTest.test11
JCLO.java,edu.mscd.cs.jclo.JCLO,org.pitest.mutationtest.engine.gregor.mutators.RemoveConditionalMutator_EQUAL_ELSE,toString,179,KILLED,edu.mscd.cs.jclo.JCLO_ESTest.test10
JCLO.java,edu.mscd.cs.jclo.JCLO,org.pitest.mutationtest.engine.gregor.mutators.RemoveConditionalMutator_EQUAL_IF,toString,176,KILLED,edu.mscd.cs.jclo.JCLO_ESTest.test11
JCLO.java,edu.mscd.cs.jclo.JCLO,org.pitest.mutationtest.engine.gregor.mutators.RemoveConditionalMutator_EQUAL_IF,toString,179,KILLED,edu.mscd.cs.jclo.JCLO_ESTest.test11
JCLO.java,edu.mscd.cs.jclo.JCLO,org.pitest.mutationtest.engine.gregor.mutators.RemoveConditionalMutator_ORDER_ELSE,toString,169,KILLED,edu.mscd.cs.jclo.JCLO_ESTest.test10
JCLO.java,edu.mscd.cs.jclo.JCLO,org.pitest.mutationtest.engine.gregor.mutators.RemoveConditionalMutator_ORDER_IF,toString,169,KILLED,edu.mscd.cs.jclo.JCLO_ESTest.test11
JCLO.java,edu.mscd.cs.jclo.JCLO,org.pitest.mutationtest.engine.gregor.mutators.ReturnValsMutator,toString,191,KILLED,edu.mscd.cs.jclo.JCLO_ESTest.test11
JCLO.java,edu.mscd.cs.jclo.JCLO,org.pitest.mutationtest.engine.gregor.mutators.experimental.NakedReceiverMutator,toString,176,KILLED,edu.mscd.cs.jclo.JCLO_ESTest.test11
JCLO.java,edu.mscd.cs.jclo.JCLO,org.pitest.mutationtest.engine.gregor.mutators.experimental.NakedReceiverMutator,toString,176,KILLED,edu.mscd.cs.jclo.JCLO_ESTest.test11
JCLO.java,edu.mscd.cs.jclo.JCLO,org.pitest.mutationtest.engine.gregor.mutators.experimental.NakedReceiverMutator,toString,181,SURVIVED,none
JCLO.java,edu.mscd.cs.jclo.JCLO,org.pitest.mutationtest.engine.gregor.mutators.experimental.NakedReceiverMutator,toString,181,SURVIVED,none
JCLO.java,edu.mscd.cs.jclo.JCLO,org.pitest.mutationtest.engine.gregor.mutators.experimental.NakedReceiverMutator,toString,181,SURVIVED,none
JCLO.java,edu.mscd.cs.jclo.JCLO,org.pitest.mutationtest.engine.gregor.mutators.experimental.NakedReceiverMutator,toString,181,SURVIVED,none
JCLO.java,edu.mscd.cs.jclo.JCLO,org.pitest.mutationtest.engine.gregor.mutators.experimental.NakedReceiverMutator,toString,181,SURVIVED,none
JCLO.java,edu.mscd.cs.jclo.JCLO,org.pitest.mutationtest.engine.gregor.mutators.experimental.NakedReceiverMutator,toString,181,SURVIVED,none
JCLO.java,edu.mscd.cs.jclo.JCLO,org.pitest.mutationtest.engine.gregor.mutators.experimental.NakedReceiverMutator,toString,182,SURVIVED,none
JCLO.java,edu.mscd.cs.jclo.JCLO,org.pitest.mutationtest.engine.gregor.mutators.experimental.NakedReceiverMutator,toString,182,SURVIVED,none
JCLO.java,edu.mscd.cs.jclo.JCLO,org.pitest.mutationtest.engine.gregor.mutators.experimental.NakedReceiverMutator,toString,186,KILLED,edu.mscd.cs.jclo.JCLO_ESTest.test11
JCLO.java,edu.mscd.cs.jclo.JCLO,org.pitest.mutationtest.engine.gregor.mutators.experimental.NakedReceiverMutator,toString,186,KILLED,edu.mscd.cs.jclo.JCLO_ESTest.test11
JCLO.java,edu.mscd.cs.jclo.JCLO,org.pitest.mutationtest.engine.gregor.mutators.experimental.NakedReceiverMutator,toString,186,KILLED,edu.mscd.cs.jclo.JCLO_ESTest.test11
JCLO.java,edu.mscd.cs.jclo.JCLO,org.pitest.mutationtest.engine.gregor.mutators.experimental.NakedReceiverMutator,toString,186,KILLED,edu.mscd.cs.jclo.JCLO_ESTest.test11
JCLO.java,edu.mscd.cs.jclo.JCLO,org.pitest.mutationtest.engine.gregor.mutators.experimental.NakedReceiverMutator,toString,186,KILLED,edu.mscd.cs.jclo.JCLO_ESTest.test11
JCLO.java,edu.mscd.cs.jclo.JCLO,org.pitest.mutationtest.engine.gregor.mutators.experimental.NakedReceiverMutator,toString,186,KILLED,edu.mscd.cs.jclo.JCLO_ESTest.test11
JCLO.java,edu.mscd.cs.jclo.JCLO,org.pitest.mutationtest.engine.gregor.mutators.experimental.NakedReceiverMutator,toString,186,KILLED,edu.mscd.cs.jclo.JCLO_ESTest.test11
JCLO.java,edu.mscd.cs.jclo.JCLO,org.pitest.mutationtest.engine.gregor.mutators.experimental.RemoveIncrementsMutator,toString,169,KILLED,edu.mscd.cs.jclo.JCLO_ESTest.test11
JCLO.java,edu.mscd.cs.jclo.JCLO,org.pitest.mutationtest.engine.gregor.mutators.ArgumentPropagationMutator,usage,237,SURVIVED,none
JCLO.java,edu.mscd.cs.jclo.JCLO,org.pitest.mutationtest.engine.gregor.mutators.ArgumentPropagationMutator,usage,243,KILLED,edu.mscd.cs.jclo.JCLO_ESTest.test13
JCLO.java,edu.mscd.cs.jclo.JCLO,org.pitest.mutationtest.engine.gregor.mutators.ArgumentPropagationMutator,usage,244,KILLED,edu.mscd.cs.jclo.JCLO_ESTest.test13
JCLO.java,edu.mscd.cs.jclo.JCLO,org.pitest.mutationtest.engine.gregor.mutators.ArgumentPropagationMutator,usage,245,KILLED,edu.mscd.cs.jclo.JCLO_ESTest.test13
JCLO.java,edu.mscd.cs.jclo.JCLO,org.pitest.mutationtest.engine.gregor.mutators.ConditionalsBoundaryMutator,usage,223,KILLED,edu.mscd.cs.jclo.JCLO_ESTest.test18
JCLO.java,edu.mscd.cs.jclo.JCLO,org.pitest.mutationtest.engine.gregor.mutators.ConditionalsBoundaryMutator,usage,255,KILLED,edu.mscd.cs.jclo.JCLO_ESTest.test18
JCLO.java,edu.mscd.cs.jclo.JCLO,org.pitest.mutationtest.engine.gregor.mutators.ConstructorCallMutator,usage,237,KILLED,edu.mscd.cs.jclo.JCLO_ESTest.test18
JCLO.java,edu.mscd.cs.jclo.JCLO,org.pitest.mutationtest.engine.gregor.mutators.ConstructorCallMutator,usage,247,KILLED,edu.mscd.cs.jclo.JCLO_ESTest.test13
JCLO.java,edu.mscd.cs.jclo.JCLO,org.pitest.mutationtest.engine.gregor.mutators.ConstructorCallMutator,usage,257,KILLED,edu.mscd.cs.jclo.JCLO_ESTest.test13
JCLO.java,edu.mscd.cs.jclo.JCLO,org.pitest.mutationtest.engine.gregor.mutators.EmptyObjectReturnValsMutator,usage,259,KILLED,edu.mscd.cs.jclo.JCLO_ESTest.test13
JCLO.java,edu.mscd.cs.jclo.JCLO,org.pitest.mutationtest.engine.gregor.mutators.IncrementsMutator,usage,247,KILLED,edu.mscd.cs.jclo.JCLO_ESTest.test13
JCLO.java,edu.mscd.cs.jclo.JCLO,org.pitest.mutationtest.engine.gregor.mutators.InlineConstantMutator,usage,218,SURVIVED,none
JCLO.java,edu.mscd.cs.jclo.JCLO,org.pitest.mutationtest.engine.gregor.mutators.InlineConstantMutator,usage,221,KILLED,edu.mscd.cs.jclo.JCLO_ESTest.test13
JCLO.java,edu.mscd.cs.jclo.JCLO,org.pitest.mutationtest.engine.gregor.mutators.InlineConstantMutator,usage,223,KILLED,edu.mscd.cs.jclo.JCLO_ESTest.test13
JCLO.java,edu.mscd.cs.jclo.JCLO,org.pitest.mutationtest.engine.gregor.mutators.InlineConstantMutator,usage,253,KILLED,edu.mscd.cs.jclo.JCLO_ESTest.test18
JCLO.java,edu.mscd.cs.jclo.JCLO,org.pitest.mutationtest.engine.gregor.mutators.InlineConstantMutator,usage,255,KILLED,edu.mscd.cs.jclo.JCLO_ESTest.test13
JCLO.java,edu.mscd.cs.jclo.JCLO,org.pitest.mutationtest.engine.gregor.mutators.NegateConditionalsMutator,usage,223,KILLED,edu.mscd.cs.jclo.JCLO_ESTest.test13
JCLO.java,edu.mscd.cs.jclo.JCLO,org.pitest.mutationtest.engine.gregor.mutators.NegateConditionalsMutator,usage,229,KILLED,edu.mscd.cs.jclo.JCLO_ESTest.test13
JCLO.java,edu.mscd.cs.jclo.JCLO,org.pitest.mutationtest.engine.gregor.mutators.NegateConditionalsMutator,usage,232,KILLED,edu.mscd.cs.jclo.JCLO_ESTest.test09
JCLO.java,edu.mscd.cs.jclo.JCLO,org.pitest.mutationtest.engine.gregor.mutators.NegateConditionalsMutator,usage,234,KILLED,edu.mscd.cs.jclo.JCLO_ESTest.test09
JCLO.java,edu.mscd.cs.jclo.JCLO,org.pitest.mutationtest.engine.gregor.mutators.NegateConditionalsMutator,usage,240,KILLED,edu.mscd.cs.jclo.JCLO_ESTest.test18
JCLO.java,edu.mscd.cs.jclo.JCLO,org.pitest.mutationtest.engine.gregor.mutators.NegateConditionalsMutator,usage,247,KILLED,edu.mscd.cs.jclo.JCLO_ESTest.test13
JCLO.java,edu.mscd.cs.jclo.JCLO,org.pitest.mutationtest.engine.gregor.mutators.NegateConditionalsMutator,usage,255,KILLED,edu.mscd.cs.jclo.JCLO_ESTest.test13
JCLO.java,edu.mscd.cs.jclo.JCLO,org.pitest.mutationtest.engine.gregor.mutators.NegateConditionalsMutator,usage,256,KILLED,edu.mscd.cs.jclo.JCLO_ESTest.test18
JCLO.java,edu.mscd.cs.jclo.JCLO,org.pitest.mutationtest.engine.gregor.mutators.NonVoidMethodCallMutator,usage,226,KILLED,edu.mscd.cs.jclo.JCLO_ESTest.test18
JCLO.java,edu.mscd.cs.jclo.JCLO,org.pitest.mutationtest.engine.gregor.mutators.NonVoidMethodCallMutator,usage,227,KILLED,edu.mscd.cs.jclo.JCLO_ESTest.test13
JCLO.java,edu.mscd.cs.jclo.JCLO,org.pitest.mutationtest.engine.gregor.mutators.NonVoidMethodCallMutator,usage,229,SURVIVED,none
JCLO.java,edu.mscd.cs.jclo.JCLO,org.pitest.mutationtest.engine.gregor.mutators.NonVoidMethodCallMutator,usage,234,SURVIVED,none
JCLO.java,edu.mscd.cs.jclo.JCLO,org.pitest.mutationtest.engine.gregor.mutators.NonVoidMethodCallMutator,usage,237,KILLED,edu.mscd.cs.jclo.JCLO_ESTest.test18
JCLO.java,edu.mscd.cs.jclo.JCLO,org.pitest.mutationtest.engine.gregor.mutators.NonVoidMethodCallMutator,usage,237,KILLED,edu.mscd.cs.jclo.JCLO_ESTest.test18
JCLO.java,edu.mscd.cs.jclo.JCLO,org.pitest.mutationtest.engine.gregor.mutators.NonVoidMethodCallMutator,usage,237,KILLED,edu.mscd.cs.jclo.JCLO_ESTest.test18
JCLO.java,edu.mscd.cs.jclo.JCLO,org.pitest.mutationtest.engine.gregor.mutators.NonVoidMethodCallMutator,usage,237,SURVIVED,none
JCLO.java,edu.mscd.cs.jclo.JCLO,org.pitest.mutationtest.engine.gregor.mutators.NonVoidMethodCallMutator,usage,240,KILLED,edu.mscd.cs.jclo.JCLO_ESTest.test18
JCLO.java,edu.mscd.cs.jclo.JCLO,org.pitest.mutationtest.engine.gregor.mutators.NonVoidMethodCallMutator,usage,240,KILLED,edu.mscd.cs.jclo.JCLO_ESTest.test18
JCLO.java,edu.mscd.cs.jclo.JCLO,org.pitest.mutationtest.engine.gregor.mutators.NonVoidMethodCallMutator,usage,243,KILLED,edu.mscd.cs.jclo.JCLO_ESTest.test13
JCLO.java,edu.mscd.cs.jclo.JCLO,org.pitest.mutationtest.engine.gregor.mutators.NonVoidMethodCallMutator,usage,244,KILLED,edu.mscd.cs.jclo.JCLO_ESTest.test13
JCLO.java,edu.mscd.cs.jclo.JCLO,org.pitest.mutationtest.engine.gregor.mutators.NonVoidMethodCallMutator,usage,245,KILLED,edu.mscd.cs.jclo.JCLO_ESTest.test13
JCLO.java,edu.mscd.cs.jclo.JCLO,org.pitest.mutationtest.engine.gregor.mutators.NonVoidMethodCallMutator,usage,247,KILLED,edu.mscd.cs.jclo.JCLO_ESTest.test13
JCLO.java,edu.mscd.cs.jclo.JCLO,org.pitest.mutationtest.engine.gregor.mutators.NonVoidMethodCallMutator,usage,247,KILLED,edu.mscd.cs.jclo.JCLO_ESTest.test13
JCLO.java,edu.mscd.cs.jclo.JCLO,org.pitest.mutationtest.engine.gregor.mutators.NonVoidMethodCallMutator,usage,247,KILLED,edu.mscd.cs.jclo.JCLO_ESTest.test13
JCLO.java,edu.mscd.cs.jclo.JCLO,org.pitest.mutationtest.engine.gregor.mutators.NonVoidMethodCallMutator,usage,247,KILLED,edu.mscd.cs.jclo.JCLO_ESTest.test13
JCLO.java,edu.mscd.cs.jclo.JCLO,org.pitest.mutationtest.engine.gregor.mutators.NonVoidMethodCallMutator,usage,247,KILLED,edu.mscd.cs.jclo.JCLO_ESTest.test13
JCLO.java,edu.mscd.cs.jclo.JCLO,org.pitest.mutationtest.engine.gregor.mutators.NonVoidMethodCallMutator,usage,247,KILLED,edu.mscd.cs.jclo.JCLO_ESTest.test13
JCLO.java,edu.mscd.cs.jclo.JCLO,org.pitest.mutationtest.engine.gregor.mutators.NonVoidMethodCallMutator,usage,257,KILLED,edu.mscd.cs.jclo.JCLO_ESTest.test13
JCLO.java,edu.mscd.cs.jclo.JCLO,org.pitest.mutationtest.engine.gregor.mutators.NonVoidMethodCallMutator,usage,257,KILLED,edu.mscd.cs.jclo.JCLO_ESTest.test13
JCLO.java,edu.mscd.cs.jclo.JCLO,org.pitest.mutationtest.engine.gregor.mutators.NonVoidMethodCallMutator,usage,257,KILLED,edu.mscd.cs.jclo.JCLO_ESTest.test13
JCLO.java,edu.mscd.cs.jclo.JCLO,org.pitest.mutationtest.engine.gregor.mutators.RemoveConditionalMutator_EQUAL_ELSE,usage,229,SURVIVED,none
JCLO.java,edu.mscd.cs.jclo.JCLO,org.pitest.mutationtest.engine.gregor.mutators.RemoveConditionalMutator_EQUAL_ELSE,usage,232,KILLED,edu.mscd.cs.jclo.JCLO_ESTest.test09
JCLO.java,edu.mscd.cs.jclo.JCLO,org.pitest.mutationtest.engine.gregor.mutators.RemoveConditionalMutator_EQUAL_ELSE,usage,234,KILLED,edu.mscd.cs.jclo.JCLO_ESTest.test09
JCLO.java,edu.mscd.cs.jclo.JCLO,org.pitest.mutationtest.engine.gregor.mutators.RemoveConditionalMutator_EQUAL_ELSE,usage,240,KILLED,edu.mscd.cs.jclo.JCLO_ESTest.test18
JCLO.java,edu.mscd.cs.jclo.JCLO,org.pitest.mutationtest.engine.gregor.mutators.RemoveConditionalMutator_EQUAL_ELSE,usage,247,SURVIVED,none
JCLO.java,edu.mscd.cs.jclo.JCLO,org.pitest.mutationtest.engine.gregor.mutators.RemoveConditionalMutator_EQUAL_ELSE,usage,256,KILLED,edu.mscd.cs.jclo.JCLO_ESTest.test13
JCLO.java,edu.mscd.cs.jclo.JCLO,org.pitest.mutationtest.engine.gregor.mutators.RemoveConditionalMutator_EQUAL_IF,usage,229,KILLED,edu.mscd.cs.jclo.JCLO_ESTest.test13
JCLO.java,edu.mscd.cs.jclo.JCLO,org.pitest.mutationtest.engine.gregor.mutators.RemoveConditionalMutator_EQUAL_IF,usage,232,KILLED,edu.mscd.cs.jclo.JCLO_ESTest.test13
JCLO.java,edu.mscd.cs.jclo.JCLO,org.pitest.mutationtest.engine.gregor.mutators.RemoveConditionalMutator_EQUAL_IF,usage,234,SURVIVED,none
JCLO.java,edu.mscd.cs.jclo.JCLO,org.pitest.mutationtest.engine.gregor.mutators.RemoveConditionalMutator_EQUAL_IF,usage,240,KILLED,edu.mscd.cs.jclo.JCLO_ESTest.test13
JCLO.java,edu.mscd.cs.jclo.JCLO,org.pitest.mutationtest.engine.gregor.mutators.RemoveConditionalMutator_EQUAL_IF,usage,247,KILLED,edu.mscd.cs.jclo.JCLO_ESTest.test13
JCLO.java,edu.mscd.cs.jclo.JCLO,org.pitest.mutationtest.engine.gregor.mutators.RemoveConditionalMutator_EQUAL_IF,usage,256,KILLED,edu.mscd.cs.jclo.JCLO_ESTest.test18
JCLO.java,edu.mscd.cs.jclo.JCLO,org.pitest.mutationtest.engine.gregor.mutators.RemoveConditionalMutator_ORDER_ELSE,usage,223,KILLED,edu.mscd.cs.jclo.JCLO_ESTest.test13
JCLO.java,edu.mscd.cs.jclo.JCLO,org.pitest.mutationtest.engine.gregor.mutators.RemoveConditionalMutator_ORDER_ELSE,usage,255,KILLED,edu.mscd.cs.jclo.JCLO_ESTest.test13
JCLO.java,edu.mscd.cs.jclo.JCLO,org.pitest.mutationtest.engine.gregor.mutators.RemoveConditionalMutator_ORDER_IF,usage,223,KILLED,edu.mscd.cs.jclo.JCLO_ESTest.test18
JCLO.java,edu.mscd.cs.jclo.JCLO,org.pitest.mutationtest.engine.gregor.mutators.RemoveConditionalMutator_ORDER_IF,usage,255,KILLED,edu.mscd.cs.jclo.JCLO_ESTest.test18
JCLO.java,edu.mscd.cs.jclo.JCLO,org.pitest.mutationtest.engine.gregor.mutators.ReturnValsMutator,usage,259,KILLED,edu.mscd.cs.jclo.JCLO_ESTest.test18
JCLO.java,edu.mscd.cs.jclo.JCLO,org.pitest.mutationtest.engine.gregor.mutators.VoidMethodCallMutator,usage,253,KILLED,edu.mscd.cs.jclo.JCLO_ESTest.test13
JCLO.java,edu.mscd.cs.jclo.JCLO,org.pitest.mutationtest.engine.gregor.mutators.experimental.NakedReceiverMutator,usage,237,SURVIVED,none
JCLO.java,edu.mscd.cs.jclo.JCLO,org.pitest.mutationtest.engine.gregor.mutators.experimental.NakedReceiverMutator,usage,237,SURVIVED,none
JCLO.java,edu.mscd.cs.jclo.JCLO,org.pitest.mutationtest.engine.gregor.mutators.experimental.NakedReceiverMutator,usage,237,SURVIVED,none
JCLO.java,edu.mscd.cs.jclo.JCLO,org.pitest.mutationtest.engine.gregor.mutators.experimental.NakedReceiverMutator,usage,243,SURVIVED,none
JCLO.java,edu.mscd.cs.jclo.JCLO,org.pitest.mutationtest.engine.gregor.mutators.experimental.NakedReceiverMutator,usage,244,SURVIVED,none
JCLO.java,edu.mscd.cs.jclo.JCLO,org.pitest.mutationtest.engine.gregor.mutators.experimental.NakedReceiverMutator,usage,245,SURVIVED,none
JCLO.java,edu.mscd.cs.jclo.JCLO,org.pitest.mutationtest.engine.gregor.mutators.experimental.NakedReceiverMutator,usage,247,KILLED,edu.mscd.cs.jclo.JCLO_ESTest.test13
JCLO.java,edu.mscd.cs.jclo.JCLO,org.pitest.mutationtest.engine.gregor.mutators.experimental.NakedReceiverMutator,usage,247,KILLED,edu.mscd.cs.jclo.JCLO_ESTest.test13
JCLO.java,edu.mscd.cs.jclo.JCLO,org.pitest.mutationtest.engine.gregor.mutators.experimental.NakedReceiverMutator,usage,247,KILLED,edu.mscd.cs.jclo.JCLO_ESTest.test13
JCLO.java,edu.mscd.cs.jclo.JCLO,org.pitest.mutationtest.engine.gregor.mutators.experimental.NakedReceiverMutator,usage,247,KILLED,edu.mscd.cs.jclo.JCLO_ESTest.test13
JCLO.java,edu.mscd.cs.jclo.JCLO,org.pitest.mutationtest.engine.gregor.mutators.experimental.NakedReceiverMutator,usage,257,KILLED,edu.mscd.cs.jclo.JCLO_ESTest.test13
JCLO.java,edu.mscd.cs.jclo.JCLO,org.pitest.mutationtest.engine.gregor.mutators.experimental.NakedReceiverMutator,usage,257,KILLED,edu.mscd.cs.jclo.JCLO_ESTest.test13
JCLO.java,edu.mscd.cs.jclo.JCLO,org.pitest.mutationtest.engine.gregor.mutators.experimental.RemoveIncrementsMutator,usage,247,KILLED,edu.mscd.cs.jclo.JCLO_ESTest.test13
