GroupAgent.java,glengineer.agents.GroupAgent,org.pitest.mutationtest.engine.gregor.mutators.ConstructorCallMutator,<init>,23,KILLED,glengineer.agents.GroupAgent_ESTest.test13
GroupAgent.java,glengineer.agents.GroupAgent,org.pitest.mutationtest.engine.gregor.mutators.ConstructorCallMutator,<init>,28,SURVIVED,none
GroupAgent.java,glengineer.agents.GroupAgent,org.pitest.mutationtest.engine.gregor.mutators.experimental.MemberVariableMutator,<init>,23,KILLED,glengineer.agents.GroupAgent_ESTest.test13
GroupAgent.java,glengineer.agents.GroupAgent,org.pitest.mutationtest.engine.gregor.mutators.experimental.MemberVariableMutator,<init>,28,SURVIVED,none
GroupAgent.java,glengineer.agents.GroupAgent,org.pitest.mutationtest.engine.gregor.mutators.ConstructorCallMutator,addAgent,78,KILLED,glengineer.agents.GroupAgent_ESTest.test11
GroupAgent.java,glengineer.agents.GroupAgent,org.pitest.mutationtest.engine.gregor.mutators.NegateConditionalsMutator,addAgent,77,KILLED,glengineer.agents.GroupAgent_ESTest.test12
GroupAgent.java,glengineer.agents.GroupAgent,org.pitest.mutationtest.engine.gregor.mutators.NonVoidMethodCallMutator,addAgent,79,SURVIVED,none
GroupAgent.java,glengineer.agents.GroupAgent,org.pitest.mutationtest.engine.gregor.mutators.RemoveConditionalMutator_EQUAL_ELSE,addAgent,77,KILLED,glengineer.agents.GroupAgent_ESTest.test11
GroupAgent.java,glengineer.agents.GroupAgent,org.pitest.mutationtest.engine.gregor.mutators.RemoveConditionalMutator_EQUAL_IF,addAgent,77,KILLED,glengineer.agents.GroupAgent_ESTest.test12
GroupAgent.java,glengineer.agents.GroupAgent,org.pitest.mutationtest.engine.gregor.mutators.NonVoidMethodCallMutator,addContentToGroup,362,SURVIVED,none
GroupAgent.java,glengineer.agents.GroupAgent,org.pitest.mutationtest.engine.gregor.mutators.VoidMethodCallMutator,addContentToGroup,362,SURVIVED,none
GroupAgent.java,glengineer.agents.GroupAgent,org.pitest.mutationtest.engine.gregor.mutators.ConstructorCallMutator,addGapAfter,508,KILLED,glengineer.agents.GroupAgent_ESTest.test13
GroupAgent.java,glengineer.agents.GroupAgent,org.pitest.mutationtest.engine.gregor.mutators.ConstructorCallMutator,addGapAfter,508,KILLED,glengineer.agents.GroupAgent_ESTest.test13
GroupAgent.java,glengineer.agents.GroupAgent,org.pitest.mutationtest.engine.gregor.mutators.NegateConditionalsMutator,addGapAfter,498,KILLED,glengineer.agents.GroupAgent_ESTest.test13
GroupAgent.java,glengineer.agents.GroupAgent,org.pitest.mutationtest.engine.gregor.mutators.NegateConditionalsMutator,addGapAfter,503,SURVIVED,none
GroupAgent.java,glengineer.agents.GroupAgent,org.pitest.mutationtest.engine.gregor.mutators.NegateConditionalsMutator,addGapAfter,504,KILLED,glengineer.agents.GroupAgent_ESTest.test13
GroupAgent.java,glengineer.agents.GroupAgent,org.pitest.mutationtest.engine.gregor.mutators.NonVoidMethodCallMutator,addGapAfter,498,KILLED,glengineer.agents.GroupAgent_ESTest.test13
GroupAgent.java,glengineer.agents.GroupAgent,org.pitest.mutationtest.engine.gregor.mutators.NonVoidMethodCallMutator,addGapAfter,499,KILLED,glengineer.agents.GroupAgent_ESTest.test13
GroupAgent.java,glengineer.agents.GroupAgent,org.pitest.mutationtest.engine.gregor.mutators.NonVoidMethodCallMutator,addGapAfter,502,KILLED,glengineer.agents.GroupAgent_ESTest.test13
GroupAgent.java,glengineer.agents.GroupAgent,org.pitest.mutationtest.engine.gregor.mutators.NonVoidMethodCallMutator,addGapAfter,503,SURVIVED,none
GroupAgent.java,glengineer.agents.GroupAgent,org.pitest.mutationtest.engine.gregor.mutators.NonVoidMethodCallMutator,addGapAfter,504,KILLED,glengineer.agents.GroupAgent_ESTest.test13
GroupAgent.java,glengineer.agents.GroupAgent,org.pitest.mutationtest.engine.gregor.mutators.NonVoidMethodCallMutator,addGapAfter,504,SURVIVED,none
GroupAgent.java,glengineer.agents.GroupAgent,org.pitest.mutationtest.engine.gregor.mutators.NonVoidMethodCallMutator,addGapAfter,508,KILLED,glengineer.agents.GroupAgent_ESTest.test13
GroupAgent.java,glengineer.agents.GroupAgent,org.pitest.mutationtest.engine.gregor.mutators.NonVoidMethodCallMutator,addGapAfter,508,SURVIVED,none
GroupAgent.java,glengineer.agents.GroupAgent,org.pitest.mutationtest.engine.gregor.mutators.NonVoidMethodCallMutator,addGapAfter,508,KILLED,glengineer.agents.GroupAgent_ESTest.test13
GroupAgent.java,glengineer.agents.GroupAgent,org.pitest.mutationtest.engine.gregor.mutators.NonVoidMethodCallMutator,addGapAfter,508,KILLED,glengineer.agents.GroupAgent_ESTest.test13
GroupAgent.java,glengineer.agents.GroupAgent,org.pitest.mutationtest.engine.gregor.mutators.NonVoidMethodCallMutator,addGapAfter,508,SURVIVED,none
GroupAgent.java,glengineer.agents.GroupAgent,org.pitest.mutationtest.engine.gregor.mutators.NonVoidMethodCallMutator,addGapAfter,508,KILLED,glengineer.agents.GroupAgent_ESTest.test13
GroupAgent.java,glengineer.agents.GroupAgent,org.pitest.mutationtest.engine.gregor.mutators.NonVoidMethodCallMutator,addGapAfter,508,KILLED,glengineer.agents.GroupAgent_ESTest.test13
GroupAgent.java,glengineer.agents.GroupAgent,org.pitest.mutationtest.engine.gregor.mutators.NonVoidMethodCallMutator,addGapAfter,508,SURVIVED,none
GroupAgent.java,glengineer.agents.GroupAgent,org.pitest.mutationtest.engine.gregor.mutators.RemoveConditionalMutator_EQUAL_ELSE,addGapAfter,498,KILLED,glengineer.agents.GroupAgent_ESTest.test13
GroupAgent.java,glengineer.agents.GroupAgent,org.pitest.mutationtest.engine.gregor.mutators.RemoveConditionalMutator_EQUAL_ELSE,addGapAfter,503,SURVIVED,none
GroupAgent.java,glengineer.agents.GroupAgent,org.pitest.mutationtest.engine.gregor.mutators.RemoveConditionalMutator_EQUAL_ELSE,addGapAfter,504,SURVIVED,none
GroupAgent.java,glengineer.agents.GroupAgent,org.pitest.mutationtest.engine.gregor.mutators.RemoveConditionalMutator_EQUAL_IF,addGapAfter,498,KILLED,glengineer.agents.GroupAgent_ESTest.test13
GroupAgent.java,glengineer.agents.GroupAgent,org.pitest.mutationtest.engine.gregor.mutators.RemoveConditionalMutator_EQUAL_IF,addGapAfter,503,KILLED,glengineer.agents.GroupAgent_ESTest.test13
GroupAgent.java,glengineer.agents.GroupAgent,org.pitest.mutationtest.engine.gregor.mutators.RemoveConditionalMutator_EQUAL_IF,addGapAfter,504,KILLED,glengineer.agents.GroupAgent_ESTest.test13
GroupAgent.java,glengineer.agents.GroupAgent,org.pitest.mutationtest.engine.gregor.mutators.VoidMethodCallMutator,addGapAfter,505,NO_COVERAGE,none
GroupAgent.java,glengineer.agents.GroupAgent,org.pitest.mutationtest.engine.gregor.mutators.experimental.NakedReceiverMutator,addGapAfter,508,SURVIVED,none
GroupAgent.java,glengineer.agents.GroupAgent,org.pitest.mutationtest.engine.gregor.mutators.experimental.NakedReceiverMutator,addGapAfter,508,SURVIVED,none
GroupAgent.java,glengineer.agents.GroupAgent,org.pitest.mutationtest.engine.gregor.mutators.experimental.NakedReceiverMutator,addGapAfter,508,SURVIVED,none
GroupAgent.java,glengineer.agents.GroupAgent,org.pitest.mutationtest.engine.gregor.mutators.experimental.NakedReceiverMutator,addGapAfter,508,SURVIVED,none
GroupAgent.java,glengineer.agents.GroupAgent,org.pitest.mutationtest.engine.gregor.mutators.experimental.NakedReceiverMutator,addGapAfter,508,SURVIVED,none
GroupAgent.java,glengineer.agents.GroupAgent,org.pitest.mutationtest.engine.gregor.mutators.ConstructorCallMutator,addGapBefore,487,KILLED,glengineer.agents.GroupAgent_ESTest.test02
GroupAgent.java,glengineer.agents.GroupAgent,org.pitest.mutationtest.engine.gregor.mutators.ConstructorCallMutator,addGapBefore,487,KILLED,glengineer.agents.GroupAgent_ESTest.test02
GroupAgent.java,glengineer.agents.GroupAgent,org.pitest.mutationtest.engine.gregor.mutators.NegateConditionalsMutator,addGapBefore,476,KILLED,glengineer.agents.GroupAgent_ESTest.test10
GroupAgent.java,glengineer.agents.GroupAgent,org.pitest.mutationtest.engine.gregor.mutators.NegateConditionalsMutator,addGapBefore,481,SURVIVED,none
GroupAgent.java,glengineer.agents.GroupAgent,org.pitest.mutationtest.engine.gregor.mutators.NegateConditionalsMutator,addGapBefore,482,KILLED,glengineer.agents.GroupAgent_ESTest.test02
GroupAgent.java,glengineer.agents.GroupAgent,org.pitest.mutationtest.engine.gregor.mutators.NonVoidMethodCallMutator,addGapBefore,476,KILLED,glengineer.agents.GroupAgent_ESTest.test10
GroupAgent.java,glengineer.agents.GroupAgent,org.pitest.mutationtest.engine.gregor.mutators.NonVoidMethodCallMutator,addGapBefore,477,KILLED,glengineer.agents.GroupAgent_ESTest.test06
GroupAgent.java,glengineer.agents.GroupAgent,org.pitest.mutationtest.engine.gregor.mutators.NonVoidMethodCallMutator,addGapBefore,480,KILLED,glengineer.agents.GroupAgent_ESTest.test02
GroupAgent.java,glengineer.agents.GroupAgent,org.pitest.mutationtest.engine.gregor.mutators.NonVoidMethodCallMutator,addGapBefore,481,SURVIVED,none
GroupAgent.java,glengineer.agents.GroupAgent,org.pitest.mutationtest.engine.gregor.mutators.NonVoidMethodCallMutator,addGapBefore,482,KILLED,glengineer.agents.GroupAgent_ESTest.test02
GroupAgent.java,glengineer.agents.GroupAgent,org.pitest.mutationtest.engine.gregor.mutators.NonVoidMethodCallMutator,addGapBefore,482,SURVIVED,none
GroupAgent.java,glengineer.agents.GroupAgent,org.pitest.mutationtest.engine.gregor.mutators.NonVoidMethodCallMutator,addGapBefore,483,NO_COVERAGE,none
GroupAgent.java,glengineer.agents.GroupAgent,org.pitest.mutationtest.engine.gregor.mutators.NonVoidMethodCallMutator,addGapBefore,487,KILLED,glengineer.agents.GroupAgent_ESTest.test02
GroupAgent.java,glengineer.agents.GroupAgent,org.pitest.mutationtest.engine.gregor.mutators.NonVoidMethodCallMutator,addGapBefore,487,SURVIVED,none
GroupAgent.java,glengineer.agents.GroupAgent,org.pitest.mutationtest.engine.gregor.mutators.NonVoidMethodCallMutator,addGapBefore,487,KILLED,glengineer.agents.GroupAgent_ESTest.test02
GroupAgent.java,glengineer.agents.GroupAgent,org.pitest.mutationtest.engine.gregor.mutators.NonVoidMethodCallMutator,addGapBefore,487,KILLED,glengineer.agents.GroupAgent_ESTest.test02
GroupAgent.java,glengineer.agents.GroupAgent,org.pitest.mutationtest.engine.gregor.mutators.NonVoidMethodCallMutator,addGapBefore,487,SURVIVED,none
GroupAgent.java,glengineer.agents.GroupAgent,org.pitest.mutationtest.engine.gregor.mutators.NonVoidMethodCallMutator,addGapBefore,487,KILLED,glengineer.agents.GroupAgent_ESTest.test02
GroupAgent.java,glengineer.agents.GroupAgent,org.pitest.mutationtest.engine.gregor.mutators.NonVoidMethodCallMutator,addGapBefore,487,KILLED,glengineer.agents.GroupAgent_ESTest.test02
GroupAgent.java,glengineer.agents.GroupAgent,org.pitest.mutationtest.engine.gregor.mutators.NonVoidMethodCallMutator,addGapBefore,487,SURVIVED,none
GroupAgent.java,glengineer.agents.GroupAgent,org.pitest.mutationtest.engine.gregor.mutators.RemoveConditionalMutator_EQUAL_ELSE,addGapBefore,476,KILLED,glengineer.agents.GroupAgent_ESTest.test10
GroupAgent.java,glengineer.agents.GroupAgent,org.pitest.mutationtest.engine.gregor.mutators.RemoveConditionalMutator_EQUAL_ELSE,addGapBefore,481,SURVIVED,none
GroupAgent.java,glengineer.agents.GroupAgent,org.pitest.mutationtest.engine.gregor.mutators.RemoveConditionalMutator_EQUAL_ELSE,addGapBefore,482,SURVIVED,none
GroupAgent.java,glengineer.agents.GroupAgent,org.pitest.mutationtest.engine.gregor.mutators.RemoveConditionalMutator_EQUAL_IF,addGapBefore,476,KILLED,glengineer.agents.GroupAgent_ESTest.test02
GroupAgent.java,glengineer.agents.GroupAgent,org.pitest.mutationtest.engine.gregor.mutators.RemoveConditionalMutator_EQUAL_IF,addGapBefore,481,KILLED,glengineer.agents.GroupAgent_ESTest.test02
GroupAgent.java,glengineer.agents.GroupAgent,org.pitest.mutationtest.engine.gregor.mutators.RemoveConditionalMutator_EQUAL_IF,addGapBefore,482,KILLED,glengineer.agents.GroupAgent_ESTest.test02
GroupAgent.java,glengineer.agents.GroupAgent,org.pitest.mutationtest.engine.gregor.mutators.VoidMethodCallMutator,addGapBefore,484,NO_COVERAGE,none
GroupAgent.java,glengineer.agents.GroupAgent,org.pitest.mutationtest.engine.gregor.mutators.experimental.NakedReceiverMutator,addGapBefore,487,SURVIVED,none
GroupAgent.java,glengineer.agents.GroupAgent,org.pitest.mutationtest.engine.gregor.mutators.experimental.NakedReceiverMutator,addGapBefore,487,SURVIVED,none
GroupAgent.java,glengineer.agents.GroupAgent,org.pitest.mutationtest.engine.gregor.mutators.experimental.NakedReceiverMutator,addGapBefore,487,SURVIVED,none
GroupAgent.java,glengineer.agents.GroupAgent,org.pitest.mutationtest.engine.gregor.mutators.experimental.NakedReceiverMutator,addGapBefore,487,SURVIVED,none
GroupAgent.java,glengineer.agents.GroupAgent,org.pitest.mutationtest.engine.gregor.mutators.experimental.NakedReceiverMutator,addGapBefore,487,SURVIVED,none
GroupAgent.java,glengineer.agents.GroupAgent,org.pitest.mutationtest.engine.gregor.mutators.BooleanFalseReturnValsMutator,equals,72,SURVIVED,none
GroupAgent.java,glengineer.agents.GroupAgent,org.pitest.mutationtest.engine.gregor.mutators.BooleanTrueReturnValsMutator,equals,72,SURVIVED,none
GroupAgent.java,glengineer.agents.GroupAgent,org.pitest.mutationtest.engine.gregor.mutators.NonVoidMethodCallMutator,equals,72,SURVIVED,none
GroupAgent.java,glengineer.agents.GroupAgent,org.pitest.mutationtest.engine.gregor.mutators.NonVoidMethodCallMutator,equals,72,SURVIVED,none
GroupAgent.java,glengineer.agents.GroupAgent,org.pitest.mutationtest.engine.gregor.mutators.NonVoidMethodCallMutator,equals,72,KILLED,glengineer.agents.GroupAgent_ESTest.test16
GroupAgent.java,glengineer.agents.GroupAgent,org.pitest.mutationtest.engine.gregor.mutators.ReturnValsMutator,equals,72,SURVIVED,none
GroupAgent.java,glengineer.agents.GroupAgent,org.pitest.mutationtest.engine.gregor.mutators.NegateConditionalsMutator,findDependingComponentByName,135,SURVIVED,none
GroupAgent.java,glengineer.agents.GroupAgent,org.pitest.mutationtest.engine.gregor.mutators.NonVoidMethodCallMutator,findDependingComponentByName,134,SURVIVED,none
GroupAgent.java,glengineer.agents.GroupAgent,org.pitest.mutationtest.engine.gregor.mutators.NullReturnValsMutator,findDependingComponentByName,136,NO_COVERAGE,none
GroupAgent.java,glengineer.agents.GroupAgent,org.pitest.mutationtest.engine.gregor.mutators.RemoveConditionalMutator_EQUAL_ELSE,findDependingComponentByName,135,SURVIVED,none
GroupAgent.java,glengineer.agents.GroupAgent,org.pitest.mutationtest.engine.gregor.mutators.RemoveConditionalMutator_EQUAL_IF,findDependingComponentByName,135,SURVIVED,none
GroupAgent.java,glengineer.agents.GroupAgent,org.pitest.mutationtest.engine.gregor.mutators.ReturnValsMutator,findDependingComponentByName,136,NO_COVERAGE,none
GroupAgent.java,glengineer.agents.GroupAgent,org.pitest.mutationtest.engine.gregor.mutators.ReturnValsMutator,findDependingComponentByName,138,KILLED,glengineer.agents.GroupAgent_ESTest.test09
GroupAgent.java,glengineer.agents.GroupAgent,org.pitest.mutationtest.engine.gregor.mutators.NegateConditionalsMutator,findDependingGroupByNames,150,NO_COVERAGE,none
GroupAgent.java,glengineer.agents.GroupAgent,org.pitest.mutationtest.engine.gregor.mutators.NegateConditionalsMutator,findDependingGroupByNames,155,NO_COVERAGE,none
GroupAgent.java,glengineer.agents.GroupAgent,org.pitest.mutationtest.engine.gregor.mutators.NonVoidMethodCallMutator,findDependingGroupByNames,150,NO_COVERAGE,none
GroupAgent.java,glengineer.agents.GroupAgent,org.pitest.mutationtest.engine.gregor.mutators.NonVoidMethodCallMutator,findDependingGroupByNames,154,NO_COVERAGE,none
GroupAgent.java,glengineer.agents.GroupAgent,org.pitest.mutationtest.engine.gregor.mutators.NullReturnValsMutator,findDependingGroupByNames,151,NO_COVERAGE,none
GroupAgent.java,glengineer.agents.GroupAgent,org.pitest.mutationtest.engine.gregor.mutators.NullReturnValsMutator,findDependingGroupByNames,156,NO_COVERAGE,none
GroupAgent.java,glengineer.agents.GroupAgent,org.pitest.mutationtest.engine.gregor.mutators.RemoveConditionalMutator_EQUAL_ELSE,findDependingGroupByNames,150,NO_COVERAGE,none
GroupAgent.java,glengineer.agents.GroupAgent,org.pitest.mutationtest.engine.gregor.mutators.RemoveConditionalMutator_EQUAL_ELSE,findDependingGroupByNames,155,NO_COVERAGE,none
GroupAgent.java,glengineer.agents.GroupAgent,org.pitest.mutationtest.engine.gregor.mutators.RemoveConditionalMutator_EQUAL_IF,findDependingGroupByNames,150,NO_COVERAGE,none
GroupAgent.java,glengineer.agents.GroupAgent,org.pitest.mutationtest.engine.gregor.mutators.RemoveConditionalMutator_EQUAL_IF,findDependingGroupByNames,155,NO_COVERAGE,none
GroupAgent.java,glengineer.agents.GroupAgent,org.pitest.mutationtest.engine.gregor.mutators.ReturnValsMutator,findDependingGroupByNames,151,NO_COVERAGE,none
GroupAgent.java,glengineer.agents.GroupAgent,org.pitest.mutationtest.engine.gregor.mutators.ReturnValsMutator,findDependingGroupByNames,156,NO_COVERAGE,none
GroupAgent.java,glengineer.agents.GroupAgent,org.pitest.mutationtest.engine.gregor.mutators.ReturnValsMutator,findDependingGroupByNames,158,NO_COVERAGE,none
GroupAgent.java,glengineer.agents.GroupAgent,org.pitest.mutationtest.engine.gregor.mutators.NegateConditionalsMutator,findDependingParallelGroupByNames,164,NO_COVERAGE,none
GroupAgent.java,glengineer.agents.GroupAgent,org.pitest.mutationtest.engine.gregor.mutators.NegateConditionalsMutator,findDependingParallelGroupByNames,164,NO_COVERAGE,none
GroupAgent.java,glengineer.agents.GroupAgent,org.pitest.mutationtest.engine.gregor.mutators.NegateConditionalsMutator,findDependingParallelGroupByNames,171,NO_COVERAGE,none
GroupAgent.java,glengineer.agents.GroupAgent,org.pitest.mutationtest.engine.gregor.mutators.NonVoidMethodCallMutator,findDependingParallelGroupByNames,164,NO_COVERAGE,none
GroupAgent.java,glengineer.agents.GroupAgent,org.pitest.mutationtest.engine.gregor.mutators.NonVoidMethodCallMutator,findDependingParallelGroupByNames,169,NO_COVERAGE,none
GroupAgent.java,glengineer.agents.GroupAgent,org.pitest.mutationtest.engine.gregor.mutators.NullReturnValsMutator,findDependingParallelGroupByNames,166,NO_COVERAGE,none
GroupAgent.java,glengineer.agents.GroupAgent,org.pitest.mutationtest.engine.gregor.mutators.NullReturnValsMutator,findDependingParallelGroupByNames,172,NO_COVERAGE,none
GroupAgent.java,glengineer.agents.GroupAgent,org.pitest.mutationtest.engine.gregor.mutators.RemoveConditionalMutator_EQUAL_ELSE,findDependingParallelGroupByNames,164,NO_COVERAGE,none
GroupAgent.java,glengineer.agents.GroupAgent,org.pitest.mutationtest.engine.gregor.mutators.RemoveConditionalMutator_EQUAL_ELSE,findDependingParallelGroupByNames,164,NO_COVERAGE,none
GroupAgent.java,glengineer.agents.GroupAgent,org.pitest.mutationtest.engine.gregor.mutators.RemoveConditionalMutator_EQUAL_ELSE,findDependingParallelGroupByNames,171,NO_COVERAGE,none
GroupAgent.java,glengineer.agents.GroupAgent,org.pitest.mutationtest.engine.gregor.mutators.RemoveConditionalMutator_EQUAL_IF,findDependingParallelGroupByNames,164,NO_COVERAGE,none
GroupAgent.java,glengineer.agents.GroupAgent,org.pitest.mutationtest.engine.gregor.mutators.RemoveConditionalMutator_EQUAL_IF,findDependingParallelGroupByNames,164,NO_COVERAGE,none
GroupAgent.java,glengineer.agents.GroupAgent,org.pitest.mutationtest.engine.gregor.mutators.RemoveConditionalMutator_EQUAL_IF,findDependingParallelGroupByNames,171,NO_COVERAGE,none
GroupAgent.java,glengineer.agents.GroupAgent,org.pitest.mutationtest.engine.gregor.mutators.ReturnValsMutator,findDependingParallelGroupByNames,166,NO_COVERAGE,none
GroupAgent.java,glengineer.agents.GroupAgent,org.pitest.mutationtest.engine.gregor.mutators.ReturnValsMutator,findDependingParallelGroupByNames,172,NO_COVERAGE,none
GroupAgent.java,glengineer.agents.GroupAgent,org.pitest.mutationtest.engine.gregor.mutators.ReturnValsMutator,findDependingParallelGroupByNames,174,NO_COVERAGE,none
GroupAgent.java,glengineer.agents.GroupAgent,org.pitest.mutationtest.engine.gregor.mutators.NegateConditionalsMutator,findDependingSequentialGroupByNames,180,NO_COVERAGE,none
GroupAgent.java,glengineer.agents.GroupAgent,org.pitest.mutationtest.engine.gregor.mutators.NegateConditionalsMutator,findDependingSequentialGroupByNames,180,NO_COVERAGE,none
GroupAgent.java,glengineer.agents.GroupAgent,org.pitest.mutationtest.engine.gregor.mutators.NegateConditionalsMutator,findDependingSequentialGroupByNames,187,NO_COVERAGE,none
GroupAgent.java,glengineer.agents.GroupAgent,org.pitest.mutationtest.engine.gregor.mutators.NonVoidMethodCallMutator,findDependingSequentialGroupByNames,180,NO_COVERAGE,none
GroupAgent.java,glengineer.agents.GroupAgent,org.pitest.mutationtest.engine.gregor.mutators.NonVoidMethodCallMutator,findDependingSequentialGroupByNames,185,NO_COVERAGE,none
GroupAgent.java,glengineer.agents.GroupAgent,org.pitest.mutationtest.engine.gregor.mutators.NullReturnValsMutator,findDependingSequentialGroupByNames,182,NO_COVERAGE,none
GroupAgent.java,glengineer.agents.GroupAgent,org.pitest.mutationtest.engine.gregor.mutators.NullReturnValsMutator,findDependingSequentialGroupByNames,188,NO_COVERAGE,none
GroupAgent.java,glengineer.agents.GroupAgent,org.pitest.mutationtest.engine.gregor.mutators.RemoveConditionalMutator_EQUAL_ELSE,findDependingSequentialGroupByNames,180,NO_COVERAGE,none
GroupAgent.java,glengineer.agents.GroupAgent,org.pitest.mutationtest.engine.gregor.mutators.RemoveConditionalMutator_EQUAL_ELSE,findDependingSequentialGroupByNames,180,NO_COVERAGE,none
GroupAgent.java,glengineer.agents.GroupAgent,org.pitest.mutationtest.engine.gregor.mutators.RemoveConditionalMutator_EQUAL_ELSE,findDependingSequentialGroupByNames,187,NO_COVERAGE,none
GroupAgent.java,glengineer.agents.GroupAgent,org.pitest.mutationtest.engine.gregor.mutators.RemoveConditionalMutator_EQUAL_IF,findDependingSequentialGroupByNames,180,NO_COVERAGE,none
GroupAgent.java,glengineer.agents.GroupAgent,org.pitest.mutationtest.engine.gregor.mutators.RemoveConditionalMutator_EQUAL_IF,findDependingSequentialGroupByNames,180,NO_COVERAGE,none
GroupAgent.java,glengineer.agents.GroupAgent,org.pitest.mutationtest.engine.gregor.mutators.RemoveConditionalMutator_EQUAL_IF,findDependingSequentialGroupByNames,187,NO_COVERAGE,none
GroupAgent.java,glengineer.agents.GroupAgent,org.pitest.mutationtest.engine.gregor.mutators.ReturnValsMutator,findDependingSequentialGroupByNames,182,NO_COVERAGE,none
GroupAgent.java,glengineer.agents.GroupAgent,org.pitest.mutationtest.engine.gregor.mutators.ReturnValsMutator,findDependingSequentialGroupByNames,188,NO_COVERAGE,none
GroupAgent.java,glengineer.agents.GroupAgent,org.pitest.mutationtest.engine.gregor.mutators.ReturnValsMutator,findDependingSequentialGroupByNames,190,NO_COVERAGE,none
GroupAgent.java,glengineer.agents.GroupAgent,org.pitest.mutationtest.engine.gregor.mutators.ArgumentPropagationMutator,getChildren,84,SURVIVED,none
GroupAgent.java,glengineer.agents.GroupAgent,org.pitest.mutationtest.engine.gregor.mutators.EmptyObjectReturnValsMutator,getChildren,84,SURVIVED,none
GroupAgent.java,glengineer.agents.GroupAgent,org.pitest.mutationtest.engine.gregor.mutators.NonVoidMethodCallMutator,getChildren,84,KILLED,glengineer.agents.GroupAgent_ESTest.test19
GroupAgent.java,glengineer.agents.GroupAgent,org.pitest.mutationtest.engine.gregor.mutators.ReturnValsMutator,getChildren,84,KILLED,glengineer.agents.GroupAgent_ESTest.test19
GroupAgent.java,glengineer.agents.GroupAgent,org.pitest.mutationtest.engine.gregor.mutators.ConstructorCallMutator,getComponent,103,KILLED,glengineer.agents.GroupAgent_ESTest.test12
GroupAgent.java,glengineer.agents.GroupAgent,org.pitest.mutationtest.engine.gregor.mutators.ConstructorCallMutator,getComponent,103,KILLED,glengineer.agents.GroupAgent_ESTest.test12
GroupAgent.java,glengineer.agents.GroupAgent,org.pitest.mutationtest.engine.gregor.mutators.NegateConditionalsMutator,getComponent,101,KILLED,glengineer.agents.GroupAgent_ESTest.test12
GroupAgent.java,glengineer.agents.GroupAgent,org.pitest.mutationtest.engine.gregor.mutators.NonVoidMethodCallMutator,getComponent,101,SURVIVED,none
GroupAgent.java,glengineer.agents.GroupAgent,org.pitest.mutationtest.engine.gregor.mutators.NonVoidMethodCallMutator,getComponent,103,KILLED,glengineer.agents.GroupAgent_ESTest.test12
GroupAgent.java,glengineer.agents.GroupAgent,org.pitest.mutationtest.engine.gregor.mutators.NonVoidMethodCallMutator,getComponent,103,KILLED,glengineer.agents.GroupAgent_ESTest.test12
GroupAgent.java,glengineer.agents.GroupAgent,org.pitest.mutationtest.engine.gregor.mutators.NonVoidMethodCallMutator,getComponent,103,KILLED,glengineer.agents.GroupAgent_ESTest.test12
GroupAgent.java,glengineer.agents.GroupAgent,org.pitest.mutationtest.engine.gregor.mutators.NonVoidMethodCallMutator,getComponent,103,KILLED,glengineer.agents.GroupAgent_ESTest.test12
GroupAgent.java,glengineer.agents.GroupAgent,org.pitest.mutationtest.engine.gregor.mutators.NonVoidMethodCallMutator,getComponent,103,KILLED,glengineer.agents.GroupAgent_ESTest.test12
GroupAgent.java,glengineer.agents.GroupAgent,org.pitest.mutationtest.engine.gregor.mutators.NonVoidMethodCallMutator,getComponent,103,SURVIVED,none
GroupAgent.java,glengineer.agents.GroupAgent,org.pitest.mutationtest.engine.gregor.mutators.NullReturnValsMutator,getComponent,102,NO_COVERAGE,none
GroupAgent.java,glengineer.agents.GroupAgent,org.pitest.mutationtest.engine.gregor.mutators.RemoveConditionalMutator_EQUAL_ELSE,getComponent,101,SURVIVED,none
GroupAgent.java,glengineer.agents.GroupAgent,org.pitest.mutationtest.engine.gregor.mutators.RemoveConditionalMutator_EQUAL_IF,getComponent,101,KILLED,glengineer.agents.GroupAgent_ESTest.test12
GroupAgent.java,glengineer.agents.GroupAgent,org.pitest.mutationtest.engine.gregor.mutators.ReturnValsMutator,getComponent,102,NO_COVERAGE,none
GroupAgent.java,glengineer.agents.GroupAgent,org.pitest.mutationtest.engine.gregor.mutators.experimental.NakedReceiverMutator,getComponent,103,SURVIVED,none
GroupAgent.java,glengineer.agents.GroupAgent,org.pitest.mutationtest.engine.gregor.mutators.experimental.NakedReceiverMutator,getComponent,103,SURVIVED,none
GroupAgent.java,glengineer.agents.GroupAgent,org.pitest.mutationtest.engine.gregor.mutators.experimental.NakedReceiverMutator,getComponent,103,SURVIVED,none
GroupAgent.java,glengineer.agents.GroupAgent,org.pitest.mutationtest.engine.gregor.mutators.experimental.NakedReceiverMutator,getComponent,103,SURVIVED,none
GroupAgent.java,glengineer.agents.GroupAgent,org.pitest.mutationtest.engine.gregor.mutators.experimental.NakedReceiverMutator,getComponent,103,SURVIVED,none
GroupAgent.java,glengineer.agents.GroupAgent,org.pitest.mutationtest.engine.gregor.mutators.EmptyObjectReturnValsMutator,getFirstName,33,KILLED,glengineer.agents.GroupAgent_ESTest.test03
GroupAgent.java,glengineer.agents.GroupAgent,org.pitest.mutationtest.engine.gregor.mutators.EmptyObjectReturnValsMutator,getFirstName,39,SURVIVED,none
GroupAgent.java,glengineer.agents.GroupAgent,org.pitest.mutationtest.engine.gregor.mutators.EmptyObjectReturnValsMutator,getFirstName,41,KILLED,glengineer.agents.GroupAgent_ESTest.test03
GroupAgent.java,glengineer.agents.GroupAgent,org.pitest.mutationtest.engine.gregor.mutators.NegateConditionalsMutator,getFirstName,33,SURVIVED,none
GroupAgent.java,glengineer.agents.GroupAgent,org.pitest.mutationtest.engine.gregor.mutators.NegateConditionalsMutator,getFirstName,36,SURVIVED,none
GroupAgent.java,glengineer.agents.GroupAgent,org.pitest.mutationtest.engine.gregor.mutators.NegateConditionalsMutator,getFirstName,38,SURVIVED,none
GroupAgent.java,glengineer.agents.GroupAgent,org.pitest.mutationtest.engine.gregor.mutators.NonVoidMethodCallMutator,getFirstName,33,SURVIVED,none
GroupAgent.java,glengineer.agents.GroupAgent,org.pitest.mutationtest.engine.gregor.mutators.NonVoidMethodCallMutator,getFirstName,35,KILLED,glengineer.agents.GroupAgent_ESTest.test13
GroupAgent.java,glengineer.agents.GroupAgent,org.pitest.mutationtest.engine.gregor.mutators.NonVoidMethodCallMutator,getFirstName,36,SURVIVED,none
GroupAgent.java,glengineer.agents.GroupAgent,org.pitest.mutationtest.engine.gregor.mutators.NonVoidMethodCallMutator,getFirstName,37,SURVIVED,none
GroupAgent.java,glengineer.agents.GroupAgent,org.pitest.mutationtest.engine.gregor.mutators.RemoveConditionalMutator_EQUAL_ELSE,getFirstName,33,SURVIVED,none
GroupAgent.java,glengineer.agents.GroupAgent,org.pitest.mutationtest.engine.gregor.mutators.RemoveConditionalMutator_EQUAL_ELSE,getFirstName,36,SURVIVED,none
GroupAgent.java,glengineer.agents.GroupAgent,org.pitest.mutationtest.engine.gregor.mutators.RemoveConditionalMutator_EQUAL_ELSE,getFirstName,38,SURVIVED,none
GroupAgent.java,glengineer.agents.GroupAgent,org.pitest.mutationtest.engine.gregor.mutators.RemoveConditionalMutator_EQUAL_IF,getFirstName,33,SURVIVED,none
GroupAgent.java,glengineer.agents.GroupAgent,org.pitest.mutationtest.engine.gregor.mutators.RemoveConditionalMutator_EQUAL_IF,getFirstName,36,KILLED,glengineer.agents.GroupAgent_ESTest.test13
GroupAgent.java,glengineer.agents.GroupAgent,org.pitest.mutationtest.engine.gregor.mutators.RemoveConditionalMutator_EQUAL_IF,getFirstName,38,SURVIVED,none
GroupAgent.java,glengineer.agents.GroupAgent,org.pitest.mutationtest.engine.gregor.mutators.ReturnValsMutator,getFirstName,33,KILLED,glengineer.agents.GroupAgent_ESTest.test03
GroupAgent.java,glengineer.agents.GroupAgent,org.pitest.mutationtest.engine.gregor.mutators.ReturnValsMutator,getFirstName,39,SURVIVED,none
GroupAgent.java,glengineer.agents.GroupAgent,org.pitest.mutationtest.engine.gregor.mutators.ReturnValsMutator,getFirstName,41,KILLED,glengineer.agents.GroupAgent_ESTest.test13
GroupAgent.java,glengineer.agents.GroupAgent,org.pitest.mutationtest.engine.gregor.mutators.ConstructorCallMutator,getGroup,119,KILLED,glengineer.agents.GroupAgent_ESTest.test10
GroupAgent.java,glengineer.agents.GroupAgent,org.pitest.mutationtest.engine.gregor.mutators.ConstructorCallMutator,getGroup,119,KILLED,glengineer.agents.GroupAgent_ESTest.test10
GroupAgent.java,glengineer.agents.GroupAgent,org.pitest.mutationtest.engine.gregor.mutators.NegateConditionalsMutator,getGroup,117,KILLED,glengineer.agents.GroupAgent_ESTest.test10
GroupAgent.java,glengineer.agents.GroupAgent,org.pitest.mutationtest.engine.gregor.mutators.NonVoidMethodCallMutator,getGroup,117,SURVIVED,none
GroupAgent.java,glengineer.agents.GroupAgent,org.pitest.mutationtest.engine.gregor.mutators.NonVoidMethodCallMutator,getGroup,119,KILLED,glengineer.agents.GroupAgent_ESTest.test10
GroupAgent.java,glengineer.agents.GroupAgent,org.pitest.mutationtest.engine.gregor.mutators.NonVoidMethodCallMutator,getGroup,119,KILLED,glengineer.agents.GroupAgent_ESTest.test10
GroupAgent.java,glengineer.agents.GroupAgent,org.pitest.mutationtest.engine.gregor.mutators.NonVoidMethodCallMutator,getGroup,119,KILLED,glengineer.agents.GroupAgent_ESTest.test10
GroupAgent.java,glengineer.agents.GroupAgent,org.pitest.mutationtest.engine.gregor.mutators.NonVoidMethodCallMutator,getGroup,119,KILLED,glengineer.agents.GroupAgent_ESTest.test10
GroupAgent.java,glengineer.agents.GroupAgent,org.pitest.mutationtest.engine.gregor.mutators.NonVoidMethodCallMutator,getGroup,119,KILLED,glengineer.agents.GroupAgent_ESTest.test10
GroupAgent.java,glengineer.agents.GroupAgent,org.pitest.mutationtest.engine.gregor.mutators.NonVoidMethodCallMutator,getGroup,119,KILLED,glengineer.agents.GroupAgent_ESTest.test10
GroupAgent.java,glengineer.agents.GroupAgent,org.pitest.mutationtest.engine.gregor.mutators.NonVoidMethodCallMutator,getGroup,119,KILLED,glengineer.agents.GroupAgent_ESTest.test10
GroupAgent.java,glengineer.agents.GroupAgent,org.pitest.mutationtest.engine.gregor.mutators.NonVoidMethodCallMutator,getGroup,119,SURVIVED,none
GroupAgent.java,glengineer.agents.GroupAgent,org.pitest.mutationtest.engine.gregor.mutators.NullReturnValsMutator,getGroup,118,NO_COVERAGE,none
GroupAgent.java,glengineer.agents.GroupAgent,org.pitest.mutationtest.engine.gregor.mutators.RemoveConditionalMutator_EQUAL_ELSE,getGroup,117,SURVIVED,none
GroupAgent.java,glengineer.agents.GroupAgent,org.pitest.mutationtest.engine.gregor.mutators.RemoveConditionalMutator_EQUAL_IF,getGroup,117,KILLED,glengineer.agents.GroupAgent_ESTest.test10
GroupAgent.java,glengineer.agents.GroupAgent,org.pitest.mutationtest.engine.gregor.mutators.ReturnValsMutator,getGroup,118,NO_COVERAGE,none
GroupAgent.java,glengineer.agents.GroupAgent,org.pitest.mutationtest.engine.gregor.mutators.experimental.NakedReceiverMutator,getGroup,119,SURVIVED,none
GroupAgent.java,glengineer.agents.GroupAgent,org.pitest.mutationtest.engine.gregor.mutators.experimental.NakedReceiverMutator,getGroup,119,SURVIVED,none
GroupAgent.java,glengineer.agents.GroupAgent,org.pitest.mutationtest.engine.gregor.mutators.experimental.NakedReceiverMutator,getGroup,119,SURVIVED,none
GroupAgent.java,glengineer.agents.GroupAgent,org.pitest.mutationtest.engine.gregor.mutators.experimental.NakedReceiverMutator,getGroup,119,SURVIVED,none
GroupAgent.java,glengineer.agents.GroupAgent,org.pitest.mutationtest.engine.gregor.mutators.experimental.NakedReceiverMutator,getGroup,119,SURVIVED,none
GroupAgent.java,glengineer.agents.GroupAgent,org.pitest.mutationtest.engine.gregor.mutators.experimental.NakedReceiverMutator,getGroup,119,SURVIVED,none
GroupAgent.java,glengineer.agents.GroupAgent,org.pitest.mutationtest.engine.gregor.mutators.experimental.NakedReceiverMutator,getGroup,119,SURVIVED,none
GroupAgent.java,glengineer.agents.GroupAgent,org.pitest.mutationtest.engine.gregor.mutators.EmptyObjectReturnValsMutator,getLastName,45,KILLED,glengineer.agents.GroupAgent_ESTest.test03
GroupAgent.java,glengineer.agents.GroupAgent,org.pitest.mutationtest.engine.gregor.mutators.EmptyObjectReturnValsMutator,getLastName,51,SURVIVED,none
GroupAgent.java,glengineer.agents.GroupAgent,org.pitest.mutationtest.engine.gregor.mutators.EmptyObjectReturnValsMutator,getLastName,53,KILLED,glengineer.agents.GroupAgent_ESTest.test03
GroupAgent.java,glengineer.agents.GroupAgent,org.pitest.mutationtest.engine.gregor.mutators.NegateConditionalsMutator,getLastName,45,SURVIVED,none
GroupAgent.java,glengineer.agents.GroupAgent,org.pitest.mutationtest.engine.gregor.mutators.NegateConditionalsMutator,getLastName,48,SURVIVED,none
GroupAgent.java,glengineer.agents.GroupAgent,org.pitest.mutationtest.engine.gregor.mutators.NegateConditionalsMutator,getLastName,50,SURVIVED,none
GroupAgent.java,glengineer.agents.GroupAgent,org.pitest.mutationtest.engine.gregor.mutators.NonVoidMethodCallMutator,getLastName,45,SURVIVED,none
GroupAgent.java,glengineer.agents.GroupAgent,org.pitest.mutationtest.engine.gregor.mutators.NonVoidMethodCallMutator,getLastName,47,KILLED,glengineer.agents.GroupAgent_ESTest.test13
GroupAgent.java,glengineer.agents.GroupAgent,org.pitest.mutationtest.engine.gregor.mutators.NonVoidMethodCallMutator,getLastName,48,SURVIVED,none
GroupAgent.java,glengineer.agents.GroupAgent,org.pitest.mutationtest.engine.gregor.mutators.NonVoidMethodCallMutator,getLastName,49,SURVIVED,none
GroupAgent.java,glengineer.agents.GroupAgent,org.pitest.mutationtest.engine.gregor.mutators.RemoveConditionalMutator_EQUAL_ELSE,getLastName,45,SURVIVED,none
GroupAgent.java,glengineer.agents.GroupAgent,org.pitest.mutationtest.engine.gregor.mutators.RemoveConditionalMutator_EQUAL_ELSE,getLastName,48,SURVIVED,none
GroupAgent.java,glengineer.agents.GroupAgent,org.pitest.mutationtest.engine.gregor.mutators.RemoveConditionalMutator_EQUAL_ELSE,getLastName,50,SURVIVED,none
GroupAgent.java,glengineer.agents.GroupAgent,org.pitest.mutationtest.engine.gregor.mutators.RemoveConditionalMutator_EQUAL_IF,getLastName,45,SURVIVED,none
GroupAgent.java,glengineer.agents.GroupAgent,org.pitest.mutationtest.engine.gregor.mutators.RemoveConditionalMutator_EQUAL_IF,getLastName,48,KILLED,glengineer.agents.GroupAgent_ESTest.test13
GroupAgent.java,glengineer.agents.GroupAgent,org.pitest.mutationtest.engine.gregor.mutators.RemoveConditionalMutator_EQUAL_IF,getLastName,50,SURVIVED,none
GroupAgent.java,glengineer.agents.GroupAgent,org.pitest.mutationtest.engine.gregor.mutators.ReturnValsMutator,getLastName,45,KILLED,glengineer.agents.GroupAgent_ESTest.test03
GroupAgent.java,glengineer.agents.GroupAgent,org.pitest.mutationtest.engine.gregor.mutators.ReturnValsMutator,getLastName,51,SURVIVED,none
GroupAgent.java,glengineer.agents.GroupAgent,org.pitest.mutationtest.engine.gregor.mutators.ReturnValsMutator,getLastName,53,KILLED,glengineer.agents.GroupAgent_ESTest.test13
GroupAgent.java,glengineer.agents.GroupAgent,org.pitest.mutationtest.engine.gregor.mutators.NonVoidMethodCallMutator,getNumberOfChildren,89,KILLED,glengineer.agents.GroupAgent_ESTest.test08
GroupAgent.java,glengineer.agents.GroupAgent,org.pitest.mutationtest.engine.gregor.mutators.PrimitiveReturnsMutator,getNumberOfChildren,89,KILLED,glengineer.agents.GroupAgent_ESTest.test08
GroupAgent.java,glengineer.agents.GroupAgent,org.pitest.mutationtest.engine.gregor.mutators.ReturnValsMutator,getNumberOfChildren,89,KILLED,glengineer.agents.GroupAgent_ESTest.test08
GroupAgent.java,glengineer.agents.GroupAgent,org.pitest.mutationtest.engine.gregor.mutators.BooleanTrueReturnValsMutator,isComponent,58,KILLED,glengineer.agents.GroupAgent_ESTest.test05
GroupAgent.java,glengineer.agents.GroupAgent,org.pitest.mutationtest.engine.gregor.mutators.InlineConstantMutator,isComponent,58,KILLED,glengineer.agents.GroupAgent_ESTest.test05
GroupAgent.java,glengineer.agents.GroupAgent,org.pitest.mutationtest.engine.gregor.mutators.ReturnValsMutator,isComponent,58,KILLED,glengineer.agents.GroupAgent_ESTest.test05
GroupAgent.java,glengineer.agents.GroupAgent,org.pitest.mutationtest.engine.gregor.mutators.BooleanTrueReturnValsMutator,isGap,67,KILLED,glengineer.agents.GroupAgent_ESTest.test20
GroupAgent.java,glengineer.agents.GroupAgent,org.pitest.mutationtest.engine.gregor.mutators.InlineConstantMutator,isGap,67,KILLED,glengineer.agents.GroupAgent_ESTest.test20
GroupAgent.java,glengineer.agents.GroupAgent,org.pitest.mutationtest.engine.gregor.mutators.ReturnValsMutator,isGap,67,KILLED,glengineer.agents.GroupAgent_ESTest.test20
GroupAgent.java,glengineer.agents.GroupAgent,org.pitest.mutationtest.engine.gregor.mutators.BooleanTrueReturnValsMutator,isGroup,62,NO_COVERAGE,none
GroupAgent.java,glengineer.agents.GroupAgent,org.pitest.mutationtest.engine.gregor.mutators.InlineConstantMutator,isGroup,62,NO_COVERAGE,none
GroupAgent.java,glengineer.agents.GroupAgent,org.pitest.mutationtest.engine.gregor.mutators.InlineConstantMutator,isGroup,62,NO_COVERAGE,none
GroupAgent.java,glengineer.agents.GroupAgent,org.pitest.mutationtest.engine.gregor.mutators.NegateConditionalsMutator,isGroup,62,NO_COVERAGE,none
GroupAgent.java,glengineer.agents.GroupAgent,org.pitest.mutationtest.engine.gregor.mutators.NegateConditionalsMutator,isGroup,62,NO_COVERAGE,none
GroupAgent.java,glengineer.agents.GroupAgent,org.pitest.mutationtest.engine.gregor.mutators.NonVoidMethodCallMutator,isGroup,62,NO_COVERAGE,none
GroupAgent.java,glengineer.agents.GroupAgent,org.pitest.mutationtest.engine.gregor.mutators.NonVoidMethodCallMutator,isGroup,62,NO_COVERAGE,none
GroupAgent.java,glengineer.agents.GroupAgent,org.pitest.mutationtest.engine.gregor.mutators.NonVoidMethodCallMutator,isGroup,62,NO_COVERAGE,none
GroupAgent.java,glengineer.agents.GroupAgent,org.pitest.mutationtest.engine.gregor.mutators.NonVoidMethodCallMutator,isGroup,62,NO_COVERAGE,none
GroupAgent.java,glengineer.agents.GroupAgent,org.pitest.mutationtest.engine.gregor.mutators.RemoveConditionalMutator_EQUAL_ELSE,isGroup,62,NO_COVERAGE,none
GroupAgent.java,glengineer.agents.GroupAgent,org.pitest.mutationtest.engine.gregor.mutators.RemoveConditionalMutator_EQUAL_ELSE,isGroup,62,NO_COVERAGE,none
GroupAgent.java,glengineer.agents.GroupAgent,org.pitest.mutationtest.engine.gregor.mutators.RemoveConditionalMutator_EQUAL_IF,isGroup,62,NO_COVERAGE,none
GroupAgent.java,glengineer.agents.GroupAgent,org.pitest.mutationtest.engine.gregor.mutators.RemoveConditionalMutator_EQUAL_IF,isGroup,62,NO_COVERAGE,none
GroupAgent.java,glengineer.agents.GroupAgent,org.pitest.mutationtest.engine.gregor.mutators.ReturnValsMutator,isGroup,62,NO_COVERAGE,none
GroupAgent.java,glengineer.agents.GroupAgent,org.pitest.mutationtest.engine.gregor.mutators.NegateConditionalsMutator,passTheCallToSubgroups,240,SURVIVED,none
GroupAgent.java,glengineer.agents.GroupAgent,org.pitest.mutationtest.engine.gregor.mutators.NegateConditionalsMutator,passTheCallToSubgroups,242,KILLED,glengineer.agents.GroupAgent_ESTest.test08
GroupAgent.java,glengineer.agents.GroupAgent,org.pitest.mutationtest.engine.gregor.mutators.NonVoidMethodCallMutator,passTheCallToSubgroups,238,KILLED,glengineer.agents.GroupAgent_ESTest.test08
GroupAgent.java,glengineer.agents.GroupAgent,org.pitest.mutationtest.engine.gregor.mutators.NonVoidMethodCallMutator,passTheCallToSubgroups,240,SURVIVED,none
GroupAgent.java,glengineer.agents.GroupAgent,org.pitest.mutationtest.engine.gregor.mutators.RemoveConditionalMutator_EQUAL_ELSE,passTheCallToSubgroups,240,SURVIVED,none
GroupAgent.java,glengineer.agents.GroupAgent,org.pitest.mutationtest.engine.gregor.mutators.RemoveConditionalMutator_EQUAL_ELSE,passTheCallToSubgroups,242,SURVIVED,none
GroupAgent.java,glengineer.agents.GroupAgent,org.pitest.mutationtest.engine.gregor.mutators.RemoveConditionalMutator_EQUAL_IF,passTheCallToSubgroups,240,KILLED,glengineer.agents.GroupAgent_ESTest.test08
GroupAgent.java,glengineer.agents.GroupAgent,org.pitest.mutationtest.engine.gregor.mutators.RemoveConditionalMutator_EQUAL_IF,passTheCallToSubgroups,242,KILLED,glengineer.agents.GroupAgent_ESTest.test08
GroupAgent.java,glengineer.agents.GroupAgent,org.pitest.mutationtest.engine.gregor.mutators.VoidMethodCallMutator,passTheCallToSubgroups,243,NO_COVERAGE,none
GroupAgent.java,glengineer.agents.GroupAgent,org.pitest.mutationtest.engine.gregor.mutators.VoidMethodCallMutator,removeGapsFromParallelGroups,225,SURVIVED,none
GroupAgent.java,glengineer.agents.GroupAgent,org.pitest.mutationtest.engine.gregor.mutators.VoidMethodCallMutator,removeGapsFromParallelGroups,227,SURVIVED,none
GroupAgent.java,glengineer.agents.GroupAgent,org.pitest.mutationtest.engine.gregor.mutators.VoidMethodCallMutator,removeGapsFromParallelGroups,229,SURVIVED,none
GroupAgent.java,glengineer.agents.GroupAgent,org.pitest.mutationtest.engine.gregor.mutators.VoidMethodCallMutator,removeGapsFromParallelGroups,231,SURVIVED,none
GroupAgent.java,glengineer.agents.GroupAgent,org.pitest.mutationtest.engine.gregor.mutators.VoidMethodCallMutator,removeGapsFromParallelGroups,233,SURVIVED,none
GroupAgent.java,glengineer.agents.GroupAgent,org.pitest.mutationtest.engine.gregor.mutators.NegateConditionalsMutator,removeGapsFromParallelSubgroupsWithOtherContent,255,SURVIVED,none
GroupAgent.java,glengineer.agents.GroupAgent,org.pitest.mutationtest.engine.gregor.mutators.NegateConditionalsMutator,removeGapsFromParallelSubgroupsWithOtherContent,257,KILLED,glengineer.agents.GroupAgent_ESTest.test08
GroupAgent.java,glengineer.agents.GroupAgent,org.pitest.mutationtest.engine.gregor.mutators.NegateConditionalsMutator,removeGapsFromParallelSubgroupsWithOtherContent,259,NO_COVERAGE,none
GroupAgent.java,glengineer.agents.GroupAgent,org.pitest.mutationtest.engine.gregor.mutators.NonVoidMethodCallMutator,removeGapsFromParallelSubgroupsWithOtherContent,252,KILLED,glengineer.agents.GroupAgent_ESTest.test08
GroupAgent.java,glengineer.agents.GroupAgent,org.pitest.mutationtest.engine.gregor.mutators.NonVoidMethodCallMutator,removeGapsFromParallelSubgroupsWithOtherContent,255,SURVIVED,none
GroupAgent.java,glengineer.agents.GroupAgent,org.pitest.mutationtest.engine.gregor.mutators.NonVoidMethodCallMutator,removeGapsFromParallelSubgroupsWithOtherContent,259,NO_COVERAGE,none
GroupAgent.java,glengineer.agents.GroupAgent,org.pitest.mutationtest.engine.gregor.mutators.RemoveConditionalMutator_EQUAL_ELSE,removeGapsFromParallelSubgroupsWithOtherContent,255,SURVIVED,none
GroupAgent.java,glengineer.agents.GroupAgent,org.pitest.mutationtest.engine.gregor.mutators.RemoveConditionalMutator_EQUAL_ELSE,removeGapsFromParallelSubgroupsWithOtherContent,257,SURVIVED,none
GroupAgent.java,glengineer.agents.GroupAgent,org.pitest.mutationtest.engine.gregor.mutators.RemoveConditionalMutator_EQUAL_ELSE,removeGapsFromParallelSubgroupsWithOtherContent,259,NO_COVERAGE,none
GroupAgent.java,glengineer.agents.GroupAgent,org.pitest.mutationtest.engine.gregor.mutators.RemoveConditionalMutator_EQUAL_IF,removeGapsFromParallelSubgroupsWithOtherContent,255,KILLED,glengineer.agents.GroupAgent_ESTest.test08
GroupAgent.java,glengineer.agents.GroupAgent,org.pitest.mutationtest.engine.gregor.mutators.RemoveConditionalMutator_EQUAL_IF,removeGapsFromParallelSubgroupsWithOtherContent,257,KILLED,glengineer.agents.GroupAgent_ESTest.test08
GroupAgent.java,glengineer.agents.GroupAgent,org.pitest.mutationtest.engine.gregor.mutators.RemoveConditionalMutator_EQUAL_IF,removeGapsFromParallelSubgroupsWithOtherContent,259,NO_COVERAGE,none
GroupAgent.java,glengineer.agents.GroupAgent,org.pitest.mutationtest.engine.gregor.mutators.VoidMethodCallMutator,removeGapsFromParallelSubgroupsWithOtherContent,260,NO_COVERAGE,none
GroupAgent.java,glengineer.agents.GroupAgent,org.pitest.mutationtest.engine.gregor.mutators.ConstructorCallMutator,replaceContinuousSequencesOfGapsBySingleGaps,300,NO_COVERAGE,none
GroupAgent.java,glengineer.agents.GroupAgent,org.pitest.mutationtest.engine.gregor.mutators.NegateConditionalsMutator,replaceContinuousSequencesOfGapsBySingleGaps,288,SURVIVED,none
GroupAgent.java,glengineer.agents.GroupAgent,org.pitest.mutationtest.engine.gregor.mutators.NegateConditionalsMutator,replaceContinuousSequencesOfGapsBySingleGaps,290,SURVIVED,none
GroupAgent.java,glengineer.agents.GroupAgent,org.pitest.mutationtest.engine.gregor.mutators.NegateConditionalsMutator,replaceContinuousSequencesOfGapsBySingleGaps,293,KILLED,glengineer.agents.GroupAgent_ESTest.test08
GroupAgent.java,glengineer.agents.GroupAgent,org.pitest.mutationtest.engine.gregor.mutators.NegateConditionalsMutator,replaceContinuousSequencesOfGapsBySingleGaps,295,NO_COVERAGE,none
GroupAgent.java,glengineer.agents.GroupAgent,org.pitest.mutationtest.engine.gregor.mutators.NegateConditionalsMutator,replaceContinuousSequencesOfGapsBySingleGaps,297,NO_COVERAGE,none
GroupAgent.java,glengineer.agents.GroupAgent,org.pitest.mutationtest.engine.gregor.mutators.NonVoidMethodCallMutator,replaceContinuousSequencesOfGapsBySingleGaps,284,KILLED,glengineer.agents.GroupAgent_ESTest.test08
GroupAgent.java,glengineer.agents.GroupAgent,org.pitest.mutationtest.engine.gregor.mutators.NonVoidMethodCallMutator,replaceContinuousSequencesOfGapsBySingleGaps,288,SURVIVED,none
GroupAgent.java,glengineer.agents.GroupAgent,org.pitest.mutationtest.engine.gregor.mutators.NonVoidMethodCallMutator,replaceContinuousSequencesOfGapsBySingleGaps,289,KILLED,glengineer.agents.GroupAgent_ESTest.test08
GroupAgent.java,glengineer.agents.GroupAgent,org.pitest.mutationtest.engine.gregor.mutators.NonVoidMethodCallMutator,replaceContinuousSequencesOfGapsBySingleGaps,290,SURVIVED,none
GroupAgent.java,glengineer.agents.GroupAgent,org.pitest.mutationtest.engine.gregor.mutators.NonVoidMethodCallMutator,replaceContinuousSequencesOfGapsBySingleGaps,293,SURVIVED,none
GroupAgent.java,glengineer.agents.GroupAgent,org.pitest.mutationtest.engine.gregor.mutators.NonVoidMethodCallMutator,replaceContinuousSequencesOfGapsBySingleGaps,294,NO_COVERAGE,none
GroupAgent.java,glengineer.agents.GroupAgent,org.pitest.mutationtest.engine.gregor.mutators.NonVoidMethodCallMutator,replaceContinuousSequencesOfGapsBySingleGaps,295,NO_COVERAGE,none
GroupAgent.java,glengineer.agents.GroupAgent,org.pitest.mutationtest.engine.gregor.mutators.NonVoidMethodCallMutator,replaceContinuousSequencesOfGapsBySingleGaps,297,NO_COVERAGE,none
GroupAgent.java,glengineer.agents.GroupAgent,org.pitest.mutationtest.engine.gregor.mutators.RemoveConditionalMutator_EQUAL_ELSE,replaceContinuousSequencesOfGapsBySingleGaps,288,SURVIVED,none
GroupAgent.java,glengineer.agents.GroupAgent,org.pitest.mutationtest.engine.gregor.mutators.RemoveConditionalMutator_EQUAL_ELSE,replaceContinuousSequencesOfGapsBySingleGaps,290,SURVIVED,none
GroupAgent.java,glengineer.agents.GroupAgent,org.pitest.mutationtest.engine.gregor.mutators.RemoveConditionalMutator_EQUAL_ELSE,replaceContinuousSequencesOfGapsBySingleGaps,293,SURVIVED,none
GroupAgent.java,glengineer.agents.GroupAgent,org.pitest.mutationtest.engine.gregor.mutators.RemoveConditionalMutator_EQUAL_ELSE,replaceContinuousSequencesOfGapsBySingleGaps,295,NO_COVERAGE,none
GroupAgent.java,glengineer.agents.GroupAgent,org.pitest.mutationtest.engine.gregor.mutators.RemoveConditionalMutator_EQUAL_ELSE,replaceContinuousSequencesOfGapsBySingleGaps,297,NO_COVERAGE,none
GroupAgent.java,glengineer.agents.GroupAgent,org.pitest.mutationtest.engine.gregor.mutators.RemoveConditionalMutator_EQUAL_IF,replaceContinuousSequencesOfGapsBySingleGaps,288,KILLED,glengineer.agents.GroupAgent_ESTest.test08
GroupAgent.java,glengineer.agents.GroupAgent,org.pitest.mutationtest.engine.gregor.mutators.RemoveConditionalMutator_EQUAL_IF,replaceContinuousSequencesOfGapsBySingleGaps,290,SURVIVED,none
GroupAgent.java,glengineer.agents.GroupAgent,org.pitest.mutationtest.engine.gregor.mutators.RemoveConditionalMutator_EQUAL_IF,replaceContinuousSequencesOfGapsBySingleGaps,293,KILLED,glengineer.agents.GroupAgent_ESTest.test08
GroupAgent.java,glengineer.agents.GroupAgent,org.pitest.mutationtest.engine.gregor.mutators.RemoveConditionalMutator_EQUAL_IF,replaceContinuousSequencesOfGapsBySingleGaps,295,NO_COVERAGE,none
GroupAgent.java,glengineer.agents.GroupAgent,org.pitest.mutationtest.engine.gregor.mutators.RemoveConditionalMutator_EQUAL_IF,replaceContinuousSequencesOfGapsBySingleGaps,297,NO_COVERAGE,none
GroupAgent.java,glengineer.agents.GroupAgent,org.pitest.mutationtest.engine.gregor.mutators.VoidMethodCallMutator,replaceContinuousSequencesOfGapsBySingleGaps,298,NO_COVERAGE,none
GroupAgent.java,glengineer.agents.GroupAgent,org.pitest.mutationtest.engine.gregor.mutators.InlineConstantMutator,replaceGroupsWithSingleElementsByThatElements,316,NO_COVERAGE,none
GroupAgent.java,glengineer.agents.GroupAgent,org.pitest.mutationtest.engine.gregor.mutators.InlineConstantMutator,replaceGroupsWithSingleElementsByThatElements,317,NO_COVERAGE,none
GroupAgent.java,glengineer.agents.GroupAgent,org.pitest.mutationtest.engine.gregor.mutators.NegateConditionalsMutator,replaceGroupsWithSingleElementsByThatElements,312,SURVIVED,none
GroupAgent.java,glengineer.agents.GroupAgent,org.pitest.mutationtest.engine.gregor.mutators.NegateConditionalsMutator,replaceGroupsWithSingleElementsByThatElements,314,KILLED,glengineer.agents.GroupAgent_ESTest.test08
GroupAgent.java,glengineer.agents.GroupAgent,org.pitest.mutationtest.engine.gregor.mutators.NegateConditionalsMutator,replaceGroupsWithSingleElementsByThatElements,316,NO_COVERAGE,none
GroupAgent.java,glengineer.agents.GroupAgent,org.pitest.mutationtest.engine.gregor.mutators.NonVoidMethodCallMutator,replaceGroupsWithSingleElementsByThatElements,309,KILLED,glengineer.agents.GroupAgent_ESTest.test08
GroupAgent.java,glengineer.agents.GroupAgent,org.pitest.mutationtest.engine.gregor.mutators.NonVoidMethodCallMutator,replaceGroupsWithSingleElementsByThatElements,312,SURVIVED,none
GroupAgent.java,glengineer.agents.GroupAgent,org.pitest.mutationtest.engine.gregor.mutators.NonVoidMethodCallMutator,replaceGroupsWithSingleElementsByThatElements,313,TIMED_OUT,none
GroupAgent.java,glengineer.agents.GroupAgent,org.pitest.mutationtest.engine.gregor.mutators.NonVoidMethodCallMutator,replaceGroupsWithSingleElementsByThatElements,316,NO_COVERAGE,none
GroupAgent.java,glengineer.agents.GroupAgent,org.pitest.mutationtest.engine.gregor.mutators.NonVoidMethodCallMutator,replaceGroupsWithSingleElementsByThatElements,317,NO_COVERAGE,none
GroupAgent.java,glengineer.agents.GroupAgent,org.pitest.mutationtest.engine.gregor.mutators.NonVoidMethodCallMutator,replaceGroupsWithSingleElementsByThatElements,317,NO_COVERAGE,none
GroupAgent.java,glengineer.agents.GroupAgent,org.pitest.mutationtest.engine.gregor.mutators.RemoveConditionalMutator_EQUAL_ELSE,replaceGroupsWithSingleElementsByThatElements,312,SURVIVED,none
GroupAgent.java,glengineer.agents.GroupAgent,org.pitest.mutationtest.engine.gregor.mutators.RemoveConditionalMutator_EQUAL_ELSE,replaceGroupsWithSingleElementsByThatElements,314,SURVIVED,none
GroupAgent.java,glengineer.agents.GroupAgent,org.pitest.mutationtest.engine.gregor.mutators.RemoveConditionalMutator_EQUAL_ELSE,replaceGroupsWithSingleElementsByThatElements,316,NO_COVERAGE,none
GroupAgent.java,glengineer.agents.GroupAgent,org.pitest.mutationtest.engine.gregor.mutators.RemoveConditionalMutator_EQUAL_IF,replaceGroupsWithSingleElementsByThatElements,312,KILLED,glengineer.agents.GroupAgent_ESTest.test08
GroupAgent.java,glengineer.agents.GroupAgent,org.pitest.mutationtest.engine.gregor.mutators.RemoveConditionalMutator_EQUAL_IF,replaceGroupsWithSingleElementsByThatElements,314,KILLED,glengineer.agents.GroupAgent_ESTest.test08
GroupAgent.java,glengineer.agents.GroupAgent,org.pitest.mutationtest.engine.gregor.mutators.RemoveConditionalMutator_EQUAL_IF,replaceGroupsWithSingleElementsByThatElements,316,NO_COVERAGE,none
GroupAgent.java,glengineer.agents.GroupAgent,org.pitest.mutationtest.engine.gregor.mutators.VoidMethodCallMutator,replaceGroupsWithSingleElementsByThatElements,317,NO_COVERAGE,none
GroupAgent.java,glengineer.agents.GroupAgent,org.pitest.mutationtest.engine.gregor.mutators.NegateConditionalsMutator,replaceParallelSubgroupsWithGapsByTheirSingleGaps,271,SURVIVED,none
GroupAgent.java,glengineer.agents.GroupAgent,org.pitest.mutationtest.engine.gregor.mutators.NegateConditionalsMutator,replaceParallelSubgroupsWithGapsByTheirSingleGaps,273,KILLED,glengineer.agents.GroupAgent_ESTest.test08
GroupAgent.java,glengineer.agents.GroupAgent,org.pitest.mutationtest.engine.gregor.mutators.NegateConditionalsMutator,replaceParallelSubgroupsWithGapsByTheirSingleGaps,276,NO_COVERAGE,none
GroupAgent.java,glengineer.agents.GroupAgent,org.pitest.mutationtest.engine.gregor.mutators.NonVoidMethodCallMutator,replaceParallelSubgroupsWithGapsByTheirSingleGaps,267,KILLED,glengineer.agents.GroupAgent_ESTest.test08
GroupAgent.java,glengineer.agents.GroupAgent,org.pitest.mutationtest.engine.gregor.mutators.NonVoidMethodCallMutator,replaceParallelSubgroupsWithGapsByTheirSingleGaps,271,SURVIVED,none
GroupAgent.java,glengineer.agents.GroupAgent,org.pitest.mutationtest.engine.gregor.mutators.NonVoidMethodCallMutator,replaceParallelSubgroupsWithGapsByTheirSingleGaps,272,TIMED_OUT,none
GroupAgent.java,glengineer.agents.GroupAgent,org.pitest.mutationtest.engine.gregor.mutators.NonVoidMethodCallMutator,replaceParallelSubgroupsWithGapsByTheirSingleGaps,275,NO_COVERAGE,none
GroupAgent.java,glengineer.agents.GroupAgent,org.pitest.mutationtest.engine.gregor.mutators.RemoveConditionalMutator_EQUAL_ELSE,replaceParallelSubgroupsWithGapsByTheirSingleGaps,271,SURVIVED,none
GroupAgent.java,glengineer.agents.GroupAgent,org.pitest.mutationtest.engine.gregor.mutators.RemoveConditionalMutator_EQUAL_ELSE,replaceParallelSubgroupsWithGapsByTheirSingleGaps,273,SURVIVED,none
GroupAgent.java,glengineer.agents.GroupAgent,org.pitest.mutationtest.engine.gregor.mutators.RemoveConditionalMutator_EQUAL_ELSE,replaceParallelSubgroupsWithGapsByTheirSingleGaps,276,NO_COVERAGE,none
GroupAgent.java,glengineer.agents.GroupAgent,org.pitest.mutationtest.engine.gregor.mutators.RemoveConditionalMutator_EQUAL_IF,replaceParallelSubgroupsWithGapsByTheirSingleGaps,271,KILLED,glengineer.agents.GroupAgent_ESTest.test08
GroupAgent.java,glengineer.agents.GroupAgent,org.pitest.mutationtest.engine.gregor.mutators.RemoveConditionalMutator_EQUAL_IF,replaceParallelSubgroupsWithGapsByTheirSingleGaps,273,KILLED,glengineer.agents.GroupAgent_ESTest.test08
GroupAgent.java,glengineer.agents.GroupAgent,org.pitest.mutationtest.engine.gregor.mutators.RemoveConditionalMutator_EQUAL_IF,replaceParallelSubgroupsWithGapsByTheirSingleGaps,276,NO_COVERAGE,none
GroupAgent.java,glengineer.agents.GroupAgent,org.pitest.mutationtest.engine.gregor.mutators.VoidMethodCallMutator,replaceParallelSubgroupsWithGapsByTheirSingleGaps,277,NO_COVERAGE,none
GroupAgent.java,glengineer.agents.GroupAgent,org.pitest.mutationtest.engine.gregor.mutators.NegateConditionalsMutator,replaceTemporaryGapsByRealGaps,337,SURVIVED,none
GroupAgent.java,glengineer.agents.GroupAgent,org.pitest.mutationtest.engine.gregor.mutators.NegateConditionalsMutator,replaceTemporaryGapsByRealGaps,339,KILLED,glengineer.agents.GroupAgent_ESTest.test15
GroupAgent.java,glengineer.agents.GroupAgent,org.pitest.mutationtest.engine.gregor.mutators.NegateConditionalsMutator,replaceTemporaryGapsByRealGaps,341,KILLED,glengineer.agents.GroupAgent_ESTest.test07
GroupAgent.java,glengineer.agents.GroupAgent,org.pitest.mutationtest.engine.gregor.mutators.NonVoidMethodCallMutator,replaceTemporaryGapsByRealGaps,335,KILLED,glengineer.agents.GroupAgent_ESTest.test07
GroupAgent.java,glengineer.agents.GroupAgent,org.pitest.mutationtest.engine.gregor.mutators.NonVoidMethodCallMutator,replaceTemporaryGapsByRealGaps,337,SURVIVED,none
GroupAgent.java,glengineer.agents.GroupAgent,org.pitest.mutationtest.engine.gregor.mutators.NonVoidMethodCallMutator,replaceTemporaryGapsByRealGaps,338,TIMED_OUT,none
GroupAgent.java,glengineer.agents.GroupAgent,org.pitest.mutationtest.engine.gregor.mutators.NonVoidMethodCallMutator,replaceTemporaryGapsByRealGaps,342,NO_COVERAGE,none
GroupAgent.java,glengineer.agents.GroupAgent,org.pitest.mutationtest.engine.gregor.mutators.RemoveConditionalMutator_EQUAL_ELSE,replaceTemporaryGapsByRealGaps,337,SURVIVED,none
GroupAgent.java,glengineer.agents.GroupAgent,org.pitest.mutationtest.engine.gregor.mutators.RemoveConditionalMutator_EQUAL_ELSE,replaceTemporaryGapsByRealGaps,339,SURVIVED,none
GroupAgent.java,glengineer.agents.GroupAgent,org.pitest.mutationtest.engine.gregor.mutators.RemoveConditionalMutator_EQUAL_ELSE,replaceTemporaryGapsByRealGaps,341,SURVIVED,none
GroupAgent.java,glengineer.agents.GroupAgent,org.pitest.mutationtest.engine.gregor.mutators.RemoveConditionalMutator_EQUAL_IF,replaceTemporaryGapsByRealGaps,337,KILLED,glengineer.agents.GroupAgent_ESTest.test07
GroupAgent.java,glengineer.agents.GroupAgent,org.pitest.mutationtest.engine.gregor.mutators.RemoveConditionalMutator_EQUAL_IF,replaceTemporaryGapsByRealGaps,339,KILLED,glengineer.agents.GroupAgent_ESTest.test15
GroupAgent.java,glengineer.agents.GroupAgent,org.pitest.mutationtest.engine.gregor.mutators.RemoveConditionalMutator_EQUAL_IF,replaceTemporaryGapsByRealGaps,341,KILLED,glengineer.agents.GroupAgent_ESTest.test07
GroupAgent.java,glengineer.agents.GroupAgent,org.pitest.mutationtest.engine.gregor.mutators.VoidMethodCallMutator,replaceTemporaryGapsByRealGaps,340,SURVIVED,none
GroupAgent.java,glengineer.agents.GroupAgent,org.pitest.mutationtest.engine.gregor.mutators.VoidMethodCallMutator,replaceTemporaryGapsByRealGaps,342,NO_COVERAGE,none
