Validate.java,org.apache.commons.lang3.Validate,org.pitest.mutationtest.engine.gregor.mutators.ArgumentPropagationMutator,exclusiveBetween,1202,SURVIVED,none
Validate.java,org.apache.commons.lang3.Validate,org.pitest.mutationtest.engine.gregor.mutators.ConditionalsBoundaryMutator,exclusiveBetween,1201,SURVIVED,none
Validate.java,org.apache.commons.lang3.Validate,org.pitest.mutationtest.engine.gregor.mutators.ConditionalsBoundaryMutator,exclusiveBetween,1201,KILLED,org.apache.commons.lang3.Validate_ESTest.test042
Validate.java,org.apache.commons.lang3.Validate,org.pitest.mutationtest.engine.gregor.mutators.ConstructorCallMutator,exclusiveBetween,1202,KILLED,org.apache.commons.lang3.Validate_ESTest.test042
Validate.java,org.apache.commons.lang3.Validate,org.pitest.mutationtest.engine.gregor.mutators.InlineConstantMutator,exclusiveBetween,1202,SURVIVED,none
Validate.java,org.apache.commons.lang3.Validate,org.pitest.mutationtest.engine.gregor.mutators.InlineConstantMutator,exclusiveBetween,1202,SURVIVED,none
Validate.java,org.apache.commons.lang3.Validate,org.pitest.mutationtest.engine.gregor.mutators.InlineConstantMutator,exclusiveBetween,1202,SURVIVED,none
Validate.java,org.apache.commons.lang3.Validate,org.pitest.mutationtest.engine.gregor.mutators.InlineConstantMutator,exclusiveBetween,1202,KILLED,org.apache.commons.lang3.Validate_ESTest.test042
Validate.java,org.apache.commons.lang3.Validate,org.pitest.mutationtest.engine.gregor.mutators.NegateConditionalsMutator,exclusiveBetween,1201,KILLED,org.apache.commons.lang3.Validate_ESTest.test041
Validate.java,org.apache.commons.lang3.Validate,org.pitest.mutationtest.engine.gregor.mutators.NegateConditionalsMutator,exclusiveBetween,1201,KILLED,org.apache.commons.lang3.Validate_ESTest.test041
Validate.java,org.apache.commons.lang3.Validate,org.pitest.mutationtest.engine.gregor.mutators.NonVoidMethodCallMutator,exclusiveBetween,1202,SURVIVED,none
Validate.java,org.apache.commons.lang3.Validate,org.pitest.mutationtest.engine.gregor.mutators.NonVoidMethodCallMutator,exclusiveBetween,1202,SURVIVED,none
Validate.java,org.apache.commons.lang3.Validate,org.pitest.mutationtest.engine.gregor.mutators.NonVoidMethodCallMutator,exclusiveBetween,1202,SURVIVED,none
Validate.java,org.apache.commons.lang3.Validate,org.pitest.mutationtest.engine.gregor.mutators.NonVoidMethodCallMutator,exclusiveBetween,1202,SURVIVED,none
Validate.java,org.apache.commons.lang3.Validate,org.pitest.mutationtest.engine.gregor.mutators.RemoveConditionalMutator_ORDER_ELSE,exclusiveBetween,1201,KILLED,org.apache.commons.lang3.Validate_ESTest.test041
Validate.java,org.apache.commons.lang3.Validate,org.pitest.mutationtest.engine.gregor.mutators.RemoveConditionalMutator_ORDER_ELSE,exclusiveBetween,1201,KILLED,org.apache.commons.lang3.Validate_ESTest.test042
Validate.java,org.apache.commons.lang3.Validate,org.pitest.mutationtest.engine.gregor.mutators.RemoveConditionalMutator_ORDER_IF,exclusiveBetween,1201,SURVIVED,none
Validate.java,org.apache.commons.lang3.Validate,org.pitest.mutationtest.engine.gregor.mutators.RemoveConditionalMutator_ORDER_IF,exclusiveBetween,1201,KILLED,org.apache.commons.lang3.Validate_ESTest.test041
Validate.java,org.apache.commons.lang3.Validate,org.pitest.mutationtest.engine.gregor.mutators.ConditionalsBoundaryMutator,exclusiveBetween,1224,SURVIVED,none
Validate.java,org.apache.commons.lang3.Validate,org.pitest.mutationtest.engine.gregor.mutators.ConditionalsBoundaryMutator,exclusiveBetween,1224,KILLED,org.apache.commons.lang3.Validate_ESTest.test038
Validate.java,org.apache.commons.lang3.Validate,org.pitest.mutationtest.engine.gregor.mutators.ConstructorCallMutator,exclusiveBetween,1225,KILLED,org.apache.commons.lang3.Validate_ESTest.test038
Validate.java,org.apache.commons.lang3.Validate,org.pitest.mutationtest.engine.gregor.mutators.NegateConditionalsMutator,exclusiveBetween,1224,KILLED,org.apache.commons.lang3.Validate_ESTest.test039
Validate.java,org.apache.commons.lang3.Validate,org.pitest.mutationtest.engine.gregor.mutators.NegateConditionalsMutator,exclusiveBetween,1224,KILLED,org.apache.commons.lang3.Validate_ESTest.test038
Validate.java,org.apache.commons.lang3.Validate,org.pitest.mutationtest.engine.gregor.mutators.RemoveConditionalMutator_ORDER_ELSE,exclusiveBetween,1224,KILLED,org.apache.commons.lang3.Validate_ESTest.test039
Validate.java,org.apache.commons.lang3.Validate,org.pitest.mutationtest.engine.gregor.mutators.RemoveConditionalMutator_ORDER_ELSE,exclusiveBetween,1224,KILLED,org.apache.commons.lang3.Validate_ESTest.test038
Validate.java,org.apache.commons.lang3.Validate,org.pitest.mutationtest.engine.gregor.mutators.RemoveConditionalMutator_ORDER_IF,exclusiveBetween,1224,KILLED,org.apache.commons.lang3.Validate_ESTest.test001
Validate.java,org.apache.commons.lang3.Validate,org.pitest.mutationtest.engine.gregor.mutators.RemoveConditionalMutator_ORDER_IF,exclusiveBetween,1224,KILLED,org.apache.commons.lang3.Validate_ESTest.test039
Validate.java,org.apache.commons.lang3.Validate,org.pitest.mutationtest.engine.gregor.mutators.ArgumentPropagationMutator,exclusiveBetween,1158,SURVIVED,none
Validate.java,org.apache.commons.lang3.Validate,org.pitest.mutationtest.engine.gregor.mutators.ConditionalsBoundaryMutator,exclusiveBetween,1157,SURVIVED,none
Validate.java,org.apache.commons.lang3.Validate,org.pitest.mutationtest.engine.gregor.mutators.ConditionalsBoundaryMutator,exclusiveBetween,1157,KILLED,org.apache.commons.lang3.Validate_ESTest.test006
Validate.java,org.apache.commons.lang3.Validate,org.pitest.mutationtest.engine.gregor.mutators.ConstructorCallMutator,exclusiveBetween,1158,KILLED,org.apache.commons.lang3.Validate_ESTest.test048
Validate.java,org.apache.commons.lang3.Validate,org.pitest.mutationtest.engine.gregor.mutators.InlineConstantMutator,exclusiveBetween,1158,SURVIVED,none
Validate.java,org.apache.commons.lang3.Validate,org.pitest.mutationtest.engine.gregor.mutators.InlineConstantMutator,exclusiveBetween,1158,SURVIVED,none
Validate.java,org.apache.commons.lang3.Validate,org.pitest.mutationtest.engine.gregor.mutators.InlineConstantMutator,exclusiveBetween,1158,SURVIVED,none
Validate.java,org.apache.commons.lang3.Validate,org.pitest.mutationtest.engine.gregor.mutators.InlineConstantMutator,exclusiveBetween,1158,KILLED,org.apache.commons.lang3.Validate_ESTest.test048
Validate.java,org.apache.commons.lang3.Validate,org.pitest.mutationtest.engine.gregor.mutators.NegateConditionalsMutator,exclusiveBetween,1157,KILLED,org.apache.commons.lang3.Validate_ESTest.test047
Validate.java,org.apache.commons.lang3.Validate,org.pitest.mutationtest.engine.gregor.mutators.NegateConditionalsMutator,exclusiveBetween,1157,KILLED,org.apache.commons.lang3.Validate_ESTest.test047
Validate.java,org.apache.commons.lang3.Validate,org.pitest.mutationtest.engine.gregor.mutators.NonVoidMethodCallMutator,exclusiveBetween,1158,SURVIVED,none
Validate.java,org.apache.commons.lang3.Validate,org.pitest.mutationtest.engine.gregor.mutators.NonVoidMethodCallMutator,exclusiveBetween,1158,SURVIVED,none
Validate.java,org.apache.commons.lang3.Validate,org.pitest.mutationtest.engine.gregor.mutators.NonVoidMethodCallMutator,exclusiveBetween,1158,SURVIVED,none
Validate.java,org.apache.commons.lang3.Validate,org.pitest.mutationtest.engine.gregor.mutators.NonVoidMethodCallMutator,exclusiveBetween,1158,SURVIVED,none
Validate.java,org.apache.commons.lang3.Validate,org.pitest.mutationtest.engine.gregor.mutators.RemoveConditionalMutator_ORDER_ELSE,exclusiveBetween,1157,KILLED,org.apache.commons.lang3.Validate_ESTest.test047
Validate.java,org.apache.commons.lang3.Validate,org.pitest.mutationtest.engine.gregor.mutators.RemoveConditionalMutator_ORDER_ELSE,exclusiveBetween,1157,KILLED,org.apache.commons.lang3.Validate_ESTest.test048
Validate.java,org.apache.commons.lang3.Validate,org.pitest.mutationtest.engine.gregor.mutators.RemoveConditionalMutator_ORDER_IF,exclusiveBetween,1157,KILLED,org.apache.commons.lang3.Validate_ESTest.test049
Validate.java,org.apache.commons.lang3.Validate,org.pitest.mutationtest.engine.gregor.mutators.RemoveConditionalMutator_ORDER_IF,exclusiveBetween,1157,KILLED,org.apache.commons.lang3.Validate_ESTest.test047
Validate.java,org.apache.commons.lang3.Validate,org.pitest.mutationtest.engine.gregor.mutators.ConditionalsBoundaryMutator,exclusiveBetween,1180,SURVIVED,none
Validate.java,org.apache.commons.lang3.Validate,org.pitest.mutationtest.engine.gregor.mutators.ConditionalsBoundaryMutator,exclusiveBetween,1180,KILLED,org.apache.commons.lang3.Validate_ESTest.test044
Validate.java,org.apache.commons.lang3.Validate,org.pitest.mutationtest.engine.gregor.mutators.ConstructorCallMutator,exclusiveBetween,1181,KILLED,org.apache.commons.lang3.Validate_ESTest.test046
Validate.java,org.apache.commons.lang3.Validate,org.pitest.mutationtest.engine.gregor.mutators.NegateConditionalsMutator,exclusiveBetween,1180,KILLED,org.apache.commons.lang3.Validate_ESTest.test045
Validate.java,org.apache.commons.lang3.Validate,org.pitest.mutationtest.engine.gregor.mutators.NegateConditionalsMutator,exclusiveBetween,1180,KILLED,org.apache.commons.lang3.Validate_ESTest.test045
Validate.java,org.apache.commons.lang3.Validate,org.pitest.mutationtest.engine.gregor.mutators.RemoveConditionalMutator_ORDER_ELSE,exclusiveBetween,1180,KILLED,org.apache.commons.lang3.Validate_ESTest.test045
Validate.java,org.apache.commons.lang3.Validate,org.pitest.mutationtest.engine.gregor.mutators.RemoveConditionalMutator_ORDER_ELSE,exclusiveBetween,1180,KILLED,org.apache.commons.lang3.Validate_ESTest.test044
Validate.java,org.apache.commons.lang3.Validate,org.pitest.mutationtest.engine.gregor.mutators.RemoveConditionalMutator_ORDER_IF,exclusiveBetween,1180,KILLED,org.apache.commons.lang3.Validate_ESTest.test005
Validate.java,org.apache.commons.lang3.Validate,org.pitest.mutationtest.engine.gregor.mutators.RemoveConditionalMutator_ORDER_IF,exclusiveBetween,1180,KILLED,org.apache.commons.lang3.Validate_ESTest.test045
Validate.java,org.apache.commons.lang3.Validate,org.pitest.mutationtest.engine.gregor.mutators.ArgumentPropagationMutator,exclusiveBetween,1112,SURVIVED,none
Validate.java,org.apache.commons.lang3.Validate,org.pitest.mutationtest.engine.gregor.mutators.ConditionalsBoundaryMutator,exclusiveBetween,1111,SURVIVED,none
Validate.java,org.apache.commons.lang3.Validate,org.pitest.mutationtest.engine.gregor.mutators.ConditionalsBoundaryMutator,exclusiveBetween,1111,SURVIVED,none
Validate.java,org.apache.commons.lang3.Validate,org.pitest.mutationtest.engine.gregor.mutators.ConstructorCallMutator,exclusiveBetween,1112,KILLED,org.apache.commons.lang3.Validate_ESTest.test010
Validate.java,org.apache.commons.lang3.Validate,org.pitest.mutationtest.engine.gregor.mutators.InlineConstantMutator,exclusiveBetween,1112,SURVIVED,none
Validate.java,org.apache.commons.lang3.Validate,org.pitest.mutationtest.engine.gregor.mutators.InlineConstantMutator,exclusiveBetween,1112,SURVIVED,none
Validate.java,org.apache.commons.lang3.Validate,org.pitest.mutationtest.engine.gregor.mutators.InlineConstantMutator,exclusiveBetween,1112,SURVIVED,none
Validate.java,org.apache.commons.lang3.Validate,org.pitest.mutationtest.engine.gregor.mutators.InlineConstantMutator,exclusiveBetween,1112,KILLED,org.apache.commons.lang3.Validate_ESTest.test010
Validate.java,org.apache.commons.lang3.Validate,org.pitest.mutationtest.engine.gregor.mutators.NegateConditionalsMutator,exclusiveBetween,1111,KILLED,org.apache.commons.lang3.Validate_ESTest.test010
Validate.java,org.apache.commons.lang3.Validate,org.pitest.mutationtest.engine.gregor.mutators.NegateConditionalsMutator,exclusiveBetween,1111,KILLED,org.apache.commons.lang3.Validate_ESTest.test011
Validate.java,org.apache.commons.lang3.Validate,org.pitest.mutationtest.engine.gregor.mutators.NonVoidMethodCallMutator,exclusiveBetween,1111,SURVIVED,none
Validate.java,org.apache.commons.lang3.Validate,org.pitest.mutationtest.engine.gregor.mutators.NonVoidMethodCallMutator,exclusiveBetween,1111,SURVIVED,none
Validate.java,org.apache.commons.lang3.Validate,org.pitest.mutationtest.engine.gregor.mutators.NonVoidMethodCallMutator,exclusiveBetween,1112,SURVIVED,none
Validate.java,org.apache.commons.lang3.Validate,org.pitest.mutationtest.engine.gregor.mutators.RemoveConditionalMutator_ORDER_ELSE,exclusiveBetween,1111,SURVIVED,none
Validate.java,org.apache.commons.lang3.Validate,org.pitest.mutationtest.engine.gregor.mutators.RemoveConditionalMutator_ORDER_ELSE,exclusiveBetween,1111,KILLED,org.apache.commons.lang3.Validate_ESTest.test011
Validate.java,org.apache.commons.lang3.Validate,org.pitest.mutationtest.engine.gregor.mutators.RemoveConditionalMutator_ORDER_IF,exclusiveBetween,1111,KILLED,org.apache.commons.lang3.Validate_ESTest.test010
Validate.java,org.apache.commons.lang3.Validate,org.pitest.mutationtest.engine.gregor.mutators.RemoveConditionalMutator_ORDER_IF,exclusiveBetween,1111,SURVIVED,none
Validate.java,org.apache.commons.lang3.Validate,org.pitest.mutationtest.engine.gregor.mutators.ArgumentPropagationMutator,exclusiveBetween,1137,SURVIVED,none
Validate.java,org.apache.commons.lang3.Validate,org.pitest.mutationtest.engine.gregor.mutators.ConditionalsBoundaryMutator,exclusiveBetween,1136,SURVIVED,none
Validate.java,org.apache.commons.lang3.Validate,org.pitest.mutationtest.engine.gregor.mutators.ConditionalsBoundaryMutator,exclusiveBetween,1136,SURVIVED,none
Validate.java,org.apache.commons.lang3.Validate,org.pitest.mutationtest.engine.gregor.mutators.ConstructorCallMutator,exclusiveBetween,1137,KILLED,org.apache.commons.lang3.Validate_ESTest.test050
Validate.java,org.apache.commons.lang3.Validate,org.pitest.mutationtest.engine.gregor.mutators.NegateConditionalsMutator,exclusiveBetween,1136,KILLED,org.apache.commons.lang3.Validate_ESTest.test009
Validate.java,org.apache.commons.lang3.Validate,org.pitest.mutationtest.engine.gregor.mutators.NegateConditionalsMutator,exclusiveBetween,1136,KILLED,org.apache.commons.lang3.Validate_ESTest.test050
Validate.java,org.apache.commons.lang3.Validate,org.pitest.mutationtest.engine.gregor.mutators.NonVoidMethodCallMutator,exclusiveBetween,1136,KILLED,org.apache.commons.lang3.Validate_ESTest.test009
Validate.java,org.apache.commons.lang3.Validate,org.pitest.mutationtest.engine.gregor.mutators.NonVoidMethodCallMutator,exclusiveBetween,1136,KILLED,org.apache.commons.lang3.Validate_ESTest.test009
Validate.java,org.apache.commons.lang3.Validate,org.pitest.mutationtest.engine.gregor.mutators.NonVoidMethodCallMutator,exclusiveBetween,1137,SURVIVED,none
Validate.java,org.apache.commons.lang3.Validate,org.pitest.mutationtest.engine.gregor.mutators.RemoveConditionalMutator_ORDER_ELSE,exclusiveBetween,1136,KILLED,org.apache.commons.lang3.Validate_ESTest.test009
Validate.java,org.apache.commons.lang3.Validate,org.pitest.mutationtest.engine.gregor.mutators.RemoveConditionalMutator_ORDER_ELSE,exclusiveBetween,1136,KILLED,org.apache.commons.lang3.Validate_ESTest.test050
Validate.java,org.apache.commons.lang3.Validate,org.pitest.mutationtest.engine.gregor.mutators.RemoveConditionalMutator_ORDER_IF,exclusiveBetween,1136,KILLED,org.apache.commons.lang3.Validate_ESTest.test008
Validate.java,org.apache.commons.lang3.Validate,org.pitest.mutationtest.engine.gregor.mutators.RemoveConditionalMutator_ORDER_IF,exclusiveBetween,1136,KILLED,org.apache.commons.lang3.Validate_ESTest.test009
Validate.java,org.apache.commons.lang3.Validate,org.pitest.mutationtest.engine.gregor.mutators.InlineConstantMutator,finite,930,KILLED,org.apache.commons.lang3.Validate_ESTest.test094
Validate.java,org.apache.commons.lang3.Validate,org.pitest.mutationtest.engine.gregor.mutators.InlineConstantMutator,finite,930,KILLED,org.apache.commons.lang3.Validate_ESTest.test094
Validate.java,org.apache.commons.lang3.Validate,org.pitest.mutationtest.engine.gregor.mutators.NonVoidMethodCallMutator,finite,930,SURVIVED,none
Validate.java,org.apache.commons.lang3.Validate,org.pitest.mutationtest.engine.gregor.mutators.VoidMethodCallMutator,finite,930,SURVIVED,none
Validate.java,org.apache.commons.lang3.Validate,org.pitest.mutationtest.engine.gregor.mutators.ArgumentPropagationMutator,finite,949,NO_COVERAGE,none
Validate.java,org.apache.commons.lang3.Validate,org.pitest.mutationtest.engine.gregor.mutators.ConstructorCallMutator,finite,949,NO_COVERAGE,none
Validate.java,org.apache.commons.lang3.Validate,org.pitest.mutationtest.engine.gregor.mutators.NegateConditionalsMutator,finite,948,KILLED,org.apache.commons.lang3.Validate_ESTest.test094
Validate.java,org.apache.commons.lang3.Validate,org.pitest.mutationtest.engine.gregor.mutators.NegateConditionalsMutator,finite,948,KILLED,org.apache.commons.lang3.Validate_ESTest.test094
Validate.java,org.apache.commons.lang3.Validate,org.pitest.mutationtest.engine.gregor.mutators.NonVoidMethodCallMutator,finite,948,SURVIVED,none
Validate.java,org.apache.commons.lang3.Validate,org.pitest.mutationtest.engine.gregor.mutators.NonVoidMethodCallMutator,finite,948,SURVIVED,none
Validate.java,org.apache.commons.lang3.Validate,org.pitest.mutationtest.engine.gregor.mutators.NonVoidMethodCallMutator,finite,949,NO_COVERAGE,none
Validate.java,org.apache.commons.lang3.Validate,org.pitest.mutationtest.engine.gregor.mutators.RemoveConditionalMutator_EQUAL_ELSE,finite,948,KILLED,org.apache.commons.lang3.Validate_ESTest.test094
Validate.java,org.apache.commons.lang3.Validate,org.pitest.mutationtest.engine.gregor.mutators.RemoveConditionalMutator_EQUAL_ELSE,finite,948,SURVIVED,none
Validate.java,org.apache.commons.lang3.Validate,org.pitest.mutationtest.engine.gregor.mutators.RemoveConditionalMutator_EQUAL_IF,finite,948,SURVIVED,none
Validate.java,org.apache.commons.lang3.Validate,org.pitest.mutationtest.engine.gregor.mutators.RemoveConditionalMutator_EQUAL_IF,finite,948,KILLED,org.apache.commons.lang3.Validate_ESTest.test094
Validate.java,org.apache.commons.lang3.Validate,org.pitest.mutationtest.engine.gregor.mutators.ArgumentPropagationMutator,inclusiveBetween,1064,SURVIVED,none
Validate.java,org.apache.commons.lang3.Validate,org.pitest.mutationtest.engine.gregor.mutators.ConditionalsBoundaryMutator,inclusiveBetween,1063,SURVIVED,none
Validate.java,org.apache.commons.lang3.Validate,org.pitest.mutationtest.engine.gregor.mutators.ConditionalsBoundaryMutator,inclusiveBetween,1063,KILLED,org.apache.commons.lang3.Validate_ESTest.test014
Validate.java,org.apache.commons.lang3.Validate,org.pitest.mutationtest.engine.gregor.mutators.ConstructorCallMutator,inclusiveBetween,1064,KILLED,org.apache.commons.lang3.Validate_ESTest.test057
Validate.java,org.apache.commons.lang3.Validate,org.pitest.mutationtest.engine.gregor.mutators.InlineConstantMutator,inclusiveBetween,1064,SURVIVED,none
Validate.java,org.apache.commons.lang3.Validate,org.pitest.mutationtest.engine.gregor.mutators.InlineConstantMutator,inclusiveBetween,1064,SURVIVED,none
Validate.java,org.apache.commons.lang3.Validate,org.pitest.mutationtest.engine.gregor.mutators.InlineConstantMutator,inclusiveBetween,1064,SURVIVED,none
Validate.java,org.apache.commons.lang3.Validate,org.pitest.mutationtest.engine.gregor.mutators.InlineConstantMutator,inclusiveBetween,1064,KILLED,org.apache.commons.lang3.Validate_ESTest.test057
Validate.java,org.apache.commons.lang3.Validate,org.pitest.mutationtest.engine.gregor.mutators.NegateConditionalsMutator,inclusiveBetween,1063,KILLED,org.apache.commons.lang3.Validate_ESTest.test056
Validate.java,org.apache.commons.lang3.Validate,org.pitest.mutationtest.engine.gregor.mutators.NegateConditionalsMutator,inclusiveBetween,1063,KILLED,org.apache.commons.lang3.Validate_ESTest.test056
Validate.java,org.apache.commons.lang3.Validate,org.pitest.mutationtest.engine.gregor.mutators.NonVoidMethodCallMutator,inclusiveBetween,1064,SURVIVED,none
Validate.java,org.apache.commons.lang3.Validate,org.pitest.mutationtest.engine.gregor.mutators.NonVoidMethodCallMutator,inclusiveBetween,1064,SURVIVED,none
Validate.java,org.apache.commons.lang3.Validate,org.pitest.mutationtest.engine.gregor.mutators.NonVoidMethodCallMutator,inclusiveBetween,1064,SURVIVED,none
Validate.java,org.apache.commons.lang3.Validate,org.pitest.mutationtest.engine.gregor.mutators.NonVoidMethodCallMutator,inclusiveBetween,1064,SURVIVED,none
Validate.java,org.apache.commons.lang3.Validate,org.pitest.mutationtest.engine.gregor.mutators.RemoveConditionalMutator_ORDER_ELSE,inclusiveBetween,1063,KILLED,org.apache.commons.lang3.Validate_ESTest.test056
Validate.java,org.apache.commons.lang3.Validate,org.pitest.mutationtest.engine.gregor.mutators.RemoveConditionalMutator_ORDER_ELSE,inclusiveBetween,1063,KILLED,org.apache.commons.lang3.Validate_ESTest.test055
Validate.java,org.apache.commons.lang3.Validate,org.pitest.mutationtest.engine.gregor.mutators.RemoveConditionalMutator_ORDER_IF,inclusiveBetween,1063,KILLED,org.apache.commons.lang3.Validate_ESTest.test057
Validate.java,org.apache.commons.lang3.Validate,org.pitest.mutationtest.engine.gregor.mutators.RemoveConditionalMutator_ORDER_IF,inclusiveBetween,1063,KILLED,org.apache.commons.lang3.Validate_ESTest.test056
Validate.java,org.apache.commons.lang3.Validate,org.pitest.mutationtest.engine.gregor.mutators.ConditionalsBoundaryMutator,inclusiveBetween,1086,SURVIVED,none
Validate.java,org.apache.commons.lang3.Validate,org.pitest.mutationtest.engine.gregor.mutators.ConditionalsBoundaryMutator,inclusiveBetween,1086,KILLED,org.apache.commons.lang3.Validate_ESTest.test053
Validate.java,org.apache.commons.lang3.Validate,org.pitest.mutationtest.engine.gregor.mutators.ConstructorCallMutator,inclusiveBetween,1087,KILLED,org.apache.commons.lang3.Validate_ESTest.test013
Validate.java,org.apache.commons.lang3.Validate,org.pitest.mutationtest.engine.gregor.mutators.NegateConditionalsMutator,inclusiveBetween,1086,KILLED,org.apache.commons.lang3.Validate_ESTest.test012
Validate.java,org.apache.commons.lang3.Validate,org.pitest.mutationtest.engine.gregor.mutators.NegateConditionalsMutator,inclusiveBetween,1086,KILLED,org.apache.commons.lang3.Validate_ESTest.test012
Validate.java,org.apache.commons.lang3.Validate,org.pitest.mutationtest.engine.gregor.mutators.RemoveConditionalMutator_ORDER_ELSE,inclusiveBetween,1086,KILLED,org.apache.commons.lang3.Validate_ESTest.test012
Validate.java,org.apache.commons.lang3.Validate,org.pitest.mutationtest.engine.gregor.mutators.RemoveConditionalMutator_ORDER_ELSE,inclusiveBetween,1086,KILLED,org.apache.commons.lang3.Validate_ESTest.test013
Validate.java,org.apache.commons.lang3.Validate,org.pitest.mutationtest.engine.gregor.mutators.RemoveConditionalMutator_ORDER_IF,inclusiveBetween,1086,KILLED,org.apache.commons.lang3.Validate_ESTest.test054
Validate.java,org.apache.commons.lang3.Validate,org.pitest.mutationtest.engine.gregor.mutators.RemoveConditionalMutator_ORDER_IF,inclusiveBetween,1086,KILLED,org.apache.commons.lang3.Validate_ESTest.test012
Validate.java,org.apache.commons.lang3.Validate,org.pitest.mutationtest.engine.gregor.mutators.ArgumentPropagationMutator,inclusiveBetween,1020,SURVIVED,none
Validate.java,org.apache.commons.lang3.Validate,org.pitest.mutationtest.engine.gregor.mutators.ConditionalsBoundaryMutator,inclusiveBetween,1019,KILLED,org.apache.commons.lang3.Validate_ESTest.test061
Validate.java,org.apache.commons.lang3.Validate,org.pitest.mutationtest.engine.gregor.mutators.ConditionalsBoundaryMutator,inclusiveBetween,1019,KILLED,org.apache.commons.lang3.Validate_ESTest.test061
Validate.java,org.apache.commons.lang3.Validate,org.pitest.mutationtest.engine.gregor.mutators.ConstructorCallMutator,inclusiveBetween,1020,KILLED,org.apache.commons.lang3.Validate_ESTest.test062
Validate.java,org.apache.commons.lang3.Validate,org.pitest.mutationtest.engine.gregor.mutators.InlineConstantMutator,inclusiveBetween,1020,SURVIVED,none
Validate.java,org.apache.commons.lang3.Validate,org.pitest.mutationtest.engine.gregor.mutators.InlineConstantMutator,inclusiveBetween,1020,SURVIVED,none
Validate.java,org.apache.commons.lang3.Validate,org.pitest.mutationtest.engine.gregor.mutators.InlineConstantMutator,inclusiveBetween,1020,SURVIVED,none
Validate.java,org.apache.commons.lang3.Validate,org.pitest.mutationtest.engine.gregor.mutators.InlineConstantMutator,inclusiveBetween,1020,KILLED,org.apache.commons.lang3.Validate_ESTest.test062
Validate.java,org.apache.commons.lang3.Validate,org.pitest.mutationtest.engine.gregor.mutators.NegateConditionalsMutator,inclusiveBetween,1019,KILLED,org.apache.commons.lang3.Validate_ESTest.test061
Validate.java,org.apache.commons.lang3.Validate,org.pitest.mutationtest.engine.gregor.mutators.NegateConditionalsMutator,inclusiveBetween,1019,KILLED,org.apache.commons.lang3.Validate_ESTest.test061
Validate.java,org.apache.commons.lang3.Validate,org.pitest.mutationtest.engine.gregor.mutators.NonVoidMethodCallMutator,inclusiveBetween,1020,SURVIVED,none
Validate.java,org.apache.commons.lang3.Validate,org.pitest.mutationtest.engine.gregor.mutators.NonVoidMethodCallMutator,inclusiveBetween,1020,SURVIVED,none
Validate.java,org.apache.commons.lang3.Validate,org.pitest.mutationtest.engine.gregor.mutators.NonVoidMethodCallMutator,inclusiveBetween,1020,SURVIVED,none
Validate.java,org.apache.commons.lang3.Validate,org.pitest.mutationtest.engine.gregor.mutators.NonVoidMethodCallMutator,inclusiveBetween,1020,SURVIVED,none
Validate.java,org.apache.commons.lang3.Validate,org.pitest.mutationtest.engine.gregor.mutators.RemoveConditionalMutator_ORDER_ELSE,inclusiveBetween,1019,KILLED,org.apache.commons.lang3.Validate_ESTest.test061
Validate.java,org.apache.commons.lang3.Validate,org.pitest.mutationtest.engine.gregor.mutators.RemoveConditionalMutator_ORDER_ELSE,inclusiveBetween,1019,KILLED,org.apache.commons.lang3.Validate_ESTest.test062
Validate.java,org.apache.commons.lang3.Validate,org.pitest.mutationtest.engine.gregor.mutators.RemoveConditionalMutator_ORDER_IF,inclusiveBetween,1019,KILLED,org.apache.commons.lang3.Validate_ESTest.test063
Validate.java,org.apache.commons.lang3.Validate,org.pitest.mutationtest.engine.gregor.mutators.RemoveConditionalMutator_ORDER_IF,inclusiveBetween,1019,KILLED,org.apache.commons.lang3.Validate_ESTest.test061
Validate.java,org.apache.commons.lang3.Validate,org.pitest.mutationtest.engine.gregor.mutators.ConditionalsBoundaryMutator,inclusiveBetween,1042,KILLED,org.apache.commons.lang3.Validate_ESTest.test059
Validate.java,org.apache.commons.lang3.Validate,org.pitest.mutationtest.engine.gregor.mutators.ConditionalsBoundaryMutator,inclusiveBetween,1042,KILLED,org.apache.commons.lang3.Validate_ESTest.test015
Validate.java,org.apache.commons.lang3.Validate,org.pitest.mutationtest.engine.gregor.mutators.ConstructorCallMutator,inclusiveBetween,1043,KILLED,org.apache.commons.lang3.Validate_ESTest.test060
Validate.java,org.apache.commons.lang3.Validate,org.pitest.mutationtest.engine.gregor.mutators.NegateConditionalsMutator,inclusiveBetween,1042,KILLED,org.apache.commons.lang3.Validate_ESTest.test059
Validate.java,org.apache.commons.lang3.Validate,org.pitest.mutationtest.engine.gregor.mutators.NegateConditionalsMutator,inclusiveBetween,1042,KILLED,org.apache.commons.lang3.Validate_ESTest.test059
Validate.java,org.apache.commons.lang3.Validate,org.pitest.mutationtest.engine.gregor.mutators.RemoveConditionalMutator_ORDER_ELSE,inclusiveBetween,1042,KILLED,org.apache.commons.lang3.Validate_ESTest.test059
Validate.java,org.apache.commons.lang3.Validate,org.pitest.mutationtest.engine.gregor.mutators.RemoveConditionalMutator_ORDER_ELSE,inclusiveBetween,1042,KILLED,org.apache.commons.lang3.Validate_ESTest.test058
Validate.java,org.apache.commons.lang3.Validate,org.pitest.mutationtest.engine.gregor.mutators.RemoveConditionalMutator_ORDER_IF,inclusiveBetween,1042,KILLED,org.apache.commons.lang3.Validate_ESTest.test060
Validate.java,org.apache.commons.lang3.Validate,org.pitest.mutationtest.engine.gregor.mutators.RemoveConditionalMutator_ORDER_IF,inclusiveBetween,1042,KILLED,org.apache.commons.lang3.Validate_ESTest.test059
Validate.java,org.apache.commons.lang3.Validate,org.pitest.mutationtest.engine.gregor.mutators.ArgumentPropagationMutator,inclusiveBetween,974,SURVIVED,none
Validate.java,org.apache.commons.lang3.Validate,org.pitest.mutationtest.engine.gregor.mutators.ConditionalsBoundaryMutator,inclusiveBetween,973,SURVIVED,none
Validate.java,org.apache.commons.lang3.Validate,org.pitest.mutationtest.engine.gregor.mutators.ConditionalsBoundaryMutator,inclusiveBetween,973,SURVIVED,none
Validate.java,org.apache.commons.lang3.Validate,org.pitest.mutationtest.engine.gregor.mutators.ConstructorCallMutator,inclusiveBetween,974,KILLED,org.apache.commons.lang3.Validate_ESTest.test065
Validate.java,org.apache.commons.lang3.Validate,org.pitest.mutationtest.engine.gregor.mutators.InlineConstantMutator,inclusiveBetween,974,SURVIVED,none
Validate.java,org.apache.commons.lang3.Validate,org.pitest.mutationtest.engine.gregor.mutators.InlineConstantMutator,inclusiveBetween,974,SURVIVED,none
Validate.java,org.apache.commons.lang3.Validate,org.pitest.mutationtest.engine.gregor.mutators.InlineConstantMutator,inclusiveBetween,974,SURVIVED,none
Validate.java,org.apache.commons.lang3.Validate,org.pitest.mutationtest.engine.gregor.mutators.InlineConstantMutator,inclusiveBetween,974,KILLED,org.apache.commons.lang3.Validate_ESTest.test065
Validate.java,org.apache.commons.lang3.Validate,org.pitest.mutationtest.engine.gregor.mutators.NegateConditionalsMutator,inclusiveBetween,973,KILLED,org.apache.commons.lang3.Validate_ESTest.test020
Validate.java,org.apache.commons.lang3.Validate,org.pitest.mutationtest.engine.gregor.mutators.NegateConditionalsMutator,inclusiveBetween,973,KILLED,org.apache.commons.lang3.Validate_ESTest.test065
Validate.java,org.apache.commons.lang3.Validate,org.pitest.mutationtest.engine.gregor.mutators.NonVoidMethodCallMutator,inclusiveBetween,973,KILLED,org.apache.commons.lang3.Validate_ESTest.test020
Validate.java,org.apache.commons.lang3.Validate,org.pitest.mutationtest.engine.gregor.mutators.NonVoidMethodCallMutator,inclusiveBetween,973,KILLED,org.apache.commons.lang3.Validate_ESTest.test065
Validate.java,org.apache.commons.lang3.Validate,org.pitest.mutationtest.engine.gregor.mutators.NonVoidMethodCallMutator,inclusiveBetween,974,SURVIVED,none
Validate.java,org.apache.commons.lang3.Validate,org.pitest.mutationtest.engine.gregor.mutators.RemoveConditionalMutator_ORDER_ELSE,inclusiveBetween,973,SURVIVED,none
Validate.java,org.apache.commons.lang3.Validate,org.pitest.mutationtest.engine.gregor.mutators.RemoveConditionalMutator_ORDER_ELSE,inclusiveBetween,973,KILLED,org.apache.commons.lang3.Validate_ESTest.test065
Validate.java,org.apache.commons.lang3.Validate,org.pitest.mutationtest.engine.gregor.mutators.RemoveConditionalMutator_ORDER_IF,inclusiveBetween,973,KILLED,org.apache.commons.lang3.Validate_ESTest.test020
Validate.java,org.apache.commons.lang3.Validate,org.pitest.mutationtest.engine.gregor.mutators.RemoveConditionalMutator_ORDER_IF,inclusiveBetween,973,SURVIVED,none
Validate.java,org.apache.commons.lang3.Validate,org.pitest.mutationtest.engine.gregor.mutators.ArgumentPropagationMutator,inclusiveBetween,999,KILLED,org.apache.commons.lang3.Validate_ESTest.test064
Validate.java,org.apache.commons.lang3.Validate,org.pitest.mutationtest.engine.gregor.mutators.ConditionalsBoundaryMutator,inclusiveBetween,998,KILLED,org.apache.commons.lang3.Validate_ESTest.test017
Validate.java,org.apache.commons.lang3.Validate,org.pitest.mutationtest.engine.gregor.mutators.ConditionalsBoundaryMutator,inclusiveBetween,998,KILLED,org.apache.commons.lang3.Validate_ESTest.test018
Validate.java,org.apache.commons.lang3.Validate,org.pitest.mutationtest.engine.gregor.mutators.ConstructorCallMutator,inclusiveBetween,999,KILLED,org.apache.commons.lang3.Validate_ESTest.test019
Validate.java,org.apache.commons.lang3.Validate,org.pitest.mutationtest.engine.gregor.mutators.NegateConditionalsMutator,inclusiveBetween,998,KILLED,org.apache.commons.lang3.Validate_ESTest.test017
Validate.java,org.apache.commons.lang3.Validate,org.pitest.mutationtest.engine.gregor.mutators.NegateConditionalsMutator,inclusiveBetween,998,KILLED,org.apache.commons.lang3.Validate_ESTest.test064
Validate.java,org.apache.commons.lang3.Validate,org.pitest.mutationtest.engine.gregor.mutators.NonVoidMethodCallMutator,inclusiveBetween,998,KILLED,org.apache.commons.lang3.Validate_ESTest.test019
Validate.java,org.apache.commons.lang3.Validate,org.pitest.mutationtest.engine.gregor.mutators.NonVoidMethodCallMutator,inclusiveBetween,998,KILLED,org.apache.commons.lang3.Validate_ESTest.test064
Validate.java,org.apache.commons.lang3.Validate,org.pitest.mutationtest.engine.gregor.mutators.NonVoidMethodCallMutator,inclusiveBetween,999,KILLED,org.apache.commons.lang3.Validate_ESTest.test064
Validate.java,org.apache.commons.lang3.Validate,org.pitest.mutationtest.engine.gregor.mutators.RemoveConditionalMutator_ORDER_ELSE,inclusiveBetween,998,KILLED,org.apache.commons.lang3.Validate_ESTest.test017
Validate.java,org.apache.commons.lang3.Validate,org.pitest.mutationtest.engine.gregor.mutators.RemoveConditionalMutator_ORDER_ELSE,inclusiveBetween,998,KILLED,org.apache.commons.lang3.Validate_ESTest.test064
Validate.java,org.apache.commons.lang3.Validate,org.pitest.mutationtest.engine.gregor.mutators.RemoveConditionalMutator_ORDER_IF,inclusiveBetween,998,KILLED,org.apache.commons.lang3.Validate_ESTest.test019
Validate.java,org.apache.commons.lang3.Validate,org.pitest.mutationtest.engine.gregor.mutators.RemoveConditionalMutator_ORDER_IF,inclusiveBetween,998,KILLED,org.apache.commons.lang3.Validate_ESTest.test017
Validate.java,org.apache.commons.lang3.Validate,org.pitest.mutationtest.engine.gregor.mutators.ArgumentPropagationMutator,isAssignableFrom,1302,SURVIVED,none
Validate.java,org.apache.commons.lang3.Validate,org.pitest.mutationtest.engine.gregor.mutators.ConstructorCallMutator,isAssignableFrom,1302,KILLED,org.apache.commons.lang3.Validate_ESTest.test031
Validate.java,org.apache.commons.lang3.Validate,org.pitest.mutationtest.engine.gregor.mutators.InlineConstantMutator,isAssignableFrom,1302,SURVIVED,none
Validate.java,org.apache.commons.lang3.Validate,org.pitest.mutationtest.engine.gregor.mutators.InlineConstantMutator,isAssignableFrom,1302,SURVIVED,none
Validate.java,org.apache.commons.lang3.Validate,org.pitest.mutationtest.engine.gregor.mutators.InlineConstantMutator,isAssignableFrom,1302,SURVIVED,none
Validate.java,org.apache.commons.lang3.Validate,org.pitest.mutationtest.engine.gregor.mutators.NegateConditionalsMutator,isAssignableFrom,1301,KILLED,org.apache.commons.lang3.Validate_ESTest.test032
Validate.java,org.apache.commons.lang3.Validate,org.pitest.mutationtest.engine.gregor.mutators.NegateConditionalsMutator,isAssignableFrom,1302,SURVIVED,none
Validate.java,org.apache.commons.lang3.Validate,org.pitest.mutationtest.engine.gregor.mutators.NonVoidMethodCallMutator,isAssignableFrom,1301,KILLED,org.apache.commons.lang3.Validate_ESTest.test032
Validate.java,org.apache.commons.lang3.Validate,org.pitest.mutationtest.engine.gregor.mutators.NonVoidMethodCallMutator,isAssignableFrom,1302,SURVIVED,none
Validate.java,org.apache.commons.lang3.Validate,org.pitest.mutationtest.engine.gregor.mutators.NonVoidMethodCallMutator,isAssignableFrom,1303,SURVIVED,none
Validate.java,org.apache.commons.lang3.Validate,org.pitest.mutationtest.engine.gregor.mutators.NonVoidMethodCallMutator,isAssignableFrom,1302,SURVIVED,none
Validate.java,org.apache.commons.lang3.Validate,org.pitest.mutationtest.engine.gregor.mutators.RemoveConditionalMutator_EQUAL_ELSE,isAssignableFrom,1301,KILLED,org.apache.commons.lang3.Validate_ESTest.test031
Validate.java,org.apache.commons.lang3.Validate,org.pitest.mutationtest.engine.gregor.mutators.RemoveConditionalMutator_EQUAL_ELSE,isAssignableFrom,1302,SURVIVED,none
Validate.java,org.apache.commons.lang3.Validate,org.pitest.mutationtest.engine.gregor.mutators.RemoveConditionalMutator_EQUAL_IF,isAssignableFrom,1301,KILLED,org.apache.commons.lang3.Validate_ESTest.test032
Validate.java,org.apache.commons.lang3.Validate,org.pitest.mutationtest.engine.gregor.mutators.RemoveConditionalMutator_EQUAL_IF,isAssignableFrom,1302,SURVIVED,none
Validate.java,org.apache.commons.lang3.Validate,org.pitest.mutationtest.engine.gregor.mutators.ArgumentPropagationMutator,isAssignableFrom,1327,SURVIVED,none
Validate.java,org.apache.commons.lang3.Validate,org.pitest.mutationtest.engine.gregor.mutators.ConstructorCallMutator,isAssignableFrom,1327,KILLED,org.apache.commons.lang3.Validate_ESTest.test029
Validate.java,org.apache.commons.lang3.Validate,org.pitest.mutationtest.engine.gregor.mutators.NegateConditionalsMutator,isAssignableFrom,1326,KILLED,org.apache.commons.lang3.Validate_ESTest.test030
Validate.java,org.apache.commons.lang3.Validate,org.pitest.mutationtest.engine.gregor.mutators.NonVoidMethodCallMutator,isAssignableFrom,1326,KILLED,org.apache.commons.lang3.Validate_ESTest.test030
Validate.java,org.apache.commons.lang3.Validate,org.pitest.mutationtest.engine.gregor.mutators.NonVoidMethodCallMutator,isAssignableFrom,1327,SURVIVED,none
Validate.java,org.apache.commons.lang3.Validate,org.pitest.mutationtest.engine.gregor.mutators.RemoveConditionalMutator_EQUAL_ELSE,isAssignableFrom,1326,KILLED,org.apache.commons.lang3.Validate_ESTest.test029
Validate.java,org.apache.commons.lang3.Validate,org.pitest.mutationtest.engine.gregor.mutators.RemoveConditionalMutator_EQUAL_IF,isAssignableFrom,1326,KILLED,org.apache.commons.lang3.Validate_ESTest.test030
Validate.java,org.apache.commons.lang3.Validate,org.pitest.mutationtest.engine.gregor.mutators.ArgumentPropagationMutator,isInstanceOf,1251,SURVIVED,none
Validate.java,org.apache.commons.lang3.Validate,org.pitest.mutationtest.engine.gregor.mutators.ConstructorCallMutator,isInstanceOf,1251,KILLED,org.apache.commons.lang3.Validate_ESTest.test036
Validate.java,org.apache.commons.lang3.Validate,org.pitest.mutationtest.engine.gregor.mutators.InlineConstantMutator,isInstanceOf,1251,SURVIVED,none
Validate.java,org.apache.commons.lang3.Validate,org.pitest.mutationtest.engine.gregor.mutators.InlineConstantMutator,isInstanceOf,1251,SURVIVED,none
Validate.java,org.apache.commons.lang3.Validate,org.pitest.mutationtest.engine.gregor.mutators.InlineConstantMutator,isInstanceOf,1251,SURVIVED,none
Validate.java,org.apache.commons.lang3.Validate,org.pitest.mutationtest.engine.gregor.mutators.NegateConditionalsMutator,isInstanceOf,1250,KILLED,org.apache.commons.lang3.Validate_ESTest.test036
Validate.java,org.apache.commons.lang3.Validate,org.pitest.mutationtest.engine.gregor.mutators.NegateConditionalsMutator,isInstanceOf,1251,KILLED,org.apache.commons.lang3.Validate_ESTest.test035
Validate.java,org.apache.commons.lang3.Validate,org.pitest.mutationtest.engine.gregor.mutators.NonVoidMethodCallMutator,isInstanceOf,1250,KILLED,org.apache.commons.lang3.Validate_ESTest.test037
Validate.java,org.apache.commons.lang3.Validate,org.pitest.mutationtest.engine.gregor.mutators.NonVoidMethodCallMutator,isInstanceOf,1251,SURVIVED,none
Validate.java,org.apache.commons.lang3.Validate,org.pitest.mutationtest.engine.gregor.mutators.NonVoidMethodCallMutator,isInstanceOf,1252,KILLED,org.apache.commons.lang3.Validate_ESTest.test036
Validate.java,org.apache.commons.lang3.Validate,org.pitest.mutationtest.engine.gregor.mutators.NonVoidMethodCallMutator,isInstanceOf,1252,SURVIVED,none
Validate.java,org.apache.commons.lang3.Validate,org.pitest.mutationtest.engine.gregor.mutators.NonVoidMethodCallMutator,isInstanceOf,1251,SURVIVED,none
Validate.java,org.apache.commons.lang3.Validate,org.pitest.mutationtest.engine.gregor.mutators.RemoveConditionalMutator_EQUAL_ELSE,isInstanceOf,1250,KILLED,org.apache.commons.lang3.Validate_ESTest.test036
Validate.java,org.apache.commons.lang3.Validate,org.pitest.mutationtest.engine.gregor.mutators.RemoveConditionalMutator_EQUAL_ELSE,isInstanceOf,1251,KILLED,org.apache.commons.lang3.Validate_ESTest.test035
Validate.java,org.apache.commons.lang3.Validate,org.pitest.mutationtest.engine.gregor.mutators.RemoveConditionalMutator_EQUAL_IF,isInstanceOf,1250,KILLED,org.apache.commons.lang3.Validate_ESTest.test037
Validate.java,org.apache.commons.lang3.Validate,org.pitest.mutationtest.engine.gregor.mutators.RemoveConditionalMutator_EQUAL_IF,isInstanceOf,1251,SURVIVED,none
Validate.java,org.apache.commons.lang3.Validate,org.pitest.mutationtest.engine.gregor.mutators.ArgumentPropagationMutator,isInstanceOf,1276,SURVIVED,none
Validate.java,org.apache.commons.lang3.Validate,org.pitest.mutationtest.engine.gregor.mutators.ConstructorCallMutator,isInstanceOf,1276,KILLED,org.apache.commons.lang3.Validate_ESTest.test033
Validate.java,org.apache.commons.lang3.Validate,org.pitest.mutationtest.engine.gregor.mutators.NegateConditionalsMutator,isInstanceOf,1275,KILLED,org.apache.commons.lang3.Validate_ESTest.test034
Validate.java,org.apache.commons.lang3.Validate,org.pitest.mutationtest.engine.gregor.mutators.NonVoidMethodCallMutator,isInstanceOf,1275,KILLED,org.apache.commons.lang3.Validate_ESTest.test034
Validate.java,org.apache.commons.lang3.Validate,org.pitest.mutationtest.engine.gregor.mutators.NonVoidMethodCallMutator,isInstanceOf,1276,SURVIVED,none
Validate.java,org.apache.commons.lang3.Validate,org.pitest.mutationtest.engine.gregor.mutators.RemoveConditionalMutator_EQUAL_ELSE,isInstanceOf,1275,KILLED,org.apache.commons.lang3.Validate_ESTest.test033
Validate.java,org.apache.commons.lang3.Validate,org.pitest.mutationtest.engine.gregor.mutators.RemoveConditionalMutator_EQUAL_IF,isInstanceOf,1275,KILLED,org.apache.commons.lang3.Validate_ESTest.test034
Validate.java,org.apache.commons.lang3.Validate,org.pitest.mutationtest.engine.gregor.mutators.ConstructorCallMutator,isTrue,184,KILLED,org.apache.commons.lang3.Validate_ESTest.test085
Validate.java,org.apache.commons.lang3.Validate,org.pitest.mutationtest.engine.gregor.mutators.NegateConditionalsMutator,isTrue,183,KILLED,org.apache.commons.lang3.Validate_ESTest.test085
Validate.java,org.apache.commons.lang3.Validate,org.pitest.mutationtest.engine.gregor.mutators.RemoveConditionalMutator_EQUAL_ELSE,isTrue,183,KILLED,org.apache.commons.lang3.Validate_ESTest.test085
Validate.java,org.apache.commons.lang3.Validate,org.pitest.mutationtest.engine.gregor.mutators.RemoveConditionalMutator_EQUAL_IF,isTrue,183,KILLED,org.apache.commons.lang3.Validate_ESTest.test086
Validate.java,org.apache.commons.lang3.Validate,org.pitest.mutationtest.engine.gregor.mutators.ArgumentPropagationMutator,isTrue,135,SURVIVED,none
Validate.java,org.apache.commons.lang3.Validate,org.pitest.mutationtest.engine.gregor.mutators.ConstructorCallMutator,isTrue,135,KILLED,org.apache.commons.lang3.Validate_ESTest.test089
Validate.java,org.apache.commons.lang3.Validate,org.pitest.mutationtest.engine.gregor.mutators.InlineConstantMutator,isTrue,135,KILLED,org.apache.commons.lang3.Validate_ESTest.test089
Validate.java,org.apache.commons.lang3.Validate,org.pitest.mutationtest.engine.gregor.mutators.InlineConstantMutator,isTrue,135,KILLED,org.apache.commons.lang3.Validate_ESTest.test089
Validate.java,org.apache.commons.lang3.Validate,org.pitest.mutationtest.engine.gregor.mutators.NegateConditionalsMutator,isTrue,134,KILLED,org.apache.commons.lang3.Validate_ESTest.test090
Validate.java,org.apache.commons.lang3.Validate,org.pitest.mutationtest.engine.gregor.mutators.NonVoidMethodCallMutator,isTrue,135,SURVIVED,none
Validate.java,org.apache.commons.lang3.Validate,org.pitest.mutationtest.engine.gregor.mutators.NonVoidMethodCallMutator,isTrue,135,SURVIVED,none
Validate.java,org.apache.commons.lang3.Validate,org.pitest.mutationtest.engine.gregor.mutators.RemoveConditionalMutator_EQUAL_ELSE,isTrue,134,KILLED,org.apache.commons.lang3.Validate_ESTest.test089
Validate.java,org.apache.commons.lang3.Validate,org.pitest.mutationtest.engine.gregor.mutators.RemoveConditionalMutator_EQUAL_IF,isTrue,134,KILLED,org.apache.commons.lang3.Validate_ESTest.test090
Validate.java,org.apache.commons.lang3.Validate,org.pitest.mutationtest.engine.gregor.mutators.ArgumentPropagationMutator,isTrue,110,SURVIVED,none
Validate.java,org.apache.commons.lang3.Validate,org.pitest.mutationtest.engine.gregor.mutators.ConstructorCallMutator,isTrue,110,KILLED,org.apache.commons.lang3.Validate_ESTest.test091
Validate.java,org.apache.commons.lang3.Validate,org.pitest.mutationtest.engine.gregor.mutators.InlineConstantMutator,isTrue,110,KILLED,org.apache.commons.lang3.Validate_ESTest.test091
Validate.java,org.apache.commons.lang3.Validate,org.pitest.mutationtest.engine.gregor.mutators.InlineConstantMutator,isTrue,110,KILLED,org.apache.commons.lang3.Validate_ESTest.test091
Validate.java,org.apache.commons.lang3.Validate,org.pitest.mutationtest.engine.gregor.mutators.NegateConditionalsMutator,isTrue,109,KILLED,org.apache.commons.lang3.Validate_ESTest.test091
Validate.java,org.apache.commons.lang3.Validate,org.pitest.mutationtest.engine.gregor.mutators.NonVoidMethodCallMutator,isTrue,110,SURVIVED,none
Validate.java,org.apache.commons.lang3.Validate,org.pitest.mutationtest.engine.gregor.mutators.NonVoidMethodCallMutator,isTrue,110,SURVIVED,none
Validate.java,org.apache.commons.lang3.Validate,org.pitest.mutationtest.engine.gregor.mutators.RemoveConditionalMutator_EQUAL_ELSE,isTrue,109,KILLED,org.apache.commons.lang3.Validate_ESTest.test091
Validate.java,org.apache.commons.lang3.Validate,org.pitest.mutationtest.engine.gregor.mutators.RemoveConditionalMutator_EQUAL_IF,isTrue,109,KILLED,org.apache.commons.lang3.Validate_ESTest.test092
Validate.java,org.apache.commons.lang3.Validate,org.pitest.mutationtest.engine.gregor.mutators.ArgumentPropagationMutator,isTrue,159,SURVIVED,none
Validate.java,org.apache.commons.lang3.Validate,org.pitest.mutationtest.engine.gregor.mutators.ConstructorCallMutator,isTrue,159,KILLED,org.apache.commons.lang3.Validate_ESTest.test087
Validate.java,org.apache.commons.lang3.Validate,org.pitest.mutationtest.engine.gregor.mutators.NegateConditionalsMutator,isTrue,158,KILLED,org.apache.commons.lang3.Validate_ESTest.test087
Validate.java,org.apache.commons.lang3.Validate,org.pitest.mutationtest.engine.gregor.mutators.NonVoidMethodCallMutator,isTrue,159,SURVIVED,none
Validate.java,org.apache.commons.lang3.Validate,org.pitest.mutationtest.engine.gregor.mutators.RemoveConditionalMutator_EQUAL_ELSE,isTrue,158,KILLED,org.apache.commons.lang3.Validate_ESTest.test087
Validate.java,org.apache.commons.lang3.Validate,org.pitest.mutationtest.engine.gregor.mutators.RemoveConditionalMutator_EQUAL_IF,isTrue,158,KILLED,org.apache.commons.lang3.Validate_ESTest.test088
Validate.java,org.apache.commons.lang3.Validate,org.pitest.mutationtest.engine.gregor.mutators.ArgumentPropagationMutator,lambda$notBlank$5,440,SURVIVED,none
Validate.java,org.apache.commons.lang3.Validate,org.pitest.mutationtest.engine.gregor.mutators.EmptyObjectReturnValsMutator,lambda$notBlank$5,440,SURVIVED,none
Validate.java,org.apache.commons.lang3.Validate,org.pitest.mutationtest.engine.gregor.mutators.NonVoidMethodCallMutator,lambda$notBlank$5,440,SURVIVED,none
Validate.java,org.apache.commons.lang3.Validate,org.pitest.mutationtest.engine.gregor.mutators.ReturnValsMutator,lambda$notBlank$5,440,SURVIVED,none
Validate.java,org.apache.commons.lang3.Validate,org.pitest.mutationtest.engine.gregor.mutators.ArgumentPropagationMutator,lambda$notEmpty$1,248,SURVIVED,none
Validate.java,org.apache.commons.lang3.Validate,org.pitest.mutationtest.engine.gregor.mutators.EmptyObjectReturnValsMutator,lambda$notEmpty$1,248,SURVIVED,none
Validate.java,org.apache.commons.lang3.Validate,org.pitest.mutationtest.engine.gregor.mutators.NonVoidMethodCallMutator,lambda$notEmpty$1,248,SURVIVED,none
Validate.java,org.apache.commons.lang3.Validate,org.pitest.mutationtest.engine.gregor.mutators.ReturnValsMutator,lambda$notEmpty$1,248,SURVIVED,none
Validate.java,org.apache.commons.lang3.Validate,org.pitest.mutationtest.engine.gregor.mutators.ArgumentPropagationMutator,lambda$notEmpty$2,295,SURVIVED,none
Validate.java,org.apache.commons.lang3.Validate,org.pitest.mutationtest.engine.gregor.mutators.EmptyObjectReturnValsMutator,lambda$notEmpty$2,295,SURVIVED,none
Validate.java,org.apache.commons.lang3.Validate,org.pitest.mutationtest.engine.gregor.mutators.NonVoidMethodCallMutator,lambda$notEmpty$2,295,SURVIVED,none
Validate.java,org.apache.commons.lang3.Validate,org.pitest.mutationtest.engine.gregor.mutators.ReturnValsMutator,lambda$notEmpty$2,295,SURVIVED,none
Validate.java,org.apache.commons.lang3.Validate,org.pitest.mutationtest.engine.gregor.mutators.ArgumentPropagationMutator,lambda$notEmpty$3,342,SURVIVED,none
Validate.java,org.apache.commons.lang3.Validate,org.pitest.mutationtest.engine.gregor.mutators.EmptyObjectReturnValsMutator,lambda$notEmpty$3,342,SURVIVED,none
Validate.java,org.apache.commons.lang3.Validate,org.pitest.mutationtest.engine.gregor.mutators.NonVoidMethodCallMutator,lambda$notEmpty$3,342,SURVIVED,none
Validate.java,org.apache.commons.lang3.Validate,org.pitest.mutationtest.engine.gregor.mutators.ReturnValsMutator,lambda$notEmpty$3,342,SURVIVED,none
Validate.java,org.apache.commons.lang3.Validate,org.pitest.mutationtest.engine.gregor.mutators.ArgumentPropagationMutator,lambda$notEmpty$4,389,SURVIVED,none
Validate.java,org.apache.commons.lang3.Validate,org.pitest.mutationtest.engine.gregor.mutators.EmptyObjectReturnValsMutator,lambda$notEmpty$4,389,SURVIVED,none
Validate.java,org.apache.commons.lang3.Validate,org.pitest.mutationtest.engine.gregor.mutators.NonVoidMethodCallMutator,lambda$notEmpty$4,389,SURVIVED,none
Validate.java,org.apache.commons.lang3.Validate,org.pitest.mutationtest.engine.gregor.mutators.ReturnValsMutator,lambda$notEmpty$4,389,SURVIVED,none
Validate.java,org.apache.commons.lang3.Validate,org.pitest.mutationtest.engine.gregor.mutators.ArgumentPropagationMutator,lambda$notNull$0,225,SURVIVED,none
Validate.java,org.apache.commons.lang3.Validate,org.pitest.mutationtest.engine.gregor.mutators.EmptyObjectReturnValsMutator,lambda$notNull$0,225,SURVIVED,none
Validate.java,org.apache.commons.lang3.Validate,org.pitest.mutationtest.engine.gregor.mutators.NonVoidMethodCallMutator,lambda$notNull$0,225,SURVIVED,none
Validate.java,org.apache.commons.lang3.Validate,org.pitest.mutationtest.engine.gregor.mutators.ReturnValsMutator,lambda$notNull$0,225,SURVIVED,none
Validate.java,org.apache.commons.lang3.Validate,org.pitest.mutationtest.engine.gregor.mutators.ArgumentPropagationMutator,matchesPattern,842,SURVIVED,none
Validate.java,org.apache.commons.lang3.Validate,org.pitest.mutationtest.engine.gregor.mutators.ConstructorCallMutator,matchesPattern,842,KILLED,org.apache.commons.lang3.Validate_ESTest.test068
Validate.java,org.apache.commons.lang3.Validate,org.pitest.mutationtest.engine.gregor.mutators.InlineConstantMutator,matchesPattern,842,SURVIVED,none
Validate.java,org.apache.commons.lang3.Validate,org.pitest.mutationtest.engine.gregor.mutators.InlineConstantMutator,matchesPattern,842,SURVIVED,none
Validate.java,org.apache.commons.lang3.Validate,org.pitest.mutationtest.engine.gregor.mutators.InlineConstantMutator,matchesPattern,842,SURVIVED,none
Validate.java,org.apache.commons.lang3.Validate,org.pitest.mutationtest.engine.gregor.mutators.NegateConditionalsMutator,matchesPattern,841,KILLED,org.apache.commons.lang3.Validate_ESTest.test068
Validate.java,org.apache.commons.lang3.Validate,org.pitest.mutationtest.engine.gregor.mutators.NonVoidMethodCallMutator,matchesPattern,841,KILLED,org.apache.commons.lang3.Validate_ESTest.test069
Validate.java,org.apache.commons.lang3.Validate,org.pitest.mutationtest.engine.gregor.mutators.NonVoidMethodCallMutator,matchesPattern,842,SURVIVED,none
Validate.java,org.apache.commons.lang3.Validate,org.pitest.mutationtest.engine.gregor.mutators.RemoveConditionalMutator_EQUAL_ELSE,matchesPattern,841,KILLED,org.apache.commons.lang3.Validate_ESTest.test068
Validate.java,org.apache.commons.lang3.Validate,org.pitest.mutationtest.engine.gregor.mutators.RemoveConditionalMutator_EQUAL_IF,matchesPattern,841,KILLED,org.apache.commons.lang3.Validate_ESTest.test069
Validate.java,org.apache.commons.lang3.Validate,org.pitest.mutationtest.engine.gregor.mutators.ArgumentPropagationMutator,matchesPattern,866,SURVIVED,none
Validate.java,org.apache.commons.lang3.Validate,org.pitest.mutationtest.engine.gregor.mutators.ConstructorCallMutator,matchesPattern,866,KILLED,org.apache.commons.lang3.Validate_ESTest.test066
Validate.java,org.apache.commons.lang3.Validate,org.pitest.mutationtest.engine.gregor.mutators.NegateConditionalsMutator,matchesPattern,865,KILLED,org.apache.commons.lang3.Validate_ESTest.test067
Validate.java,org.apache.commons.lang3.Validate,org.pitest.mutationtest.engine.gregor.mutators.NonVoidMethodCallMutator,matchesPattern,865,KILLED,org.apache.commons.lang3.Validate_ESTest.test067
Validate.java,org.apache.commons.lang3.Validate,org.pitest.mutationtest.engine.gregor.mutators.NonVoidMethodCallMutator,matchesPattern,866,SURVIVED,none
Validate.java,org.apache.commons.lang3.Validate,org.pitest.mutationtest.engine.gregor.mutators.RemoveConditionalMutator_EQUAL_ELSE,matchesPattern,865,KILLED,org.apache.commons.lang3.Validate_ESTest.test066
Validate.java,org.apache.commons.lang3.Validate,org.pitest.mutationtest.engine.gregor.mutators.RemoveConditionalMutator_EQUAL_IF,matchesPattern,865,KILLED,org.apache.commons.lang3.Validate_ESTest.test067
Validate.java,org.apache.commons.lang3.Validate,org.pitest.mutationtest.engine.gregor.mutators.ArgumentPropagationMutator,noNullElements,592,SURVIVED,none
Validate.java,org.apache.commons.lang3.Validate,org.pitest.mutationtest.engine.gregor.mutators.InlineConstantMutator,noNullElements,592,SURVIVED,none
Validate.java,org.apache.commons.lang3.Validate,org.pitest.mutationtest.engine.gregor.mutators.NonVoidMethodCallMutator,noNullElements,592,KILLED,org.apache.commons.lang3.Validate_ESTest.test097
Validate.java,org.apache.commons.lang3.Validate,org.pitest.mutationtest.engine.gregor.mutators.NullReturnValsMutator,noNullElements,592,KILLED,org.apache.commons.lang3.Validate_ESTest.test097
Validate.java,org.apache.commons.lang3.Validate,org.pitest.mutationtest.engine.gregor.mutators.ReturnValsMutator,noNullElements,592,KILLED,org.apache.commons.lang3.Validate_ESTest.test097
Validate.java,org.apache.commons.lang3.Validate,org.pitest.mutationtest.engine.gregor.mutators.ArgumentPropagationMutator,noNullElements,559,SURVIVED,none
Validate.java,org.apache.commons.lang3.Validate,org.pitest.mutationtest.engine.gregor.mutators.ArgumentPropagationMutator,noNullElements,563,NO_COVERAGE,none
Validate.java,org.apache.commons.lang3.Validate,org.pitest.mutationtest.engine.gregor.mutators.ArgumentPropagationMutator,noNullElements,564,NO_COVERAGE,none
Validate.java,org.apache.commons.lang3.Validate,org.pitest.mutationtest.engine.gregor.mutators.ConstructorCallMutator,noNullElements,564,NO_COVERAGE,none
Validate.java,org.apache.commons.lang3.Validate,org.pitest.mutationtest.engine.gregor.mutators.IncrementsMutator,noNullElements,561,SURVIVED,none
Validate.java,org.apache.commons.lang3.Validate,org.pitest.mutationtest.engine.gregor.mutators.InlineConstantMutator,noNullElements,560,SURVIVED,none
Validate.java,org.apache.commons.lang3.Validate,org.pitest.mutationtest.engine.gregor.mutators.InlineConstantMutator,noNullElements,563,NO_COVERAGE,none
Validate.java,org.apache.commons.lang3.Validate,org.pitest.mutationtest.engine.gregor.mutators.InlineConstantMutator,noNullElements,563,NO_COVERAGE,none
Validate.java,org.apache.commons.lang3.Validate,org.pitest.mutationtest.engine.gregor.mutators.NegateConditionalsMutator,noNullElements,561,SURVIVED,none
Validate.java,org.apache.commons.lang3.Validate,org.pitest.mutationtest.engine.gregor.mutators.NegateConditionalsMutator,noNullElements,562,KILLED,org.apache.commons.lang3.Validate_ESTest.test097
Validate.java,org.apache.commons.lang3.Validate,org.pitest.mutationtest.engine.gregor.mutators.NonVoidMethodCallMutator,noNullElements,559,SURVIVED,none
Validate.java,org.apache.commons.lang3.Validate,org.pitest.mutationtest.engine.gregor.mutators.NonVoidMethodCallMutator,noNullElements,561,KILLED,org.apache.commons.lang3.Validate_ESTest.test097
Validate.java,org.apache.commons.lang3.Validate,org.pitest.mutationtest.engine.gregor.mutators.NonVoidMethodCallMutator,noNullElements,561,SURVIVED,none
Validate.java,org.apache.commons.lang3.Validate,org.pitest.mutationtest.engine.gregor.mutators.NonVoidMethodCallMutator,noNullElements,563,NO_COVERAGE,none
Validate.java,org.apache.commons.lang3.Validate,org.pitest.mutationtest.engine.gregor.mutators.NonVoidMethodCallMutator,noNullElements,563,NO_COVERAGE,none
Validate.java,org.apache.commons.lang3.Validate,org.pitest.mutationtest.engine.gregor.mutators.NonVoidMethodCallMutator,noNullElements,564,NO_COVERAGE,none
Validate.java,org.apache.commons.lang3.Validate,org.pitest.mutationtest.engine.gregor.mutators.NullReturnValsMutator,noNullElements,567,KILLED,org.apache.commons.lang3.Validate_ESTest.test097
Validate.java,org.apache.commons.lang3.Validate,org.pitest.mutationtest.engine.gregor.mutators.RemoveConditionalMutator_EQUAL_ELSE,noNullElements,561,SURVIVED,none
Validate.java,org.apache.commons.lang3.Validate,org.pitest.mutationtest.engine.gregor.mutators.RemoveConditionalMutator_EQUAL_ELSE,noNullElements,562,SURVIVED,none
Validate.java,org.apache.commons.lang3.Validate,org.pitest.mutationtest.engine.gregor.mutators.RemoveConditionalMutator_EQUAL_IF,noNullElements,561,KILLED,org.apache.commons.lang3.Validate_ESTest.test097
Validate.java,org.apache.commons.lang3.Validate,org.pitest.mutationtest.engine.gregor.mutators.RemoveConditionalMutator_EQUAL_IF,noNullElements,562,KILLED,org.apache.commons.lang3.Validate_ESTest.test097
Validate.java,org.apache.commons.lang3.Validate,org.pitest.mutationtest.engine.gregor.mutators.ReturnValsMutator,noNullElements,567,KILLED,org.apache.commons.lang3.Validate_ESTest.test097
Validate.java,org.apache.commons.lang3.Validate,org.pitest.mutationtest.engine.gregor.mutators.experimental.RemoveIncrementsMutator,noNullElements,561,SURVIVED,none
Validate.java,org.apache.commons.lang3.Validate,org.pitest.mutationtest.engine.gregor.mutators.ArgumentPropagationMutator,noNullElements,529,KILLED,org.apache.commons.lang3.Validate_ESTest.test079
Validate.java,org.apache.commons.lang3.Validate,org.pitest.mutationtest.engine.gregor.mutators.InlineConstantMutator,noNullElements,529,SURVIVED,none
Validate.java,org.apache.commons.lang3.Validate,org.pitest.mutationtest.engine.gregor.mutators.NonVoidMethodCallMutator,noNullElements,529,KILLED,org.apache.commons.lang3.Validate_ESTest.test079
Validate.java,org.apache.commons.lang3.Validate,org.pitest.mutationtest.engine.gregor.mutators.NullReturnValsMutator,noNullElements,529,KILLED,org.apache.commons.lang3.Validate_ESTest.test105
Validate.java,org.apache.commons.lang3.Validate,org.pitest.mutationtest.engine.gregor.mutators.ReturnValsMutator,noNullElements,529,KILLED,org.apache.commons.lang3.Validate_ESTest.test105
Validate.java,org.apache.commons.lang3.Validate,org.pitest.mutationtest.engine.gregor.mutators.ArgumentPropagationMutator,noNullElements,497,SURVIVED,none
Validate.java,org.apache.commons.lang3.Validate,org.pitest.mutationtest.engine.gregor.mutators.ArgumentPropagationMutator,noNullElements,500,KILLED,org.apache.commons.lang3.Validate_ESTest.test079
Validate.java,org.apache.commons.lang3.Validate,org.pitest.mutationtest.engine.gregor.mutators.ArgumentPropagationMutator,noNullElements,501,SURVIVED,none
Validate.java,org.apache.commons.lang3.Validate,org.pitest.mutationtest.engine.gregor.mutators.ConditionalsBoundaryMutator,noNullElements,498,KILLED,org.apache.commons.lang3.Validate_ESTest.test105
Validate.java,org.apache.commons.lang3.Validate,org.pitest.mutationtest.engine.gregor.mutators.ConstructorCallMutator,noNullElements,501,KILLED,org.apache.commons.lang3.Validate_ESTest.test079
Validate.java,org.apache.commons.lang3.Validate,org.pitest.mutationtest.engine.gregor.mutators.InlineConstantMutator,noNullElements,498,SURVIVED,none
Validate.java,org.apache.commons.lang3.Validate,org.pitest.mutationtest.engine.gregor.mutators.NegateConditionalsMutator,noNullElements,498,KILLED,org.apache.commons.lang3.Validate_ESTest.test079
Validate.java,org.apache.commons.lang3.Validate,org.pitest.mutationtest.engine.gregor.mutators.NegateConditionalsMutator,noNullElements,499,SURVIVED,none
Validate.java,org.apache.commons.lang3.Validate,org.pitest.mutationtest.engine.gregor.mutators.NonVoidMethodCallMutator,noNullElements,497,SURVIVED,none
Validate.java,org.apache.commons.lang3.Validate,org.pitest.mutationtest.engine.gregor.mutators.NonVoidMethodCallMutator,noNullElements,500,SURVIVED,none
Validate.java,org.apache.commons.lang3.Validate,org.pitest.mutationtest.engine.gregor.mutators.NonVoidMethodCallMutator,noNullElements,500,SURVIVED,none
Validate.java,org.apache.commons.lang3.Validate,org.pitest.mutationtest.engine.gregor.mutators.NonVoidMethodCallMutator,noNullElements,501,SURVIVED,none
Validate.java,org.apache.commons.lang3.Validate,org.pitest.mutationtest.engine.gregor.mutators.NullReturnValsMutator,noNullElements,504,KILLED,org.apache.commons.lang3.Validate_ESTest.test105
Validate.java,org.apache.commons.lang3.Validate,org.pitest.mutationtest.engine.gregor.mutators.RemoveConditionalMutator_EQUAL_ELSE,noNullElements,499,KILLED,org.apache.commons.lang3.Validate_ESTest.test079
Validate.java,org.apache.commons.lang3.Validate,org.pitest.mutationtest.engine.gregor.mutators.RemoveConditionalMutator_EQUAL_IF,noNullElements,499,SURVIVED,none
Validate.java,org.apache.commons.lang3.Validate,org.pitest.mutationtest.engine.gregor.mutators.RemoveConditionalMutator_ORDER_ELSE,noNullElements,498,KILLED,org.apache.commons.lang3.Validate_ESTest.test079
Validate.java,org.apache.commons.lang3.Validate,org.pitest.mutationtest.engine.gregor.mutators.RemoveConditionalMutator_ORDER_IF,noNullElements,498,KILLED,org.apache.commons.lang3.Validate_ESTest.test105
Validate.java,org.apache.commons.lang3.Validate,org.pitest.mutationtest.engine.gregor.mutators.ReturnValsMutator,noNullElements,504,KILLED,org.apache.commons.lang3.Validate_ESTest.test105
Validate.java,org.apache.commons.lang3.Validate,org.pitest.mutationtest.engine.gregor.mutators.ArgumentPropagationMutator,notBlank,467,KILLED,org.apache.commons.lang3.Validate_ESTest.test080
Validate.java,org.apache.commons.lang3.Validate,org.pitest.mutationtest.engine.gregor.mutators.InlineConstantMutator,notBlank,467,SURVIVED,none
Validate.java,org.apache.commons.lang3.Validate,org.pitest.mutationtest.engine.gregor.mutators.NonVoidMethodCallMutator,notBlank,467,KILLED,org.apache.commons.lang3.Validate_ESTest.test101
Validate.java,org.apache.commons.lang3.Validate,org.pitest.mutationtest.engine.gregor.mutators.NullReturnValsMutator,notBlank,467,KILLED,org.apache.commons.lang3.Validate_ESTest.test101
Validate.java,org.apache.commons.lang3.Validate,org.pitest.mutationtest.engine.gregor.mutators.ReturnValsMutator,notBlank,467,KILLED,org.apache.commons.lang3.Validate_ESTest.test101
Validate.java,org.apache.commons.lang3.Validate,org.pitest.mutationtest.engine.gregor.mutators.ArgumentPropagationMutator,notBlank,440,SURVIVED,none
Validate.java,org.apache.commons.lang3.Validate,org.pitest.mutationtest.engine.gregor.mutators.ArgumentPropagationMutator,notBlank,442,SURVIVED,none
Validate.java,org.apache.commons.lang3.Validate,org.pitest.mutationtest.engine.gregor.mutators.ConstructorCallMutator,notBlank,442,KILLED,org.apache.commons.lang3.Validate_ESTest.test080
Validate.java,org.apache.commons.lang3.Validate,org.pitest.mutationtest.engine.gregor.mutators.NegateConditionalsMutator,notBlank,441,KILLED,org.apache.commons.lang3.Validate_ESTest.test101
Validate.java,org.apache.commons.lang3.Validate,org.pitest.mutationtest.engine.gregor.mutators.NonVoidMethodCallMutator,notBlank,440,SURVIVED,none
Validate.java,org.apache.commons.lang3.Validate,org.pitest.mutationtest.engine.gregor.mutators.NonVoidMethodCallMutator,notBlank,441,KILLED,org.apache.commons.lang3.Validate_ESTest.test080
Validate.java,org.apache.commons.lang3.Validate,org.pitest.mutationtest.engine.gregor.mutators.NonVoidMethodCallMutator,notBlank,442,SURVIVED,none
Validate.java,org.apache.commons.lang3.Validate,org.pitest.mutationtest.engine.gregor.mutators.NullReturnValsMutator,notBlank,444,KILLED,org.apache.commons.lang3.Validate_ESTest.test101
Validate.java,org.apache.commons.lang3.Validate,org.pitest.mutationtest.engine.gregor.mutators.RemoveConditionalMutator_EQUAL_ELSE,notBlank,441,KILLED,org.apache.commons.lang3.Validate_ESTest.test080
Validate.java,org.apache.commons.lang3.Validate,org.pitest.mutationtest.engine.gregor.mutators.RemoveConditionalMutator_EQUAL_IF,notBlank,441,KILLED,org.apache.commons.lang3.Validate_ESTest.test101
Validate.java,org.apache.commons.lang3.Validate,org.pitest.mutationtest.engine.gregor.mutators.ReturnValsMutator,notBlank,444,KILLED,org.apache.commons.lang3.Validate_ESTest.test101
Validate.java,org.apache.commons.lang3.Validate,org.pitest.mutationtest.engine.gregor.mutators.ArgumentPropagationMutator,notEmpty,414,KILLED,org.apache.commons.lang3.Validate_ESTest.test093
Validate.java,org.apache.commons.lang3.Validate,org.pitest.mutationtest.engine.gregor.mutators.InlineConstantMutator,notEmpty,414,SURVIVED,none
Validate.java,org.apache.commons.lang3.Validate,org.pitest.mutationtest.engine.gregor.mutators.NonVoidMethodCallMutator,notEmpty,414,KILLED,org.apache.commons.lang3.Validate_ESTest.test093
Validate.java,org.apache.commons.lang3.Validate,org.pitest.mutationtest.engine.gregor.mutators.NullReturnValsMutator,notEmpty,414,SURVIVED,none
Validate.java,org.apache.commons.lang3.Validate,org.pitest.mutationtest.engine.gregor.mutators.ReturnValsMutator,notEmpty,414,SURVIVED,none
Validate.java,org.apache.commons.lang3.Validate,org.pitest.mutationtest.engine.gregor.mutators.ArgumentPropagationMutator,notEmpty,389,KILLED,org.apache.commons.lang3.Validate_ESTest.test093
Validate.java,org.apache.commons.lang3.Validate,org.pitest.mutationtest.engine.gregor.mutators.ArgumentPropagationMutator,notEmpty,391,SURVIVED,none
Validate.java,org.apache.commons.lang3.Validate,org.pitest.mutationtest.engine.gregor.mutators.ConstructorCallMutator,notEmpty,391,KILLED,org.apache.commons.lang3.Validate_ESTest.test081
Validate.java,org.apache.commons.lang3.Validate,org.pitest.mutationtest.engine.gregor.mutators.NegateConditionalsMutator,notEmpty,390,KILLED,org.apache.commons.lang3.Validate_ESTest.test082
Validate.java,org.apache.commons.lang3.Validate,org.pitest.mutationtest.engine.gregor.mutators.NonVoidMethodCallMutator,notEmpty,389,KILLED,org.apache.commons.lang3.Validate_ESTest.test093
Validate.java,org.apache.commons.lang3.Validate,org.pitest.mutationtest.engine.gregor.mutators.NonVoidMethodCallMutator,notEmpty,390,KILLED,org.apache.commons.lang3.Validate_ESTest.test082
Validate.java,org.apache.commons.lang3.Validate,org.pitest.mutationtest.engine.gregor.mutators.NonVoidMethodCallMutator,notEmpty,391,SURVIVED,none
Validate.java,org.apache.commons.lang3.Validate,org.pitest.mutationtest.engine.gregor.mutators.NullReturnValsMutator,notEmpty,393,KILLED,org.apache.commons.lang3.Validate_ESTest.test082
Validate.java,org.apache.commons.lang3.Validate,org.pitest.mutationtest.engine.gregor.mutators.RemoveConditionalMutator_EQUAL_ELSE,notEmpty,390,KILLED,org.apache.commons.lang3.Validate_ESTest.test081
Validate.java,org.apache.commons.lang3.Validate,org.pitest.mutationtest.engine.gregor.mutators.RemoveConditionalMutator_EQUAL_IF,notEmpty,390,KILLED,org.apache.commons.lang3.Validate_ESTest.test082
Validate.java,org.apache.commons.lang3.Validate,org.pitest.mutationtest.engine.gregor.mutators.ReturnValsMutator,notEmpty,393,KILLED,org.apache.commons.lang3.Validate_ESTest.test082
Validate.java,org.apache.commons.lang3.Validate,org.pitest.mutationtest.engine.gregor.mutators.ArgumentPropagationMutator,notEmpty,319,KILLED,org.apache.commons.lang3.Validate_ESTest.test098
Validate.java,org.apache.commons.lang3.Validate,org.pitest.mutationtest.engine.gregor.mutators.EmptyObjectReturnValsMutator,notEmpty,319,KILLED,org.apache.commons.lang3.Validate_ESTest.test084
Validate.java,org.apache.commons.lang3.Validate,org.pitest.mutationtest.engine.gregor.mutators.InlineConstantMutator,notEmpty,319,SURVIVED,none
Validate.java,org.apache.commons.lang3.Validate,org.pitest.mutationtest.engine.gregor.mutators.NonVoidMethodCallMutator,notEmpty,319,KILLED,org.apache.commons.lang3.Validate_ESTest.test098
Validate.java,org.apache.commons.lang3.Validate,org.pitest.mutationtest.engine.gregor.mutators.ReturnValsMutator,notEmpty,319,KILLED,org.apache.commons.lang3.Validate_ESTest.test084
Validate.java,org.apache.commons.lang3.Validate,org.pitest.mutationtest.engine.gregor.mutators.ArgumentPropagationMutator,notEmpty,295,SURVIVED,none
Validate.java,org.apache.commons.lang3.Validate,org.pitest.mutationtest.engine.gregor.mutators.ArgumentPropagationMutator,notEmpty,297,SURVIVED,none
Validate.java,org.apache.commons.lang3.Validate,org.pitest.mutationtest.engine.gregor.mutators.ConstructorCallMutator,notEmpty,297,KILLED,org.apache.commons.lang3.Validate_ESTest.test098
Validate.java,org.apache.commons.lang3.Validate,org.pitest.mutationtest.engine.gregor.mutators.EmptyObjectReturnValsMutator,notEmpty,299,KILLED,org.apache.commons.lang3.Validate_ESTest.test084
Validate.java,org.apache.commons.lang3.Validate,org.pitest.mutationtest.engine.gregor.mutators.NegateConditionalsMutator,notEmpty,296,KILLED,org.apache.commons.lang3.Validate_ESTest.test098
Validate.java,org.apache.commons.lang3.Validate,org.pitest.mutationtest.engine.gregor.mutators.NonVoidMethodCallMutator,notEmpty,295,SURVIVED,none
Validate.java,org.apache.commons.lang3.Validate,org.pitest.mutationtest.engine.gregor.mutators.NonVoidMethodCallMutator,notEmpty,296,KILLED,org.apache.commons.lang3.Validate_ESTest.test098
Validate.java,org.apache.commons.lang3.Validate,org.pitest.mutationtest.engine.gregor.mutators.NonVoidMethodCallMutator,notEmpty,297,SURVIVED,none
Validate.java,org.apache.commons.lang3.Validate,org.pitest.mutationtest.engine.gregor.mutators.RemoveConditionalMutator_EQUAL_ELSE,notEmpty,296,KILLED,org.apache.commons.lang3.Validate_ESTest.test098
Validate.java,org.apache.commons.lang3.Validate,org.pitest.mutationtest.engine.gregor.mutators.RemoveConditionalMutator_EQUAL_IF,notEmpty,296,KILLED,org.apache.commons.lang3.Validate_ESTest.test084
Validate.java,org.apache.commons.lang3.Validate,org.pitest.mutationtest.engine.gregor.mutators.ReturnValsMutator,notEmpty,299,KILLED,org.apache.commons.lang3.Validate_ESTest.test084
Validate.java,org.apache.commons.lang3.Validate,org.pitest.mutationtest.engine.gregor.mutators.ArgumentPropagationMutator,notEmpty,366,KILLED,org.apache.commons.lang3.Validate_ESTest.test104
Validate.java,org.apache.commons.lang3.Validate,org.pitest.mutationtest.engine.gregor.mutators.InlineConstantMutator,notEmpty,366,SURVIVED,none
Validate.java,org.apache.commons.lang3.Validate,org.pitest.mutationtest.engine.gregor.mutators.NonVoidMethodCallMutator,notEmpty,366,KILLED,org.apache.commons.lang3.Validate_ESTest.test104
Validate.java,org.apache.commons.lang3.Validate,org.pitest.mutationtest.engine.gregor.mutators.NullReturnValsMutator,notEmpty,366,SURVIVED,none
Validate.java,org.apache.commons.lang3.Validate,org.pitest.mutationtest.engine.gregor.mutators.ReturnValsMutator,notEmpty,366,SURVIVED,none
Validate.java,org.apache.commons.lang3.Validate,org.pitest.mutationtest.engine.gregor.mutators.ArgumentPropagationMutator,notEmpty,342,SURVIVED,none
Validate.java,org.apache.commons.lang3.Validate,org.pitest.mutationtest.engine.gregor.mutators.ArgumentPropagationMutator,notEmpty,344,SURVIVED,none
Validate.java,org.apache.commons.lang3.Validate,org.pitest.mutationtest.engine.gregor.mutators.ConstructorCallMutator,notEmpty,344,KILLED,org.apache.commons.lang3.Validate_ESTest.test104
Validate.java,org.apache.commons.lang3.Validate,org.pitest.mutationtest.engine.gregor.mutators.NegateConditionalsMutator,notEmpty,343,KILLED,org.apache.commons.lang3.Validate_ESTest.test083
Validate.java,org.apache.commons.lang3.Validate,org.pitest.mutationtest.engine.gregor.mutators.NonVoidMethodCallMutator,notEmpty,342,SURVIVED,none
Validate.java,org.apache.commons.lang3.Validate,org.pitest.mutationtest.engine.gregor.mutators.NonVoidMethodCallMutator,notEmpty,343,KILLED,org.apache.commons.lang3.Validate_ESTest.test104
Validate.java,org.apache.commons.lang3.Validate,org.pitest.mutationtest.engine.gregor.mutators.NonVoidMethodCallMutator,notEmpty,344,SURVIVED,none
Validate.java,org.apache.commons.lang3.Validate,org.pitest.mutationtest.engine.gregor.mutators.NullReturnValsMutator,notEmpty,346,KILLED,org.apache.commons.lang3.Validate_ESTest.test083
Validate.java,org.apache.commons.lang3.Validate,org.pitest.mutationtest.engine.gregor.mutators.RemoveConditionalMutator_EQUAL_ELSE,notEmpty,343,KILLED,org.apache.commons.lang3.Validate_ESTest.test104
Validate.java,org.apache.commons.lang3.Validate,org.pitest.mutationtest.engine.gregor.mutators.RemoveConditionalMutator_EQUAL_IF,notEmpty,343,KILLED,org.apache.commons.lang3.Validate_ESTest.test083
Validate.java,org.apache.commons.lang3.Validate,org.pitest.mutationtest.engine.gregor.mutators.ReturnValsMutator,notEmpty,346,KILLED,org.apache.commons.lang3.Validate_ESTest.test083
Validate.java,org.apache.commons.lang3.Validate,org.pitest.mutationtest.engine.gregor.mutators.ArgumentPropagationMutator,notEmpty,272,KILLED,org.apache.commons.lang3.Validate_ESTest.test096
Validate.java,org.apache.commons.lang3.Validate,org.pitest.mutationtest.engine.gregor.mutators.InlineConstantMutator,notEmpty,272,SURVIVED,none
Validate.java,org.apache.commons.lang3.Validate,org.pitest.mutationtest.engine.gregor.mutators.NonVoidMethodCallMutator,notEmpty,272,KILLED,org.apache.commons.lang3.Validate_ESTest.test096
Validate.java,org.apache.commons.lang3.Validate,org.pitest.mutationtest.engine.gregor.mutators.NullReturnValsMutator,notEmpty,272,KILLED,org.apache.commons.lang3.Validate_ESTest.test096
Validate.java,org.apache.commons.lang3.Validate,org.pitest.mutationtest.engine.gregor.mutators.ReturnValsMutator,notEmpty,272,KILLED,org.apache.commons.lang3.Validate_ESTest.test096
Validate.java,org.apache.commons.lang3.Validate,org.pitest.mutationtest.engine.gregor.mutators.ArgumentPropagationMutator,notEmpty,248,SURVIVED,none
Validate.java,org.apache.commons.lang3.Validate,org.pitest.mutationtest.engine.gregor.mutators.ArgumentPropagationMutator,notEmpty,250,SURVIVED,none
Validate.java,org.apache.commons.lang3.Validate,org.pitest.mutationtest.engine.gregor.mutators.ConstructorCallMutator,notEmpty,250,KILLED,org.apache.commons.lang3.Validate_ESTest.test028
Validate.java,org.apache.commons.lang3.Validate,org.pitest.mutationtest.engine.gregor.mutators.NegateConditionalsMutator,notEmpty,249,KILLED,org.apache.commons.lang3.Validate_ESTest.test096
Validate.java,org.apache.commons.lang3.Validate,org.pitest.mutationtest.engine.gregor.mutators.NonVoidMethodCallMutator,notEmpty,248,SURVIVED,none
Validate.java,org.apache.commons.lang3.Validate,org.pitest.mutationtest.engine.gregor.mutators.NonVoidMethodCallMutator,notEmpty,250,SURVIVED,none
Validate.java,org.apache.commons.lang3.Validate,org.pitest.mutationtest.engine.gregor.mutators.NullReturnValsMutator,notEmpty,252,KILLED,org.apache.commons.lang3.Validate_ESTest.test096
Validate.java,org.apache.commons.lang3.Validate,org.pitest.mutationtest.engine.gregor.mutators.RemoveConditionalMutator_EQUAL_ELSE,notEmpty,249,KILLED,org.apache.commons.lang3.Validate_ESTest.test028
Validate.java,org.apache.commons.lang3.Validate,org.pitest.mutationtest.engine.gregor.mutators.RemoveConditionalMutator_EQUAL_IF,notEmpty,249,KILLED,org.apache.commons.lang3.Validate_ESTest.test096
Validate.java,org.apache.commons.lang3.Validate,org.pitest.mutationtest.engine.gregor.mutators.ReturnValsMutator,notEmpty,252,KILLED,org.apache.commons.lang3.Validate_ESTest.test096
Validate.java,org.apache.commons.lang3.Validate,org.pitest.mutationtest.engine.gregor.mutators.InlineConstantMutator,notNaN,889,SURVIVED,none
Validate.java,org.apache.commons.lang3.Validate,org.pitest.mutationtest.engine.gregor.mutators.VoidMethodCallMutator,notNaN,889,SURVIVED,none
Validate.java,org.apache.commons.lang3.Validate,org.pitest.mutationtest.engine.gregor.mutators.ArgumentPropagationMutator,notNaN,908,NO_COVERAGE,none
Validate.java,org.apache.commons.lang3.Validate,org.pitest.mutationtest.engine.gregor.mutators.ConstructorCallMutator,notNaN,908,NO_COVERAGE,none
Validate.java,org.apache.commons.lang3.Validate,org.pitest.mutationtest.engine.gregor.mutators.NegateConditionalsMutator,notNaN,907,KILLED,org.apache.commons.lang3.Validate_ESTest.test100
Validate.java,org.apache.commons.lang3.Validate,org.pitest.mutationtest.engine.gregor.mutators.NonVoidMethodCallMutator,notNaN,907,SURVIVED,none
Validate.java,org.apache.commons.lang3.Validate,org.pitest.mutationtest.engine.gregor.mutators.NonVoidMethodCallMutator,notNaN,908,NO_COVERAGE,none
Validate.java,org.apache.commons.lang3.Validate,org.pitest.mutationtest.engine.gregor.mutators.RemoveConditionalMutator_EQUAL_ELSE,notNaN,907,SURVIVED,none
Validate.java,org.apache.commons.lang3.Validate,org.pitest.mutationtest.engine.gregor.mutators.RemoveConditionalMutator_EQUAL_IF,notNaN,907,KILLED,org.apache.commons.lang3.Validate_ESTest.test100
Validate.java,org.apache.commons.lang3.Validate,org.pitest.mutationtest.engine.gregor.mutators.ArgumentPropagationMutator,notNull,207,SURVIVED,none
Validate.java,org.apache.commons.lang3.Validate,org.pitest.mutationtest.engine.gregor.mutators.InlineConstantMutator,notNull,207,SURVIVED,none
Validate.java,org.apache.commons.lang3.Validate,org.pitest.mutationtest.engine.gregor.mutators.NonVoidMethodCallMutator,notNull,207,SURVIVED,none
Validate.java,org.apache.commons.lang3.Validate,org.pitest.mutationtest.engine.gregor.mutators.NullReturnValsMutator,notNull,207,SURVIVED,none
Validate.java,org.apache.commons.lang3.Validate,org.pitest.mutationtest.engine.gregor.mutators.ReturnValsMutator,notNull,207,SURVIVED,none
Validate.java,org.apache.commons.lang3.Validate,org.pitest.mutationtest.engine.gregor.mutators.ArgumentPropagationMutator,notNull,225,SURVIVED,none
Validate.java,org.apache.commons.lang3.Validate,org.pitest.mutationtest.engine.gregor.mutators.NonVoidMethodCallMutator,notNull,225,SURVIVED,none
Validate.java,org.apache.commons.lang3.Validate,org.pitest.mutationtest.engine.gregor.mutators.NullReturnValsMutator,notNull,225,SURVIVED,none
Validate.java,org.apache.commons.lang3.Validate,org.pitest.mutationtest.engine.gregor.mutators.ReturnValsMutator,notNull,225,SURVIVED,none
Validate.java,org.apache.commons.lang3.Validate,org.pitest.mutationtest.engine.gregor.mutators.ArgumentPropagationMutator,validIndex,768,KILLED,org.apache.commons.lang3.Validate_ESTest.test103
Validate.java,org.apache.commons.lang3.Validate,org.pitest.mutationtest.engine.gregor.mutators.InlineConstantMutator,validIndex,768,SURVIVED,none
Validate.java,org.apache.commons.lang3.Validate,org.pitest.mutationtest.engine.gregor.mutators.InlineConstantMutator,validIndex,768,SURVIVED,none
Validate.java,org.apache.commons.lang3.Validate,org.pitest.mutationtest.engine.gregor.mutators.NonVoidMethodCallMutator,validIndex,768,SURVIVED,none
Validate.java,org.apache.commons.lang3.Validate,org.pitest.mutationtest.engine.gregor.mutators.NonVoidMethodCallMutator,validIndex,768,KILLED,org.apache.commons.lang3.Validate_ESTest.test103
Validate.java,org.apache.commons.lang3.Validate,org.pitest.mutationtest.engine.gregor.mutators.NullReturnValsMutator,validIndex,768,SURVIVED,none
Validate.java,org.apache.commons.lang3.Validate,org.pitest.mutationtest.engine.gregor.mutators.ReturnValsMutator,validIndex,768,SURVIVED,none
Validate.java,org.apache.commons.lang3.Validate,org.pitest.mutationtest.engine.gregor.mutators.ArgumentPropagationMutator,validIndex,736,SURVIVED,none
Validate.java,org.apache.commons.lang3.Validate,org.pitest.mutationtest.engine.gregor.mutators.ArgumentPropagationMutator,validIndex,738,SURVIVED,none
Validate.java,org.apache.commons.lang3.Validate,org.pitest.mutationtest.engine.gregor.mutators.ConditionalsBoundaryMutator,validIndex,737,SURVIVED,none
Validate.java,org.apache.commons.lang3.Validate,org.pitest.mutationtest.engine.gregor.mutators.ConditionalsBoundaryMutator,validIndex,737,KILLED,org.apache.commons.lang3.Validate_ESTest.test023
Validate.java,org.apache.commons.lang3.Validate,org.pitest.mutationtest.engine.gregor.mutators.ConstructorCallMutator,validIndex,738,KILLED,org.apache.commons.lang3.Validate_ESTest.test075
Validate.java,org.apache.commons.lang3.Validate,org.pitest.mutationtest.engine.gregor.mutators.NegateConditionalsMutator,validIndex,737,KILLED,org.apache.commons.lang3.Validate_ESTest.test075
Validate.java,org.apache.commons.lang3.Validate,org.pitest.mutationtest.engine.gregor.mutators.NegateConditionalsMutator,validIndex,737,KILLED,org.apache.commons.lang3.Validate_ESTest.test074
Validate.java,org.apache.commons.lang3.Validate,org.pitest.mutationtest.engine.gregor.mutators.NonVoidMethodCallMutator,validIndex,736,SURVIVED,none
Validate.java,org.apache.commons.lang3.Validate,org.pitest.mutationtest.engine.gregor.mutators.NonVoidMethodCallMutator,validIndex,737,KILLED,org.apache.commons.lang3.Validate_ESTest.test074
Validate.java,org.apache.commons.lang3.Validate,org.pitest.mutationtest.engine.gregor.mutators.NonVoidMethodCallMutator,validIndex,738,SURVIVED,none
Validate.java,org.apache.commons.lang3.Validate,org.pitest.mutationtest.engine.gregor.mutators.NullReturnValsMutator,validIndex,740,KILLED,org.apache.commons.lang3.Validate_ESTest.test074
Validate.java,org.apache.commons.lang3.Validate,org.pitest.mutationtest.engine.gregor.mutators.RemoveConditionalMutator_ORDER_ELSE,validIndex,737,KILLED,org.apache.commons.lang3.Validate_ESTest.test074
Validate.java,org.apache.commons.lang3.Validate,org.pitest.mutationtest.engine.gregor.mutators.RemoveConditionalMutator_ORDER_ELSE,validIndex,737,KILLED,org.apache.commons.lang3.Validate_ESTest.test103
Validate.java,org.apache.commons.lang3.Validate,org.pitest.mutationtest.engine.gregor.mutators.RemoveConditionalMutator_ORDER_IF,validIndex,737,KILLED,org.apache.commons.lang3.Validate_ESTest.test075
Validate.java,org.apache.commons.lang3.Validate,org.pitest.mutationtest.engine.gregor.mutators.RemoveConditionalMutator_ORDER_IF,validIndex,737,KILLED,org.apache.commons.lang3.Validate_ESTest.test074
Validate.java,org.apache.commons.lang3.Validate,org.pitest.mutationtest.engine.gregor.mutators.ReturnValsMutator,validIndex,740,KILLED,org.apache.commons.lang3.Validate_ESTest.test074
Validate.java,org.apache.commons.lang3.Validate,org.pitest.mutationtest.engine.gregor.mutators.ArgumentPropagationMutator,validIndex,707,KILLED,org.apache.commons.lang3.Validate_ESTest.test099
Validate.java,org.apache.commons.lang3.Validate,org.pitest.mutationtest.engine.gregor.mutators.EmptyObjectReturnValsMutator,validIndex,707,KILLED,org.apache.commons.lang3.Validate_ESTest.test076
Validate.java,org.apache.commons.lang3.Validate,org.pitest.mutationtest.engine.gregor.mutators.InlineConstantMutator,validIndex,707,KILLED,org.apache.commons.lang3.Validate_ESTest.test076
Validate.java,org.apache.commons.lang3.Validate,org.pitest.mutationtest.engine.gregor.mutators.InlineConstantMutator,validIndex,707,KILLED,org.apache.commons.lang3.Validate_ESTest.test076
Validate.java,org.apache.commons.lang3.Validate,org.pitest.mutationtest.engine.gregor.mutators.NonVoidMethodCallMutator,validIndex,707,SURVIVED,none
Validate.java,org.apache.commons.lang3.Validate,org.pitest.mutationtest.engine.gregor.mutators.NonVoidMethodCallMutator,validIndex,707,KILLED,org.apache.commons.lang3.Validate_ESTest.test076
Validate.java,org.apache.commons.lang3.Validate,org.pitest.mutationtest.engine.gregor.mutators.ReturnValsMutator,validIndex,707,KILLED,org.apache.commons.lang3.Validate_ESTest.test076
Validate.java,org.apache.commons.lang3.Validate,org.pitest.mutationtest.engine.gregor.mutators.ArgumentPropagationMutator,validIndex,679,SURVIVED,none
Validate.java,org.apache.commons.lang3.Validate,org.pitest.mutationtest.engine.gregor.mutators.ArgumentPropagationMutator,validIndex,681,SURVIVED,none
Validate.java,org.apache.commons.lang3.Validate,org.pitest.mutationtest.engine.gregor.mutators.ConditionalsBoundaryMutator,validIndex,680,KILLED,org.apache.commons.lang3.Validate_ESTest.test076
Validate.java,org.apache.commons.lang3.Validate,org.pitest.mutationtest.engine.gregor.mutators.ConditionalsBoundaryMutator,validIndex,680,KILLED,org.apache.commons.lang3.Validate_ESTest.test099
Validate.java,org.apache.commons.lang3.Validate,org.pitest.mutationtest.engine.gregor.mutators.ConstructorCallMutator,validIndex,681,KILLED,org.apache.commons.lang3.Validate_ESTest.test099
Validate.java,org.apache.commons.lang3.Validate,org.pitest.mutationtest.engine.gregor.mutators.EmptyObjectReturnValsMutator,validIndex,683,KILLED,org.apache.commons.lang3.Validate_ESTest.test076
Validate.java,org.apache.commons.lang3.Validate,org.pitest.mutationtest.engine.gregor.mutators.NegateConditionalsMutator,validIndex,680,KILLED,org.apache.commons.lang3.Validate_ESTest.test076
Validate.java,org.apache.commons.lang3.Validate,org.pitest.mutationtest.engine.gregor.mutators.NegateConditionalsMutator,validIndex,680,KILLED,org.apache.commons.lang3.Validate_ESTest.test076
Validate.java,org.apache.commons.lang3.Validate,org.pitest.mutationtest.engine.gregor.mutators.NonVoidMethodCallMutator,validIndex,679,SURVIVED,none
Validate.java,org.apache.commons.lang3.Validate,org.pitest.mutationtest.engine.gregor.mutators.NonVoidMethodCallMutator,validIndex,680,KILLED,org.apache.commons.lang3.Validate_ESTest.test076
Validate.java,org.apache.commons.lang3.Validate,org.pitest.mutationtest.engine.gregor.mutators.NonVoidMethodCallMutator,validIndex,681,SURVIVED,none
Validate.java,org.apache.commons.lang3.Validate,org.pitest.mutationtest.engine.gregor.mutators.RemoveConditionalMutator_ORDER_ELSE,validIndex,680,KILLED,org.apache.commons.lang3.Validate_ESTest.test076
Validate.java,org.apache.commons.lang3.Validate,org.pitest.mutationtest.engine.gregor.mutators.RemoveConditionalMutator_ORDER_ELSE,validIndex,680,KILLED,org.apache.commons.lang3.Validate_ESTest.test099
Validate.java,org.apache.commons.lang3.Validate,org.pitest.mutationtest.engine.gregor.mutators.RemoveConditionalMutator_ORDER_IF,validIndex,680,KILLED,org.apache.commons.lang3.Validate_ESTest.test077
Validate.java,org.apache.commons.lang3.Validate,org.pitest.mutationtest.engine.gregor.mutators.RemoveConditionalMutator_ORDER_IF,validIndex,680,KILLED,org.apache.commons.lang3.Validate_ESTest.test076
Validate.java,org.apache.commons.lang3.Validate,org.pitest.mutationtest.engine.gregor.mutators.ReturnValsMutator,validIndex,683,KILLED,org.apache.commons.lang3.Validate_ESTest.test076
Validate.java,org.apache.commons.lang3.Validate,org.pitest.mutationtest.engine.gregor.mutators.ArgumentPropagationMutator,validIndex,651,KILLED,org.apache.commons.lang3.Validate_ESTest.test025
Validate.java,org.apache.commons.lang3.Validate,org.pitest.mutationtest.engine.gregor.mutators.InlineConstantMutator,validIndex,651,KILLED,org.apache.commons.lang3.Validate_ESTest.test025
Validate.java,org.apache.commons.lang3.Validate,org.pitest.mutationtest.engine.gregor.mutators.InlineConstantMutator,validIndex,651,KILLED,org.apache.commons.lang3.Validate_ESTest.test025
Validate.java,org.apache.commons.lang3.Validate,org.pitest.mutationtest.engine.gregor.mutators.NonVoidMethodCallMutator,validIndex,651,SURVIVED,none
Validate.java,org.apache.commons.lang3.Validate,org.pitest.mutationtest.engine.gregor.mutators.NonVoidMethodCallMutator,validIndex,651,KILLED,org.apache.commons.lang3.Validate_ESTest.test025
Validate.java,org.apache.commons.lang3.Validate,org.pitest.mutationtest.engine.gregor.mutators.NullReturnValsMutator,validIndex,651,KILLED,org.apache.commons.lang3.Validate_ESTest.test025
Validate.java,org.apache.commons.lang3.Validate,org.pitest.mutationtest.engine.gregor.mutators.ReturnValsMutator,validIndex,651,KILLED,org.apache.commons.lang3.Validate_ESTest.test025
Validate.java,org.apache.commons.lang3.Validate,org.pitest.mutationtest.engine.gregor.mutators.ArgumentPropagationMutator,validIndex,620,SURVIVED,none
Validate.java,org.apache.commons.lang3.Validate,org.pitest.mutationtest.engine.gregor.mutators.ArgumentPropagationMutator,validIndex,622,SURVIVED,none
Validate.java,org.apache.commons.lang3.Validate,org.pitest.mutationtest.engine.gregor.mutators.ConditionalsBoundaryMutator,validIndex,621,KILLED,org.apache.commons.lang3.Validate_ESTest.test027
Validate.java,org.apache.commons.lang3.Validate,org.pitest.mutationtest.engine.gregor.mutators.ConditionalsBoundaryMutator,validIndex,621,KILLED,org.apache.commons.lang3.Validate_ESTest.test078
Validate.java,org.apache.commons.lang3.Validate,org.pitest.mutationtest.engine.gregor.mutators.ConstructorCallMutator,validIndex,622,KILLED,org.apache.commons.lang3.Validate_ESTest.test078
Validate.java,org.apache.commons.lang3.Validate,org.pitest.mutationtest.engine.gregor.mutators.NegateConditionalsMutator,validIndex,621,KILLED,org.apache.commons.lang3.Validate_ESTest.test025
Validate.java,org.apache.commons.lang3.Validate,org.pitest.mutationtest.engine.gregor.mutators.NegateConditionalsMutator,validIndex,621,KILLED,org.apache.commons.lang3.Validate_ESTest.test078
Validate.java,org.apache.commons.lang3.Validate,org.pitest.mutationtest.engine.gregor.mutators.NonVoidMethodCallMutator,validIndex,620,SURVIVED,none
Validate.java,org.apache.commons.lang3.Validate,org.pitest.mutationtest.engine.gregor.mutators.NonVoidMethodCallMutator,validIndex,622,SURVIVED,none
Validate.java,org.apache.commons.lang3.Validate,org.pitest.mutationtest.engine.gregor.mutators.NullReturnValsMutator,validIndex,624,KILLED,org.apache.commons.lang3.Validate_ESTest.test025
Validate.java,org.apache.commons.lang3.Validate,org.pitest.mutationtest.engine.gregor.mutators.RemoveConditionalMutator_ORDER_ELSE,validIndex,621,KILLED,org.apache.commons.lang3.Validate_ESTest.test025
Validate.java,org.apache.commons.lang3.Validate,org.pitest.mutationtest.engine.gregor.mutators.RemoveConditionalMutator_ORDER_ELSE,validIndex,621,KILLED,org.apache.commons.lang3.Validate_ESTest.test078
Validate.java,org.apache.commons.lang3.Validate,org.pitest.mutationtest.engine.gregor.mutators.RemoveConditionalMutator_ORDER_IF,validIndex,621,KILLED,org.apache.commons.lang3.Validate_ESTest.test095
Validate.java,org.apache.commons.lang3.Validate,org.pitest.mutationtest.engine.gregor.mutators.RemoveConditionalMutator_ORDER_IF,validIndex,621,KILLED,org.apache.commons.lang3.Validate_ESTest.test025
Validate.java,org.apache.commons.lang3.Validate,org.pitest.mutationtest.engine.gregor.mutators.ReturnValsMutator,validIndex,624,KILLED,org.apache.commons.lang3.Validate_ESTest.test025
Validate.java,org.apache.commons.lang3.Validate,org.pitest.mutationtest.engine.gregor.mutators.ConstructorCallMutator,validState,795,KILLED,org.apache.commons.lang3.Validate_ESTest.test072
Validate.java,org.apache.commons.lang3.Validate,org.pitest.mutationtest.engine.gregor.mutators.NegateConditionalsMutator,validState,794,KILLED,org.apache.commons.lang3.Validate_ESTest.test073
Validate.java,org.apache.commons.lang3.Validate,org.pitest.mutationtest.engine.gregor.mutators.RemoveConditionalMutator_EQUAL_ELSE,validState,794,KILLED,org.apache.commons.lang3.Validate_ESTest.test072
Validate.java,org.apache.commons.lang3.Validate,org.pitest.mutationtest.engine.gregor.mutators.RemoveConditionalMutator_EQUAL_IF,validState,794,KILLED,org.apache.commons.lang3.Validate_ESTest.test073
Validate.java,org.apache.commons.lang3.Validate,org.pitest.mutationtest.engine.gregor.mutators.ArgumentPropagationMutator,validState,817,SURVIVED,none
Validate.java,org.apache.commons.lang3.Validate,org.pitest.mutationtest.engine.gregor.mutators.ConstructorCallMutator,validState,817,KILLED,org.apache.commons.lang3.Validate_ESTest.test070
Validate.java,org.apache.commons.lang3.Validate,org.pitest.mutationtest.engine.gregor.mutators.NegateConditionalsMutator,validState,816,KILLED,org.apache.commons.lang3.Validate_ESTest.test070
Validate.java,org.apache.commons.lang3.Validate,org.pitest.mutationtest.engine.gregor.mutators.NonVoidMethodCallMutator,validState,817,SURVIVED,none
Validate.java,org.apache.commons.lang3.Validate,org.pitest.mutationtest.engine.gregor.mutators.RemoveConditionalMutator_EQUAL_ELSE,validState,816,KILLED,org.apache.commons.lang3.Validate_ESTest.test070
Validate.java,org.apache.commons.lang3.Validate,org.pitest.mutationtest.engine.gregor.mutators.RemoveConditionalMutator_EQUAL_IF,validState,816,KILLED,org.apache.commons.lang3.Validate_ESTest.test071
